district,subdistrict,unit_index,form_type,vote_phase,ballot_total,ballot_valid,ballot_invalid,ballot_no_vote,นิติศักดิ์ ธรรมเพชร,พ.ต.อ.พงศ์พสิษฐ์ ทองด้วง,ภพเอกอัคร อินทรโม,วรท เทอดวีระพงศ์,ศุภกร ขุนชิต,สมเสริม ชูรักษ์,อธิคม ขุนแก้ว,vote_sum,vote_mismatch,invalid_ratio,no_vote_ratio,turnout,winner_votes,winner_ratio,winner_margin,vote_entropy,validation_error,has_validation_error,integrity_score,anomaly_iforest,anomaly_dbscan,anomaly_type
ควนขนุน,ควนขนุน(เทศบาล),0,constituency,election_day,256,237,5,14,64,4,37,115,12,3,2,237,0,0.01953125,0.0546875,0.92578125,115,0.48523206751054854,0.270042194092827,1.3098919344136175,,False,81.67931886945264,False,True,UNUSUAL_VOTING_PATTERN
ควนขนุน,ควนขนุน(เทศบาล),1,constituency,election_day,337,322,6,9,76,9,50,163,22,0,2,322,0,0.017804154302670624,0.026706231454005934,0.9554896142433235,163,0.5062111801242236,0.2360248447204969,1.2895129793084177,,False,82.19125748167735,False,False,NORMAL
ควนขนุน,ควนขนุน(เทศบาล),2,constituency,election_day,403,383,4,16,94,4,62,187,34,1,1,383,0,0.009925558312655087,0.03970223325062035,0.9503722084367245,187,0.48825065274151436,0.2454308093994778,1.2832548567506306,,False,81.98379023411898,False,False,NORMAL
ควนขนุน,ควนขนุน(เทศบาล),3,constituency,election_day,206,199,1,6,23,5,41,112,17,0,1,199,0,0.0048543689320388345,0.02912621359223301,0.9660194174757282,112,0.5628140703517588,0.20603015075376885,1.227694207178505,,False,83.91864573573588,False,False,NORMAL
ควนขนุน,ควนขนุน,0,constituency,election_day,384,378,4,2,134,8,23,201,11,1,0,378,0,0.010416666666666666,0.005208333333333333,0.984375,201,0.5317460317460317,0.3544973544973545,1.0740381922281552,,False,81.17192954132918,False,False,NORMAL
ควนขนุน,ควนขนุน,1,constituency,election_day,305,297,5,3,100,1,23,167,6,0,0,297,0,0.01639344262295082,0.009836065573770493,0.9737704918032787,167,0.5622895622895623,0.3367003367003367,0.9863620696473719,,False,80.91263543401304,False,False,NORMAL
ควนขนุน,ควนขนุน,2,constituency,election_day,639,605,15,19,150,2,76,336,35,2,4,605,0,0.023474178403755867,0.0297339593114241,0.94679186228482,336,0.5553719008264463,0.24793388429752067,1.1688064245137282,,False,82.17551234974287,False,False,NORMAL
ควนขนุน,ควนขนุน,3,constituency,election_day,707,675,17,15,226,5,78,310,56,0,0,675,0,0.024045261669024046,0.021216407355021217,0.9547383309759547,310,0.45925925925925926,0.3348148148148148,1.215944545458561,,False,79.7349601489122,False,False,NORMAL
ควนขนุน,ควนขนุน,4,constituency,election_day,381,371,5,5,166,6,38,144,16,0,1,371,0,0.013123359580052493,0.013123359580052493,0.973753280839895,166,0.4474393530997305,0.3881401617250674,1.1787806591758545,,False,79.55481920574783,False,False,NORMAL
ควนขนุน,ควนขนุน,5,constituency,election_day,623,598,12,13,240,6,51,270,27,1,3,598,0,0.019261637239165328,0.02086677367576244,0.9598715890850722,270,0.451505016722408,0.4013377926421405,1.1586670565422241,,False,79.1687392051362,False,False,NORMAL
ควนขนุน,ควนขนุน,6,constituency,election_day,374,360,9,5,35,2,37,252,33,0,1,360,0,0.02406417112299465,0.013368983957219251,0.9625668449197861,252,0.7,0.10277777777777777,0.9743586952770101,,False,84.54037839662037,False,False,NORMAL
ควนขนุน,ควนขนุน,7,constituency,election_day,208,203,5,0,63,1,5,128,6,0,0,203,0,0.02403846153846154,0.0,0.9759615384615384,128,0.6305418719211823,0.3103448275862069,0.8753975606339461,,False,81.46830868705186,False,True,UNUSUAL_VOTING_PATTERN
ควนขนุน,ควนขนุน,8,constituency,election_day,80,77,0,3,8,0,9,47,11,2,0,77,0,0.0,0.0375,0.9625,47,0.6103896103896104,0.14285714285714285,1.1602907003355063,,False,84.91459531504337,False,True,UNUSUAL_VOTING_PATTERN
ควนขนุน,ชะมวง,0,constituency,election_day,573,552,10,11,122,5,46,340,38,1,0,552,0,0.017452006980802792,0.019197207678883072,0.9633507853403142,340,0.6159420289855072,0.2210144927536232,1.0774519436914496,,False,83.38017995743957,False,False,NORMAL
ควนขนุน,ชะมวง,1,constituency,election_day,194,182,5,7,56,2,19,96,9,0,0,182,0,0.02577319587628866,0.03608247422680412,0.9381443298969072,96,0.5274725274725275,0.3076923076923077,1.1342112028266684,,False,80.87762805862808,False,False,NORMAL
ควนขนุน,ชะมวง,2,constituency,election_day,545,525,14,6,115,0,62,320,25,1,2,525,0,0.025688073394495414,0.011009174311926606,0.963302752293578,320,0.6095238095238096,0.21904761904761905,1.0647879036935932,,False,82.64918965292546,False,False,NORMAL
ควนขนุน,ชะมวง,3,constituency,election_day,185,181,2,2,47,1,5,122,6,0,0,181,0,0.010810810810810811,0.010810810810810811,0.9783783783783784,122,0.6740331491712708,0.2596685082872928,0.8568105560159601,,False,83.24855949475719,False,False,NORMAL
ควนขนุน,ชะมวง,4,constituency,election_day,511,501,3,7,109,7,25,348,11,1,0,501,0,0.005870841487279843,0.0136986301369863,0.9804305283757339,348,0.6946107784431138,0.21756487025948104,0.8904713709526125,,False,84.44949498845554,False,False,NORMAL
ควนขนุน,ชะมวง,5,constituency,election_day,326,315,6,5,43,1,10,248,12,0,1,315,0,0.018404907975460124,0.015337423312883436,0.9662576687116564,248,0.7873015873015873,0.1365079365079365,0.7306467129816148,,False,85.00526935009076,False,True,UNUSUAL_VOTING_PATTERN
ควนขนุน,ชะมวง,6,constituency,election_day,394,387,4,3,50,5,5,315,12,0,0,387,0,0.01015228426395939,0.007614213197969543,0.9822335025380711,315,0.813953488372093,0.12919896640826872,0.6520298807353873,,False,85.4312892453187,False,True,UNUSUAL_VOTING_PATTERN
ควนขนุน,ชะมวง,7,constituency,election_day,360,347,8,5,30,3,23,248,41,2,0,347,0,0.022222222222222223,0.013888888888888888,0.9638888888888889,248,0.7146974063400576,0.11815561959654179,0.9547391732923745,,False,84.87720281201436,False,False,NORMAL
ควนขนุน,ชะมวง,8,constituency,election_day,328,315,6,7,49,1,36,197,28,0,4,315,0,0.018292682926829267,0.021341463414634148,0.9603658536585366,197,0.6253968253968254,0.15555555555555556,1.1197348084360161,,False,84.04461869992345,False,False,NORMAL
ควนขนุน,ชะมวง,9,constituency,election_day,196,191,1,4,44,0,18,116,10,1,2,191,0,0.00510204081632653,0.02040816326530612,0.9744897959183674,116,0.6073298429319371,0.23036649214659685,1.093322411606701,,False,83.8980173632088,False,False,NORMAL
ควนขนุน,ชะมวง,10,constituency,election_day,486,476,9,1,161,1,24,266,21,1,2,476,0,0.018518518518518517,0.00205761316872428,0.9794238683127572,266,0.5588235294117647,0.3382352941176471,1.0290508758446097,,False,81.12928871487311,False,False,NORMAL
ควนขนุน,ชะมวง,11,constituency,election_day,296,285,5,6,83,1,13,174,14,0,0,285,0,0.016891891891891893,0.02027027027027027,0.9628378378378378,174,0.6105263157894737,0.2912280701754386,0.9692241339632874,,False,82.16343621872248,False,False,NORMAL
ควนขนุน,ชะมวง,12,constituency,election_day,462,448,9,5,93,1,44,285,23,0,2,448,0,0.01948051948051948,0.010822510822510822,0.9696969696969697,285,0.6361607142857143,0.20758928571428573,1.0322526584244849,,False,83.43332203879031,False,False,NORMAL
ควนขนุน,ชะมวง,13,constituency,election_day,588,572,9,7,166,2,73,291,37,1,2,572,0,0.015306122448979591,0.011904761904761904,0.9727891156462585,291,0.5087412587412588,0.2902097902097902,1.1933572810437976,,False,81.43050445022676,False,False,NORMAL
ควนขนุน,ชะมวง,14,constituency,election_day,366,349,10,7,84,0,33,218,12,2,0,349,0,0.0273224043715847,0.01912568306010929,0.953551912568306,218,0.6246418338108882,0.24068767908309455,1.0052196006470269,,False,82.42533080221767,False,False,NORMAL
กงหรา2,ชะรัด,0,constituency,election_day,593,565,14,14,209,1,42,278,31,2,2,565,0,0.023608768971332208,0.023608768971332208,0.9527824620573356,278,0.4920353982300885,0.36991150442477877,1.1204808669854787,,False,79.78543216819084,False,False,NORMAL
กงหรา2,ชะรัด,1,constituency,election_day,419,393,17,9,118,4,27,215,27,2,0,393,0,0.0405727923627685,0.021479713603818614,0.9379474940334129,215,0.5470737913486005,0.30025445292620867,1.1327545821940403,,False,80.71111994425999,False,False,NORMAL
กงหรา2,ชะรัด,2,constituency,election_day,655,619,26,10,232,3,70,273,39,2,0,619,0,0.03969465648854962,0.015267175572519083,0.9450381679389313,273,0.4410339256865913,0.37479806138933763,1.1938814012857153,,False,78.1850989590274,False,False,NORMAL
กงหรา2,ชะรัด,3,constituency,election_day,331,313,4,14,190,2,18,79,21,1,2,313,0,0.012084592145015106,0.04229607250755287,0.945619335347432,190,0.6070287539936102,0.2523961661341853,1.078934156025685,,False,83.3959745728144,False,False,NORMAL
กงหรา2,ชะรัด,4,constituency,election_day,399,383,12,4,204,2,33,92,50,1,1,383,0,0.03007518796992481,0.010025062656641603,0.9598997493734336,204,0.5326370757180157,0.2402088772845953,1.2136401466875222,,False,81.61175433991946,False,False,NORMAL
กงหรา2,ชะรัด,5,constituency,election_day,429,411,14,4,201,6,18,137,49,0,0,411,0,0.03263403263403263,0.009324009324009324,0.958041958041958,201,0.48905109489051096,0.3333333333333333,1.168281490704469,,False,79.72264612205838,False,False,NORMAL
กงหรา2,ชะรัด,6,constituency,election_day,277,264,7,6,73,1,30,142,16,1,1,264,0,0.02527075812274368,0.021660649819494584,0.9530685920577617,142,0.5378787878787878,0.2765151515151515,1.1694024204300963,,False,81.56684993452741,False,False,NORMAL
กงหรา2,ชะรัด,7,constituency,election_day,617,590,14,13,211,3,69,277,26,3,1,590,0,0.022690437601296597,0.02106969205834684,0.9562398703403565,277,0.4694915254237288,0.3576271186440678,1.1757997368229915,,False,79.70822125087696,False,False,NORMAL
กงหรา2,ชะรัด,8,constituency,election_day,383,341,15,27,139,1,41,123,35,1,1,341,0,0.0391644908616188,0.07049608355091384,0.8903394255874674,139,0.40762463343108507,0.36070381231671556,1.2732778095701656,,False,78.00329255555327,True,True,UNUSUAL_VOTING_PATTERN
กงหรา2,ชะรัด,9,constituency,election_day,517,490,18,9,208,2,36,213,26,4,1,490,0,0.03481624758220503,0.017408123791102514,0.9477756286266924,213,0.4346938775510204,0.42448979591836733,1.147850658690984,,False,77.77851053433021,False,False,NORMAL
ศรีนครินทร์,ชุมพล,0,constituency,election_day,645,610,13,22,343,2,51,170,42,1,1,610,0,0.020155038759689922,0.034108527131782945,0.9457364341085271,343,0.5622950819672131,0.2786885245901639,1.1112969775861523,,False,81.97407029689343,False,False,NORMAL
ศรีนครินทร์,ชุมพล,1,constituency,election_day,345,332,8,5,190,3,48,66,24,1,0,332,0,0.02318840579710145,0.014492753623188406,0.9623188405797102,190,0.572289156626506,0.19879518072289157,1.170079047246789,,False,82.710044881408,False,False,NORMAL
ศรีนครินทร์,ชุมพล,2,constituency,election_day,363,342,11,10,206,1,15,88,32,0,0,342,0,0.030303030303030304,0.027548209366391185,0.9421487603305785,206,0.6023391812865497,0.2573099415204678,1.0305053743114627,,False,81.8600776665596,False,False,NORMAL
ศรีนครินทร์,ชุมพล,3,constituency,election_day,418,371,17,30,113,8,18,185,32,8,7,371,0,0.04066985645933014,0.07177033492822966,0.8875598086124402,185,0.49865229110512127,0.3045822102425876,1.3076216583128828,,False,81.00229249331595,False,True,UNUSUAL_VOTING_PATTERN
ศรีนครินทร์,ชุมพล,4,constituency,election_day,402,387,15,0,178,0,54,134,18,2,1,387,0,0.03731343283582089,0.0,0.9626865671641791,178,0.4599483204134367,0.3462532299741602,1.1845587189075095,,False,78.77836515968716,False,False,NORMAL
ศรีนครินทร์,ชุมพล,5,constituency,election_day,493,461,11,21,212,0,61,146,35,1,6,461,0,0.02231237322515213,0.04259634888438134,0.9350912778904665,212,0.4598698481561822,0.31670281995661603,1.2545392480981497,,False,80.22586926440935,False,False,NORMAL
ศรีนครินทร์,ชุมพล,6,constituency,election_day,274,255,6,13,130,0,26,80,18,0,1,255,0,0.021897810218978103,0.04744525547445255,0.9306569343065694,130,0.5098039215686274,0.3137254901960784,1.1487976148095065,,False,80.687203284205,False,True,UNUSUAL_VOTING_PATTERN
ศรีนครินทร์,ชุมพล,7,constituency,election_day,637,609,10,18,229,1,65,246,66,0,2,609,0,0.015698587127158554,0.0282574568288854,0.9560439560439561,246,0.4039408866995074,0.3760262725779967,1.2428977747942893,,False,78.7622749925702,False,False,NORMAL
ศรีนครินทร์,ชุมพล,8,constituency,election_day,290,277,8,5,132,1,33,100,10,0,1,277,0,0.027586206896551724,0.017241379310344827,0.9551724137931035,132,0.47653429602888087,0.36101083032490977,1.1350013527552834,,False,79.26673206359168,False,False,NORMAL
ศรีนครินทร์,ชุมพล,9,constituency,election_day,349,340,7,2,207,0,9,112,11,1,0,340,0,0.02005730659025788,0.0057306590257879654,0.9742120343839542,207,0.6088235294117647,0.32941176470588235,0.8921911038229066,,False,81.18375159106911,False,False,NORMAL
ศรีนครินทร์,ชุมพล,10,constituency,election_day,547,519,12,16,228,3,43,210,30,3,2,519,0,0.021937842778793418,0.029250457038391225,0.9488117001828154,228,0.4393063583815029,0.4046242774566474,1.179593896647051,,False,78.87823757897594,False,False,NORMAL
ศรีนครินทร์,ชุมพล,11,constituency,election_day,244,233,5,6,151,1,19,48,13,0,1,233,0,0.020491803278688523,0.02459016393442623,0.9549180327868853,151,0.648068669527897,0.20600858369098712,1.0187827130858145,,False,83.60529705276063,False,False,NORMAL
ศรีนครินทร์,ชุมพล,12,constituency,election_day,254,245,1,8,159,0,44,30,11,0,1,245,0,0.003937007874015748,0.031496062992125984,0.9645669291338582,159,0.6489795918367347,0.17959183673469387,1.0078995055607478,,False,84.35153241700873,False,False,NORMAL
ศรีนครินทร์,ชุมพล,13,constituency,election_day,275,260,9,6,135,0,17,96,10,0,2,260,0,0.03272727272727273,0.02181818181818182,0.9454545454545454,135,0.5192307692307693,0.36923076923076925,1.049272804437968,,False,79.43328748493911,False,False,NORMAL
ศรีนครินทร์,ชุมพล,14,constituency,election_day,247,239,2,6,126,1,20,82,10,0,0,239,0,0.008097165991902834,0.024291497975708502,0.9676113360323887,126,0.5271966527196653,0.34309623430962344,1.0678317688869792,,False,81.08935897086461,False,False,NORMAL
ควนขนุน,ดอนทราย,0,constituency,election_day,206,205,1,0,26,0,2,172,4,0,1,205,0,0.0048543689320388345,0.0,0.9951456310679612,172,0.8390243902439024,0.12682926829268293,0.5571025019158279,,False,85.49903827987342,True,True,UNUSUAL_VOTING_PATTERN
ควนขนุน,ดอนทราย,1,constituency,election_day,372,365,2,5,81,2,39,207,30,0,6,365,0,0.005376344086021506,0.013440860215053764,0.9811827956989247,207,0.5671232876712329,0.2219178082191781,1.1961306391989186,,False,83.7061878178251,False,False,NORMAL
ควนขนุน,ดอนทราย,2,constituency,election_day,301,290,7,4,53,0,22,208,7,0,0,290,0,0.023255813953488372,0.013289036544850499,0.9634551495016611,208,0.7172413793103448,0.18275862068965518,0.8345095499693431,,False,83.69954618132935,False,False,NORMAL
ควนขนุน,ดอนทราย,3,constituency,election_day,255,250,1,4,30,1,9,204,6,0,0,250,0,0.00392156862745098,0.01568627450980392,0.9803921568627451,204,0.816,0.12,0.6516290000417237,,False,85.80021156904469,True,True,UNUSUAL_VOTING_PATTERN
ควนขนุน,ดอนทราย,4,constituency,election_day,475,452,14,9,76,2,49,306,19,0,0,452,0,0.029473684210526315,0.018947368421052633,0.9515789473684211,306,0.6769911504424779,0.168141592920354,0.961950748655562,,False,83.45555778930364,False,False,NORMAL
ควนขนุน,ดอนทราย,5,constituency,election_day,284,272,5,7,29,0,12,215,13,1,2,272,0,0.017605633802816902,0.02464788732394366,0.9577464788732394,215,0.7904411764705882,0.10661764705882353,0.7643010642577791,,False,85.4759642465546,False,True,UNUSUAL_VOTING_PATTERN
ควนขนุน,ดอนทราย,6,constituency,election_day,528,519,5,4,44,2,22,434,17,0,0,519,0,0.00946969696969697,0.007575757575757576,0.9829545454545454,434,0.8362235067437379,0.08477842003853564,0.6261629785983284,,False,85.87485013981058,False,True,UNUSUAL_VOTING_PATTERN
ควนขนุน,ดอนทราย,7,constituency,election_day,262,251,6,5,39,7,10,187,8,0,0,251,0,0.022900763358778626,0.019083969465648856,0.9580152671755725,187,0.7450199203187251,0.1553784860557769,0.8466522574087685,,False,84.67208201571052,False,False,NORMAL
ควนขนุน,ดอนทราย,8,constituency,election_day,586,566,7,13,106,2,56,370,28,1,3,566,0,0.011945392491467578,0.02218430034129693,0.9658703071672355,370,0.6537102473498233,0.1872791519434629,1.028127272165612,,False,84.29531051757743,False,False,NORMAL
ควนขนุน,ดอนทราย,9,constituency,election_day,379,369,3,7,58,2,22,276,11,0,0,369,0,0.0079155672823219,0.018469656992084433,0.9736147757255936,276,0.7479674796747967,0.15718157181571815,0.8091640919261104,,False,85.13488694538891,False,False,NORMAL
ควนขนุน,ดอนทราย,10,constituency,election_day,264,257,5,2,57,5,11,175,7,0,2,257,0,0.01893939393939394,0.007575757575757576,0.9734848484848485,175,0.6809338521400778,0.22178988326848248,0.9431493447684217,,False,83.91253931491686,False,False,NORMAL
ศรีบรรพต,ตะแพน,0,constituency,election_day,340,335,2,3,136,3,31,143,21,0,1,335,0,0.0058823529411764705,0.008823529411764706,0.9852941176470589,143,0.42686567164179107,0.4059701492537313,1.1828103527364446,,False,79.33995602955936,False,True,UNUSUAL_VOTING_PATTERN
ศรีบรรพต,ตะแพน,1,constituency,election_day,603,583,16,4,147,3,47,344,42,0,0,583,0,0.026533996683250415,0.006633499170812604,0.966832504145937,344,0.5900514579759862,0.2521440823327616,1.0782914377702522,,False,82.15775828281959,False,False,NORMAL
ศรีบรรพต,ตะแพน,2,constituency,election_day,335,326,2,7,145,0,27,136,16,2,0,326,0,0.005970149253731343,0.020895522388059702,0.9731343283582089,145,0.4447852760736196,0.4171779141104294,1.1105698720407253,,False,79.15074953992927,False,False,NORMAL
ศรีบรรพต,ตะแพน,3,constituency,election_day,144,142,2,0,62,0,3,72,5,0,0,142,0,0.013888888888888888,0.0,0.9861111111111112,72,0.5070422535211268,0.43661971830985913,0.9055079066292046,,False,78.57190222748142,False,True,UNUSUAL_VOTING_PATTERN
ศรีบรรพต,ตะแพน,4,constituency,election_day,549,531,10,8,199,3,56,235,33,1,4,531,0,0.018214936247723135,0.014571948998178506,0.9672131147540983,235,0.4425612052730697,0.3747645951035782,1.2163520058345687,,False,79.52960940415161,False,False,NORMAL
ศรีบรรพต,ตะแพน,5,constituency,election_day,376,369,4,3,128,2,56,147,35,1,0,369,0,0.010638297872340425,0.007978723404255319,0.9813829787234043,147,0.3983739837398374,0.34688346883468835,1.2877705262982762,,False,79.29700988156085,False,True,UNUSUAL_VOTING_PATTERN
ศรีบรรพต,ตะแพน,6,constituency,election_day,614,602,4,8,238,2,98,230,31,2,1,602,0,0.006514657980456026,0.013029315960912053,0.9804560260586319,238,0.3953488372093023,0.38205980066445183,1.2313011819012263,,False,78.84774403626854,False,True,UNUSUAL_VOTING_PATTERN
ศรีบรรพต,ตะแพน,7,constituency,election_day,343,335,5,3,121,3,9,190,10,1,1,335,0,0.014577259475218658,0.008746355685131196,0.9766763848396501,190,0.5671641791044776,0.3611940298507463,0.9683933943186872,,False,80.96999634256026,False,False,NORMAL
ศรีบรรพต,ตะแพน,8,constituency,election_day,339,324,6,9,109,5,33,155,21,0,1,324,0,0.017699115044247787,0.02654867256637168,0.9557522123893806,155,0.4783950617283951,0.33641975308641975,1.2114388105070595,,False,80.58128420471004,False,False,NORMAL
ควนขนุน,ทะเลน้อย,0,constituency,election_day,614,584,21,9,239,6,36,280,18,3,2,584,0,0.03420195439739414,0.014657980456026058,0.9511400651465798,280,0.4794520547945205,0.4092465753424658,1.0906510798211124,,False,78.57997472217704,False,False,NORMAL
ควนขนุน,ทะเลน้อย,1,constituency,election_day,330,319,3,8,95,3,18,184,19,0,0,319,0,0.00909090909090909,0.024242424242424242,0.9666666666666667,184,0.5768025078369906,0.29780564263322884,1.0522338776768363,,False,82.37186855733263,False,False,NORMAL
ควนขนุน,ทะเลน้อย,2,constituency,election_day,341,329,6,6,123,6,13,164,22,1,0,329,0,0.017595307917888565,0.017595307917888565,0.9648093841642229,164,0.49848024316109424,0.3738601823708207,1.1140680720895628,,False,80.21532261983404,False,False,NORMAL
ควนขนุน,ทะเลน้อย,3,constituency,election_day,377,363,13,1,69,2,20,263,8,0,1,363,0,0.034482758620689655,0.002652519893899204,0.9628647214854111,263,0.7245179063360881,0.19008264462809918,0.8377462678090959,,False,83.38886193713913,False,True,UNUSUAL_VOTING_PATTERN
ควนขนุน,ทะเลน้อย,4,constituency,election_day,508,491,12,5,211,11,26,222,19,0,2,491,0,0.023622047244094488,0.00984251968503937,0.9665354330708661,222,0.45213849287169044,0.42973523421588594,1.1107935354527085,,False,78.49098777847308,False,False,NORMAL
ควนขนุน,ทะเลน้อย,5,constituency,election_day,296,278,6,12,91,10,20,150,6,0,1,278,0,0.02027027027027027,0.04054054054054054,0.9391891891891891,150,0.539568345323741,0.3273381294964029,1.1104464227123254,,False,81.27800107332197,False,False,NORMAL
ควนขนุน,ทะเลน้อย,6,constituency,election_day,337,327,6,4,77,2,33,205,10,0,0,327,0,0.017804154302670624,0.011869436201780416,0.9703264094955489,205,0.6269113149847095,0.23547400611620795,1.002538275910819,,False,82.94251449351594,False,False,NORMAL
ควนขนุน,ทะเลน้อย,7,constituency,election_day,456,433,10,13,107,5,28,269,20,2,2,433,0,0.021929824561403508,0.02850877192982456,0.9495614035087719,269,0.6212471131639723,0.2471131639722864,1.0614855352270263,,False,83.15577751911925,False,False,NORMAL
ควนขนุน,ทะเลน้อย,8,constituency,election_day,408,393,5,10,121,15,26,213,18,0,0,393,0,0.012254901960784314,0.024509803921568627,0.9632352941176471,213,0.5419847328244275,0.30788804071246817,1.1402120446283552,,False,82.04891733297715,False,False,NORMAL
ควนขนุน,ทะเลน้อย,9,constituency,election_day,387,374,12,1,98,4,21,236,14,0,1,374,0,0.031007751937984496,0.002583979328165375,0.9664082687338501,236,0.6310160427807486,0.2620320855614973,0.9905176359411749,,False,82.28527004593498,False,True,UNUSUAL_VOTING_PATTERN
ควนขนุน,นาขยาด,0,constituency,election_day,681,653,13,15,178,0,95,312,60,4,4,653,0,0.01908957415565345,0.022026431718061675,0.9588839941262849,312,0.4777947932618683,0.2725880551301684,1.2694120392440336,,False,81.07348548251372,False,False,NORMAL
ควนขนุน,นาขยาด,1,constituency,election_day,656,625,9,22,130,1,64,374,49,6,1,625,0,0.013719512195121951,0.03353658536585366,0.9527439024390244,374,0.5984,0.208,1.132040577856081,,False,83.58643016880471,False,False,NORMAL
ควนขนุน,นาขยาด,2,constituency,election_day,326,316,3,7,49,1,36,207,20,2,1,316,0,0.009202453987730062,0.02147239263803681,0.9693251533742331,207,0.6550632911392406,0.1550632911392405,1.056756110289354,,False,84.75933713768424,False,False,NORMAL
ควนขนุน,นาขยาด,3,constituency,election_day,380,357,9,14,62,3,53,216,23,0,0,357,0,0.02368421052631579,0.03684210526315789,0.9394736842105263,216,0.6050420168067226,0.17366946778711484,1.1080434989552117,,False,83.04748496743801,False,False,NORMAL
ควนขนุน,นาขยาด,4,constituency,election_day,471,434,14,23,115,11,60,212,34,1,1,434,0,0.029723991507430998,0.04883227176220807,0.921443736730361,212,0.48847926267281105,0.26497695852534564,1.2960923046036446,,False,81.12910135084923,False,True,UNUSUAL_VOTING_PATTERN
ควนขนุน,นาขยาด,5,constituency,election_day,628,591,18,19,168,5,100,278,33,4,3,591,0,0.028662420382165606,0.030254777070063694,0.9410828025477707,278,0.4703891708967851,0.28426395939086296,1.2750569746262725,,False,80.42912385405799,False,False,NORMAL
ควนขนุน,นาขยาด,6,constituency,election_day,387,371,9,7,201,2,28,119,21,0,0,371,0,0.023255813953488372,0.01808785529715762,0.958656330749354,201,0.5417789757412399,0.32075471698113206,1.0825013189593324,,False,80.91559176415609,False,False,NORMAL
ควนขนุน,นาขยาด,7,constituency,election_day,393,376,5,12,58,9,65,209,35,0,0,376,0,0.01272264631043257,0.030534351145038167,0.9567430025445293,209,0.5558510638297872,0.17287234042553193,1.2285228374219737,,False,83.32462797359172,False,False,NORMAL
ควนขนุน,นาขยาด,8,constituency,election_day,416,399,4,13,114,1,48,210,18,3,5,399,0,0.009615384615384616,0.03125,0.9591346153846154,210,0.5263157894736842,0.2857142857142857,1.1969649909381788,,False,82.27835436282308,False,False,NORMAL
ควนขนุน,นาขยาด,9,constituency,election_day,366,345,14,7,92,8,47,167,26,2,3,345,0,0.03825136612021858,0.01912568306010929,0.9426229508196722,167,0.48405797101449277,0.26666666666666666,1.3284875213590916,,False,80.89404603801478,False,True,UNUSUAL_VOTING_PATTERN
ควนขนุน,นาขยาด,10,constituency,election_day,404,379,10,15,97,15,60,185,22,0,0,379,0,0.024752475247524754,0.03712871287128713,0.9381188118811881,185,0.48812664907651715,0.2559366754617414,1.2837178537015714,,False,81.243354246935,False,False,NORMAL
ควนขนุน,นาขยาด,11,constituency,election_day,456,443,5,8,129,4,22,248,38,0,2,443,0,0.010964912280701754,0.017543859649122806,0.9714912280701754,248,0.5598194130925508,0.291196388261851,1.1107056352397926,,False,82.35339313113937,False,False,NORMAL
ศรีนครินทร์,บ้านนา,0,constituency,election_day,619,582,23,14,189,4,90,250,46,2,1,582,0,0.03715670436187399,0.022617124394184167,0.9402261712439418,250,0.42955326460481097,0.3247422680412371,1.2821280667006174,,False,78.85004338705681,False,True,UNUSUAL_VOTING_PATTERN
ศรีนครินทร์,บ้านนา,1,constituency,election_day,185,182,2,1,58,0,10,102,9,3,0,182,0,0.010810810810810811,0.005405405405405406,0.9837837837837838,102,0.5604395604395604,0.31868131868131866,1.0647229976882049,,False,81.91987624952831,False,False,NORMAL
ศรีนครินทร์,บ้านนา,2,constituency,election_day,501,482,12,7,152,1,68,225,33,0,3,482,0,0.023952095808383235,0.013972055888223553,0.9620758483033932,225,0.46680497925311204,0.3153526970954357,1.2238786723426631,,False,80.04533131060083,False,False,NORMAL
ศรีนครินทร์,บ้านนา,3,constituency,election_day,439,422,14,3,135,1,79,194,12,1,0,422,0,0.03189066059225513,0.00683371298405467,0.9612756264236902,194,0.4597156398104265,0.31990521327014215,1.1654274926568893,,False,78.85121109126892,False,False,NORMAL
ศรีนครินทร์,บ้านนา,4,constituency,election_day,314,298,6,10,118,0,31,124,23,2,0,298,0,0.01910828025477707,0.03184713375796178,0.9490445859872612,124,0.4161073825503356,0.3959731543624161,1.1983956140936551,,False,78.51176360470777,False,False,NORMAL
ศรีนครินทร์,บ้านนา,5,constituency,election_day,433,418,6,9,107,1,42,247,19,0,2,418,0,0.013856812933025405,0.020785219399538105,0.9653579676674365,247,0.5909090909090909,0.25598086124401914,1.071069073970237,,False,82.74512282032383,False,False,NORMAL
ศรีนครินทร์,บ้านนา,6,constituency,election_day,406,395,6,5,158,2,53,161,17,1,3,395,0,0.014778325123152709,0.012315270935960592,0.9729064039408867,161,0.40759493670886077,0.4,1.216181080748419,,False,78.65074265259237,False,False,NORMAL
ศรีนครินทร์,บ้านนา,7,constituency,election_day,591,576,8,7,143,1,113,273,42,0,4,576,0,0.01353637901861252,0.011844331641285956,0.9746192893401016,273,0.4739583333333333,0.2482638888888889,1.2557696214670857,,False,81.09962726374023,False,False,NORMAL
ศรีนครินทร์,บ้านนา,8,constituency,election_day,329,317,5,7,140,0,25,117,35,0,0,317,0,0.015197568389057751,0.02127659574468085,0.9635258358662614,140,0.4416403785488959,0.36908517350157727,1.1724242704746086,,False,79.21357564176007,False,False,NORMAL
ศรีนครินทร์,บ้านนา,9,constituency,election_day,341,336,3,2,137,1,80,94,23,0,1,336,0,0.008797653958944282,0.005865102639296188,0.9853372434017595,137,0.40773809523809523,0.27976190476190477,1.2820349810096434,,False,79.61260996929208,False,True,UNUSUAL_VOTING_PATTERN
ศรีนครินทร์,บ้านนา,10,constituency,election_day,427,413,10,4,108,0,42,233,28,0,2,413,0,0.0234192037470726,0.00936768149882904,0.9672131147540983,233,0.5641646489104116,0.26150121065375304,1.1144105980717702,,False,81.89808526067641,False,False,NORMAL
ศรีนครินทร์,บ้านนา,11,constituency,election_day,387,362,14,11,202,2,38,100,18,1,1,362,0,0.03617571059431524,0.028423772609819122,0.9354005167958657,202,0.5580110497237569,0.27624309392265195,1.1280299685085504,,False,81.21184564708246,False,False,NORMAL
ป่าพะยอม,บ้านพร้าว,0,constituency,election_day,438,416,0,22,116,3,76,153,64,0,4,416,0,0.0,0.0502283105022831,0.9497716894977168,153,0.36778846153846156,0.27884615384615385,1.4027556156818215,,False,80.06121000297206,True,True,UNUSUAL_VOTING_PATTERN
ป่าพะยอม,บ้านพร้าว,1,constituency,election_day,392,366,3,23,104,4,62,161,34,0,1,366,0,0.007653061224489796,0.058673469387755105,0.9336734693877551,161,0.43989071038251365,0.28415300546448086,1.3057849027354327,,False,80.87191727760525,False,True,UNUSUAL_VOTING_PATTERN
ป่าพะยอม,บ้านพร้าว,2,constituency,election_day,506,479,11,16,117,7,54,269,30,1,1,479,0,0.021739130434782608,0.03162055335968379,0.9466403162055336,269,0.5615866388308977,0.24425887265135698,1.1754288941851743,,False,82.51493158503955,False,False,NORMAL
ป่าพะยอม,บ้านพร้าว,3,constituency,election_day,677,648,13,16,134,5,61,408,38,2,0,648,0,0.019202363367799114,0.023633677991137372,0.9571639586410635,408,0.6296296296296297,0.20679012345679013,1.0613403754481907,,False,83.54217447498084,False,False,NORMAL
ป่าพะยอม,บ้านพร้าว,4,constituency,election_day,318,297,8,13,118,8,53,87,27,2,2,297,0,0.025157232704402517,0.040880503144654086,0.9339622641509434,118,0.39730639730639733,0.29292929292929293,1.4166412905017849,,False,79.82774318898964,False,True,UNUSUAL_VOTING_PATTERN
ป่าพะยอม,บ้านพร้าว,5,constituency,election_day,243,225,7,11,40,3,38,132,10,1,1,225,0,0.02880658436213992,0.04526748971193416,0.9259259259259259,132,0.5866666666666667,0.17777777777777778,1.1643893115969972,,False,82.80356389786297,False,True,UNUSUAL_VOTING_PATTERN
ป่าพะยอม,บ้านพร้าว,6,constituency,election_day,628,613,5,10,164,2,47,363,33,2,2,613,0,0.007961783439490446,0.01592356687898089,0.9761146496815286,363,0.5921696574225123,0.26753670473083196,1.0732639617363604,,False,83.09964016806445,False,False,NORMAL
ป่าพะยอม,บ้านพร้าว,7,constituency,election_day,373,356,13,4,73,0,31,232,18,0,2,356,0,0.03485254691689008,0.010723860589812333,0.9544235924932976,232,0.651685393258427,0.2050561797752809,0.9965228641309537,,False,82.77316309321783,False,True,UNUSUAL_VOTING_PATTERN
ป่าพะยอม,บ้านพร้าว,8,constituency,election_day,687,657,21,9,122,8,59,437,24,4,3,657,0,0.03056768558951965,0.013100436681222707,0.9563318777292577,437,0.665144596651446,0.1856925418569254,1.0305364902106815,,False,83.7313185221742,False,False,NORMAL
ป่าพะยอม,บ้านพร้าว,9,constituency,election_day,636,605,14,17,138,5,66,341,51,2,2,605,0,0.0220125786163522,0.026729559748427674,0.9512578616352201,341,0.5636363636363636,0.228099173553719,1.1878845967619884,,False,82.68730794589318,False,False,NORMAL
ป่าพะยอม,บ้านพร้าว,10,constituency,election_day,443,419,12,12,98,4,65,227,22,2,1,419,0,0.02708803611738149,0.02708803611738149,0.945823927765237,227,0.5417661097852029,0.23389021479713604,1.200018776404493,,False,81.89876925173193,False,False,NORMAL
ควนขนุน,ปันแต,0,constituency,election_day,227,219,6,2,124,2,21,63,8,0,1,219,0,0.02643171806167401,0.00881057268722467,0.9647577092511013,124,0.5662100456621004,0.2876712328767123,1.0936872499145134,,False,81.60158796592445,False,False,NORMAL
ควนขนุน,ปันแต,1,constituency,election_day,129,127,1,1,100,0,0,25,2,0,0,127,0,0.007751937984496124,0.007751937984496124,0.9844961240310077,100,0.7874015748031497,0.1968503937007874,0.5735161497482956,,False,83.96961184235263,True,True,UNUSUAL_VOTING_PATTERN
ควนขนุน,ปันแต,2,constituency,election_day,493,478,7,8,136,3,51,271,15,0,2,478,0,0.014198782961460446,0.016227180527383367,0.9695740365111561,271,0.5669456066945606,0.28451882845188287,1.0814909431626247,,False,82.11333848439004,False,False,NORMAL
ควนขนุน,ปันแต,3,constituency,election_day,251,236,3,12,63,12,23,135,3,0,0,236,0,0.01195219123505976,0.04780876494023904,0.9402390438247012,135,0.5720338983050848,0.2669491525423729,1.1059476200180198,,False,82.62288358757975,False,True,UNUSUAL_VOTING_PATTERN
ควนขนุน,ปันแต,4,constituency,election_day,490,479,6,5,193,0,29,237,19,1,0,479,0,0.012244897959183673,0.01020408163265306,0.9775510204081632,237,0.49478079331941544,0.40292275574112735,1.02509228430765,,False,79.48210174469978,False,False,NORMAL
ควนขนุน,ปันแต,5,constituency,election_day,498,481,11,6,123,24,14,308,10,1,1,481,0,0.02208835341365462,0.012048192771084338,0.9658634538152611,308,0.6403326403326404,0.25571725571725573,0.9928831584496994,,False,83.03439312379346,False,False,NORMAL
ควนขนุน,ปันแต,6,constituency,election_day,200,192,4,4,72,2,14,92,12,0,0,192,0,0.02,0.02,0.96,92,0.4791666666666667,0.375,1.1320970001997124,,False,79.69597000199713,False,False,NORMAL
ควนขนุน,ปันแต,7,constituency,election_day,171,167,1,3,89,3,18,53,4,0,0,167,0,0.005847953216374269,0.017543859649122806,0.9766081871345029,89,0.5329341317365269,0.31736526946107785,1.101336236894964,,False,81.70898866022675,False,False,NORMAL
ควนขนุน,ปันแต,8,constituency,election_day,349,341,3,5,179,7,32,111,11,0,1,341,0,0.008595988538681949,0.014326647564469915,0.9770773638968482,179,0.5249266862170088,0.3255131964809384,1.1333438216499154,,False,81.65143937607533,False,False,NORMAL
ควนขนุน,ปันแต,9,constituency,election_day,353,346,3,4,85,1,11,229,19,0,1,346,0,0.0084985835694051,0.0113314447592068,0.9801699716713881,229,0.661849710982659,0.24566473988439305,0.9208061557037853,,False,83.63862370804738,False,False,NORMAL
ควนขนุน,ปันแต,10,constituency,election_day,384,374,8,2,215,0,15,130,11,1,2,374,0,0.020833333333333332,0.005208333333333333,0.9739583333333334,215,0.5748663101604278,0.34759358288770054,0.9620885454651462,,False,80.82520809279762,False,False,NORMAL
ควนขนุน,ปันแต,11,constituency,election_day,336,331,3,2,101,1,41,166,20,1,1,331,0,0.008928571428571428,0.005952380952380952,0.9851190476190477,166,0.5015105740181269,0.30513595166163143,1.1891629445876404,,False,81.49051809499164,False,False,NORMAL
ควนขนุน,ปันแต,12,constituency,election_day,188,183,2,3,38,0,6,132,5,0,2,183,0,0.010638297872340425,0.015957446808510637,0.973404255319149,132,0.7213114754098361,0.20765027322404372,0.821824024401617,,False,84.32566961269423,False,False,NORMAL
ป่าพะยอม,ป่าพะยอม,0,constituency,election_day,453,438,11,4,81,4,49,275,27,2,0,438,0,0.024282560706401765,0.008830022075055188,0.9668874172185431,275,0.6278538812785388,0.18493150684931506,1.0886556733673132,,False,83.50804513670921,False,False,NORMAL
ป่าพะยอม,ป่าพะยอม,1,constituency,election_day,337,319,11,7,36,0,67,192,23,1,0,319,0,0.032640949554896145,0.020771513353115726,0.9465875370919882,192,0.6018808777429467,0.21003134796238246,1.0872081332725991,,False,82.29646018726959,False,False,NORMAL
ป่าพะยอม,ป่าพะยอม,2,constituency,election_day,357,327,10,20,46,2,54,198,25,1,1,327,0,0.028011204481792718,0.056022408963585436,0.9159663865546218,198,0.6055045871559633,0.1651376146788991,1.1402424121741577,,False,83.16700151233084,False,True,UNUSUAL_VOTING_PATTERN
ป่าพะยอม,ป่าพะยอม,3,constituency,election_day,511,462,16,33,92,5,108,214,37,4,2,462,0,0.03131115459882583,0.06457925636007827,0.9041095890410958,214,0.46320346320346323,0.23376623376623376,1.333451868998312,,False,80.66506485614572,False,True,UNUSUAL_VOTING_PATTERN
ป่าพะยอม,ป่าพะยอม,4,constituency,election_day,397,382,6,9,124,0,37,198,22,1,0,382,0,0.015113350125944584,0.022670025188916875,0.9622166246851386,198,0.518324607329843,0.32460732984293195,1.1119161979668535,,False,80.9132326932666,False,False,NORMAL
ป่าพะยอม,ป่าพะยอม,5,constituency,election_day,531,487,14,30,78,10,91,268,38,0,2,487,0,0.026365348399246705,0.05649717514124294,0.9171374764595104,268,0.5503080082135524,0.1868583162217659,1.2368546022722595,,False,82.55951884916684,False,True,UNUSUAL_VOTING_PATTERN
ป่าพะยอม,ป่าพะยอม,6,constituency,election_day,498,481,6,11,104,3,78,260,32,0,4,481,0,0.012048192771084338,0.02208835341365462,0.9658634538152611,260,0.5405405405405406,0.21621621621621623,1.210458263571845,,False,82.71838921338043,False,False,NORMAL
ป่าพะยอม,ป่าพะยอม,7,constituency,election_day,571,553,8,10,145,2,74,310,21,0,1,553,0,0.014010507880910683,0.017513134851138354,0.968476357267951,310,0.5605786618444847,0.26220614828209765,1.1005553059743176,,False,82.1223875210322,False,False,NORMAL
ควนขนุน,พนมวังก์,0,constituency,election_day,400,390,3,7,162,3,38,167,17,1,2,390,0,0.0075,0.0175,0.975,167,0.4282051282051282,0.4153846153846154,1.1713503087208765,,False,79.1846569333626,False,False,NORMAL
ควนขนุน,พนมวังก์,1,constituency,election_day,631,604,13,14,196,0,71,297,35,1,4,604,0,0.020602218700475437,0.022187004754358162,0.9572107765451664,297,0.4917218543046358,0.32450331125827814,1.1747967924310068,,False,80.46951261842537,False,False,NORMAL
ควนขนุน,พนมวังก์,2,constituency,election_day,574,555,6,13,168,3,67,253,62,0,2,555,0,0.010452961672473868,0.02264808362369338,0.9668989547038328,253,0.45585585585585586,0.3027027027027027,1.2684233189406813,,False,80.8372607814588,False,False,NORMAL
ควนขนุน,พนมวังก์,3,constituency,election_day,530,508,14,8,117,2,49,302,36,1,1,508,0,0.026415094339622643,0.01509433962264151,0.9584905660377359,302,0.594488188976378,0.23031496062992127,1.1068289201619168,,False,82.58218015392939,False,False,NORMAL
ควนขนุน,พนมวังก์,4,constituency,election_day,398,374,15,9,197,1,27,130,18,0,1,374,0,0.03768844221105527,0.022613065326633167,0.9396984924623115,197,0.5267379679144385,0.34759358288770054,1.0724245076045598,,False,79.641962002926,False,False,NORMAL
ควนขนุน,พนมวังก์,5,constituency,election_day,628,607,6,15,173,2,44,350,38,0,0,607,0,0.009554140127388535,0.02388535031847134,0.9665605095541401,350,0.5766062602965404,0.28500823723228996,1.0577627856632705,,False,82.39810865915949,False,False,NORMAL
ควนขนุน,พนมวังก์,6,constituency,election_day,516,491,8,17,139,4,93,215,36,1,3,491,0,0.015503875968992248,0.03294573643410853,0.9515503875968992,215,0.4378818737270876,0.2830957230142566,1.3085449319735865,,False,80.44671173309888,False,False,NORMAL
ควนขนุน,พนมวังก์,7,constituency,election_day,551,530,13,8,192,4,47,255,27,2,3,530,0,0.023593466424682397,0.014519056261343012,0.9618874773139746,255,0.4811320754716981,0.3622641509433962,1.1735691565669228,,False,79.98998050858606,False,False,NORMAL
ควนขนุน,พนางตุง,0,constituency,election_day,412,392,16,4,169,1,14,192,15,0,1,392,0,0.038834951456310676,0.009708737864077669,0.9514563106796117,192,0.4897959183673469,0.43112244897959184,0.9866711453147821,,False,77.61884143135269,False,True,UNUSUAL_VOTING_PATTERN
ควนขนุน,พนางตุง,1,constituency,election_day,352,336,10,6,106,2,12,198,18,0,0,336,0,0.028409090909090908,0.017045454545454544,0.9545454545454546,198,0.5892857142857143,0.31547619047619047,0.9818930542069966,,False,81.07704742518685,False,False,NORMAL
ควนขนุน,พนางตุง,2,constituency,election_day,650,624,16,10,218,3,48,311,40,3,1,624,0,0.024615384615384615,0.015384615384615385,0.96,311,0.4983974358974359,0.34935897435897434,1.1495157142603616,,False,80.21631098875747,False,False,NORMAL
ควนขนุน,พนางตุง,3,constituency,election_day,367,349,9,9,96,3,46,187,17,0,0,349,0,0.02452316076294278,0.02452316076294278,0.9509536784741145,187,0.5358166189111748,0.27507163323782235,1.1445484052072326,,False,81.29382458126044,False,False,NORMAL
ควนขนุน,พนางตุง,4,constituency,election_day,659,645,10,4,203,3,35,368,29,4,3,645,0,0.015174506828528073,0.006069802731411229,0.9787556904400607,368,0.5705426356589147,0.3147286821705426,1.0630782983385048,,False,81.98833671172609,False,False,NORMAL
ควนขนุน,พนางตุง,5,constituency,election_day,680,655,17,8,186,8,22,417,21,0,1,655,0,0.025,0.011764705882352941,0.9632352941176471,417,0.6366412213740458,0.28396946564885495,0.9329416826120429,,False,82.1786534673418,False,False,NORMAL
ควนขนุน,พนางตุง,6,constituency,election_day,483,464,11,8,23,2,15,412,10,0,2,464,0,0.022774327122153208,0.016563146997929608,0.9606625258799172,412,0.8879310344827587,0.04956896551724138,0.49506303853965267,,False,85.44984506377162,True,True,UNUSUAL_VOTING_PATTERN
ควนขนุน,พนางตุง,7,constituency,election_day,726,696,21,9,246,0,56,361,31,2,0,696,0,0.028925619834710745,0.012396694214876033,0.9586776859504132,361,0.5186781609195402,0.35344827586206895,1.0662460731807915,,False,79.77652456765858,False,False,NORMAL
ควนขนุน,พนางตุง,8,constituency,election_day,166,163,0,3,49,2,8,96,2,0,6,163,0,0.0,0.018072289156626505,0.9819277108433735,96,0.588957055214724,0.3006134969325153,1.0505888521108706,,False,83.17460017755042,False,False,NORMAL
ควนขนุน,พนางตุง,9,constituency,election_day,632,609,16,7,85,8,42,443,26,4,1,609,0,0.02531645569620253,0.011075949367088608,0.9636075949367089,443,0.7274220032840722,0.13957307060755336,0.9258574911434342,,False,84.81541222514637,False,False,INCOMPLETE_DOCUMENT
ควนขนุน,พนางตุง,10,constituency,election_day,338,328,4,6,86,2,24,205,10,1,0,328,0,0.011834319526627219,0.01775147928994083,0.9704142011834319,205,0.625,0.2621951219512195,0.9912564364677489,,False,83.07084838834614,False,False,NORMAL
ควนขนุน,พนางตุง,11,constituency,election_day,548,525,17,6,112,2,24,365,19,0,3,525,0,0.03102189781021898,0.010948905109489052,0.958029197080292,365,0.6952380952380952,0.21333333333333335,0.8941903110636403,,False,83.24795107726831,False,False,NORMAL
ควนขนุน,พนางตุง,12,constituency,election_day,510,485,16,9,152,3,24,266,37,0,3,485,0,0.03137254901960784,0.01764705882352941,0.9509803921568627,266,0.5484536082474227,0.3134020618556701,1.1010379865192097,,False,80.89536066163438,False,False,NORMAL
ควนขนุน,มะกอกเหนือ(เทศบาล),0,constituency,election_day,400,389,6,5,56,0,33,276,22,1,1,389,0,0.015,0.0125,0.9725,276,0.7095115681233933,0.14395886889460155,0.9249211959184378,,False,84.78455900288618,False,False,NORMAL
ควนขนุน,มะกอกเหนือ(เทศบาล),1,constituency,election_day,307,296,1,10,67,0,36,174,17,0,2,296,0,0.003257328990228013,0.03257328990228013,0.9641693811074918,174,0.5878378378378378,0.22635135135135134,1.1026985352797327,,False,83.49925403842106,False,False,NORMAL
ควนขนุน,มะกอกเหนือ(เทศบาล),2,constituency,election_day,374,359,5,10,72,6,49,198,33,0,1,359,0,0.013368983957219251,0.026737967914438502,0.9598930481283422,198,0.5515320334261838,0.20055710306406685,1.2264105897359583,,False,83.14161770228414,False,False,NORMAL
ควนขนุน,มะกอกเหนือ(เทศบาล),3,constituency,election_day,229,222,5,2,67,0,14,131,10,0,0,222,0,0.021834061135371178,0.008733624454148471,0.9694323144104804,131,0.5900900900900901,0.30180180180180183,0.9867408536241425,,False,81.47840818217556,False,False,NORMAL
ควนขนุน,มะกอกเหนือ,0,constituency,election_day,478,458,9,11,95,5,60,263,33,0,2,458,0,0.01882845188284519,0.02301255230125523,0.9581589958158996,263,0.574235807860262,0.2074235807860262,1.1736514437255663,,False,83.02216607892127,False,False,NORMAL
ควนขนุน,มะกอกเหนือ,1,constituency,election_day,93,92,0,1,14,1,3,66,8,0,0,92,0,0.0,0.010752688172043012,0.989247311827957,66,0.717391304347826,0.15217391304347827,0.8979256939218813,,False,85.5009960696536,False,False,NORMAL
ควนขนุน,มะกอกเหนือ,2,constituency,election_day,113,107,1,5,40,0,12,53,2,0,0,107,0,0.008849557522123894,0.04424778761061947,0.9469026548672567,53,0.4953271028037383,0.37383177570093457,1.03557814128965,,False,79.77311662090246,False,True,UNUSUAL_VOTING_PATTERN
ควนขนุน,มะกอกเหนือ,3,constituency,election_day,259,254,1,4,83,2,15,133,19,1,1,254,0,0.003861003861003861,0.015444015444015444,0.9806949806949807,133,0.5236220472440944,0.32677165354330706,1.1470523998509257,,False,81.98613522278188,False,False,NORMAL
ควนขนุน,มะกอกเหนือ,4,constituency,election_day,461,441,9,11,243,1,49,110,30,0,8,441,0,0.019522776572668113,0.02386117136659436,0.9566160520607375,243,0.5510204081632653,0.2494331065759637,1.1882797461819226,,False,82.43727087808377,False,False,NORMAL
ควนขนุน,มะกอกเหนือ,5,constituency,election_day,477,452,11,14,189,2,58,162,31,0,10,452,0,0.023060796645702306,0.029350104821802937,0.9475890985324947,189,0.41814159292035397,0.3584070796460177,1.2879028919826765,,False,79.27023687515228,False,False,NORMAL
ควนขนุน,มะกอกเหนือ,6,constituency,election_day,485,472,1,12,169,5,73,177,40,1,7,472,0,0.002061855670103093,0.024742268041237112,0.9731958762886598,177,0.375,0.3580508474576271,1.3570665559968438,,False,79.71757277646327,False,True,UNUSUAL_VOTING_PATTERN
ควนขนุน,มะกอกเหนือ,7,constituency,election_day,420,409,3,8,117,1,41,225,21,1,3,409,0,0.007142857142857143,0.01904761904761905,0.9738095238095238,225,0.5501222493887531,0.2860635696821516,1.1352696633202104,,False,82.49922125772183,False,False,NORMAL
ควนขนุน,มะกอกเหนือ,8,constituency,election_day,413,400,8,5,188,4,41,137,24,1,5,400,0,0.01937046004842615,0.012106537530266344,0.9685230024213075,188,0.47,0.3425,1.23993806630648,,False,80.53085766064349,False,False,NORMAL
ควนขนุน,มะกอกเหนือ,9,constituency,election_day,162,156,3,3,78,1,18,43,15,0,1,156,0,0.018518518518518517,0.018518518518518517,0.9629629629629629,78,0.5,0.27564102564102566,1.2408666543552018,,False,81.48274061762609,False,False,NORMAL
ป่าพะยอม,ลานข่อย,0,constituency,election_day,328,312,9,7,111,0,35,135,27,2,2,312,0,0.027439024390243903,0.021341463414634148,0.9512195121951219,135,0.4326923076923077,0.3557692307692308,1.2520823045928307,,False,79.12964105718534,False,False,NORMAL
ป่าพะยอม,ลานข่อย,1,constituency,election_day,438,424,10,4,155,1,53,186,28,0,1,424,0,0.0228310502283105,0.0091324200913242,0.9680365296803652,186,0.4386792452830189,0.36556603773584906,1.197264175325109,,False,78.99146660032613,False,False,NORMAL
ป่าพะยอม,ลานข่อย,2,constituency,election_day,361,350,4,7,131,0,23,174,19,3,0,350,0,0.0110803324099723,0.019390581717451522,0.9695290858725761,174,0.49714285714285716,0.3742857142857143,1.093124532799719,,False,80.29151442178429,False,False,NORMAL
ป่าพะยอม,ลานข่อย,3,constituency,election_day,355,343,6,6,118,2,34,178,9,2,0,343,0,0.016901408450704224,0.016901408450704224,0.9661971830985916,178,0.5189504373177842,0.34402332361516036,1.092126577042771,,False,80.64470846742603,False,False,NORMAL
ป่าพะยอม,ลานข่อย,4,constituency,election_day,365,354,8,3,141,0,40,155,12,5,1,354,0,0.021917808219178082,0.00821917808219178,0.9698630136986301,155,0.4378531073446328,0.3983050847457627,1.1661124856926588,,False,78.70082766630668,False,False,NORMAL
ป่าพะยอม,ลานข่อย,5,constituency,election_day,364,350,9,5,152,0,32,144,22,0,0,350,0,0.024725274725274724,0.013736263736263736,0.9615384615384616,152,0.4342857142857143,0.4114285714285714,1.1202490442801092,,False,77.99479813510878,False,False,NORMAL
ป่าพะยอม,ลานข่อย,6,constituency,election_day,628,598,8,22,247,4,72,246,29,0,0,598,0,0.012738853503184714,0.03503184713375796,0.9522292993630573,247,0.41304347826086957,0.411371237458194,1.1657526317769182,,False,78.41188799043604,False,False,NORMAL
ป่าพะยอม,ลานข่อย,7,constituency,election_day,361,341,13,7,169,2,54,103,11,0,2,341,0,0.036011080332409975,0.019390581717451522,0.9445983379501385,169,0.49560117302052786,0.3020527859237537,1.1723970054556079,,False,79.79145122855141,False,False,NORMAL
ป่าพะยอม,ลานข่อย,8,constituency,election_day,513,499,12,2,195,3,57,219,23,0,2,499,0,0.023391812865497075,0.003898635477582846,0.9727095516569201,219,0.43887775551102204,0.3907815631262525,1.171135061274606,,False,78.70809263480186,False,False,NORMAL
ป่าพะยอม,ลานข่อย,9,constituency,election_day,507,491,4,12,156,1,51,255,27,1,0,491,0,0.007889546351084813,0.023668639053254437,0.9684418145956607,255,0.5193482688391039,0.31771894093686354,1.1245287576448093,,False,81.43125832406697,False,False,NORMAL
ป่าพะยอม,ลานข่อย,10,constituency,election_day,342,327,6,9,137,2,58,114,16,0,0,327,0,0.017543859649122806,0.02631578947368421,0.956140350877193,137,0.41896024464831805,0.3486238532110092,1.2174298341410097,,False,78.86591269840349,False,False,NORMAL
ป่าพะยอม,ลานข่อย,11,constituency,election_day,595,581,7,7,268,2,51,243,17,0,0,581,0,0.011764705882352941,0.011764705882352941,0.9764705882352941,268,0.4612736660929432,0.41824440619621345,1.0579134541105397,,False,78.82910922977604,False,False,NORMAL
ศรีนครินทร์,ลำสินธ์ุ,0,constituency,election_day,561,534,8,19,259,2,79,140,53,1,0,534,0,0.0142602495543672,0.0338680926916221,0.9518716577540107,259,0.4850187265917603,0.26217228464419473,1.2466007893834041,,False,81.30355721386849,False,False,NORMAL
ศรีนครินทร์,ลำสินธ์ุ,1,constituency,election_day,399,388,10,1,164,0,27,179,17,1,0,388,0,0.02506265664160401,0.002506265664160401,0.9724310776942355,179,0.46134020618556704,0.422680412371134,1.0587569437990596,,False,78.17464279147741,False,False,NORMAL
ศรีนครินทร์,ลำสินธ์ุ,2,constituency,election_day,536,511,20,5,257,1,34,183,33,1,2,511,0,0.03731343283582089,0.009328358208955223,0.9533582089552238,257,0.50293542074364,0.35812133072407043,1.1167691497112755,,False,79.39008247763091,False,False,NORMAL
ศรีนครินทร์,ลำสินธ์ุ,3,constituency,election_day,221,214,3,4,122,0,16,71,4,1,0,214,0,0.013574660633484163,0.01809954751131222,0.9683257918552036,122,0.5700934579439252,0.3317757009345794,0.9797730393317275,,False,81.22180109996083,False,False,NORMAL
ศรีนครินทร์,ลำสินธ์ุ,4,constituency,election_day,417,400,7,10,189,1,44,148,11,1,6,400,0,0.016786570743405275,0.023980815347721823,0.9592326139088729,189,0.4725,0.37,1.1566911624278022,,False,79.90258308710776,False,False,NORMAL
ศรีนครินทร์,ลำสินธ์ุ,5,constituency,election_day,591,568,20,3,261,3,74,195,30,2,3,568,0,0.0338409475465313,0.005076142131979695,0.961082910321489,261,0.4595070422535211,0.34330985915492956,1.2204850619474266,,False,79.29801450975334,False,False,NORMAL
ศรีนครินทร์,ลำสินธ์ุ,6,constituency,election_day,604,587,15,2,278,2,34,257,15,0,1,587,0,0.024834437086092714,0.0033112582781456954,0.9718543046357616,278,0.4735945485519591,0.43781942078364566,1.0045060256872527,,False,78.01117485912667,False,False,NORMAL
ศรีนครินทร์,ลำสินธ์ุ,7,constituency,election_day,563,544,11,8,255,0,49,194,43,2,1,544,0,0.019538188277087035,0.014209591474245116,0.9662522202486679,255,0.46875,0.35661764705882354,1.1724717025889932,,False,79.81030761203557,False,False,NORMAL
ศรีนครินทร์,ลำสินธ์ุ,8,constituency,election_day,233,225,7,1,100,0,10,105,9,0,1,225,0,0.030042918454935622,0.004291845493562232,0.9656652360515021,105,0.4666666666666667,0.4444444444444444,1.0072838305763188,,False,77.57069238301641,False,False,NORMAL
กงหรา2,สมหวัง,0,constituency,election_day,316,302,8,6,137,2,32,111,19,1,0,302,0,0.02531645569620253,0.0189873417721519,0.9556962025316456,137,0.45364238410596025,0.3675496688741722,1.190462034423922,,False,79.2480690826079,False,False,NORMAL
กงหรา2,สมหวัง,1,constituency,election_day,665,625,23,17,221,3,109,256,33,1,2,625,0,0.03458646616541353,0.02556390977443609,0.9398496240601504,256,0.4096,0.3536,1.2473785503509085,,False,78.03246219523841,False,True,UNUSUAL_VOTING_PATTERN
กงหรา2,สมหวัง,2,constituency,election_day,396,379,13,4,121,1,46,189,22,0,0,379,0,0.03282828282828283,0.010101010101010102,0.9570707070707071,189,0.49868073878627966,0.31926121372031663,1.1483507645256779,,False,79.80251566743102,False,False,NORMAL
กงหรา2,สมหวัง,3,constituency,election_day,358,332,20,6,88,0,60,166,16,1,1,332,0,0.055865921787709494,0.01675977653631285,0.9273743016759777,166,0.5,0.26506024096385544,1.1888165718604056,,False,79.09486962921858,False,True,UNUSUAL_VOTING_PATTERN
กงหรา2,สมหวัง,4,constituency,election_day,413,392,9,12,135,2,48,175,29,0,3,392,0,0.021791767554479417,0.029055690072639227,0.9491525423728814,175,0.44642857142857145,0.34438775510204084,1.2411572436211902,,False,79.71484120134507,False,False,NORMAL
กงหรา2,สมหวัง,5,constituency,election_day,374,345,20,9,176,4,56,68,38,0,3,345,0,0.053475935828877004,0.02406417112299465,0.9224598930481284,176,0.5101449275362319,0.19710144927536233,1.2944989323639993,,False,80.57554035828309,False,True,UNUSUAL_VOTING_PATTERN
กงหรา2,สมหวัง,6,constituency,election_day,427,411,12,4,198,0,50,135,25,2,1,411,0,0.02810304449648712,0.00936768149882904,0.9625292740046838,198,0.48175182481751827,0.3284671532846715,1.1846557208536004,,False,79.89395972823719,False,False,NORMAL
กงหรา2,สมหวัง,7,constituency,election_day,197,186,4,7,83,0,36,61,5,0,1,186,0,0.02030456852791878,0.03553299492385787,0.9441624365482234,83,0.44623655913978494,0.3279569892473118,1.168859854151648,,False,79.0604668893141,False,False,NORMAL
ศรีนครินทร์,อ่างทอง,0,constituency,election_day,450,439,7,4,159,0,21,240,19,0,0,439,0,0.015555555555555555,0.008888888888888889,0.9755555555555555,240,0.5466970387243736,0.3621867881548975,0.9792866037188428,,False,80.41599942114186,False,False,NORMAL
ศรีนครินทร์,อ่างทอง,1,constituency,election_day,379,363,7,9,89,0,47,199,27,0,1,363,0,0.018469656992084433,0.023746701846965697,0.9577836411609498,199,0.5482093663911846,0.24517906336088155,1.1483950339784255,,False,82.00674848191557,False,False,NORMAL
ศรีนครินทร์,อ่างทอง,2,constituency,election_day,498,468,20,10,134,1,52,254,26,1,0,468,0,0.040160642570281124,0.020080321285140562,0.9397590361445783,254,0.5427350427350427,0.2863247863247863,1.1207575626290918,,False,80.48159477982814,False,False,NORMAL
ศรีนครินทร์,อ่างทอง,3,constituency,election_day,538,530,1,7,84,2,31,396,15,1,1,530,0,0.0018587360594795538,0.013011152416356878,0.9851301115241635,396,0.7471698113207547,0.15849056603773584,0.8213877741195142,,False,85.53603527784381,False,False,NORMAL
ศรีนครินทร์,อ่างทอง,4,constituency,election_day,300,290,8,2,128,0,18,132,12,0,0,290,0,0.02666666666666667,0.006666666666666667,0.9666666666666667,132,0.45517241379310347,0.4413793103448276,1.0235523017297525,,False,77.55736209775729,False,False,NORMAL
ศรีนครินทร์,อ่างทอง,5,constituency,election_day,223,214,8,1,59,1,24,122,7,1,0,214,0,0.03587443946188341,0.004484304932735426,0.9596412556053812,122,0.5700934579439252,0.2757009345794392,1.0829856369671056,,False,81.13893813489466,False,False,NORMAL
ศรีนครินทร์,อ่างทอง,6,constituency,election_day,299,285,6,8,138,0,29,98,17,0,3,285,0,0.020066889632107024,0.026755852842809364,0.9531772575250836,138,0.4842105263157895,0.34385964912280703,1.1668756165102474,,False,80.19172747297081,False,False,NORMAL
ศรีนครินทร์,อ่างทอง,7,constituency,election_day,250,242,6,2,130,0,20,82,10,0,0,242,0,0.024,0.008,0.968,130,0.5371900826446281,0.33884297520661155,1.0382313038263022,,False,80.29801551760187,False,False,NORMAL
ป่าพะยอม,เกาะเต่า,0,constituency,election_day,530,511,16,3,191,6,24,267,20,3,0,511,0,0.03018867924528302,0.005660377358490566,0.9641509433962264,267,0.5225048923679061,0.37377690802348335,1.0598256553766285,,False,79.76396936253931,False,False,NORMAL
ป่าพะยอม,เกาะเต่า,1,constituency,election_day,334,325,4,5,88,2,42,178,15,0,0,325,0,0.011976047904191617,0.014970059880239521,0.9730538922155688,178,0.5476923076923077,0.27076923076923076,1.1212027681858943,,False,82.0439945174186,False,False,NORMAL
ป่าพะยอม,เกาะเต่า,2,constituency,election_day,339,329,3,7,89,2,28,191,18,1,0,329,0,0.008849557522123894,0.02064896755162242,0.9705014749262537,191,0.5805471124620061,0.270516717325228,1.086673021509111,,False,82.8406657128451,False,False,NORMAL
ป่าพะยอม,เกาะเต่า,3,constituency,election_day,556,539,4,13,139,5,32,329,33,0,1,539,0,0.007194244604316547,0.023381294964028777,0.9694244604316546,329,0.6103896103896104,0.25788497217068646,1.0445757417416994,,False,83.39773349888948,False,False,NORMAL
ป่าพะยอม,เกาะเต่า,4,constituency,election_day,381,369,9,3,84,3,54,202,21,1,4,369,0,0.023622047244094488,0.007874015748031496,0.968503937007874,202,0.5474254742547425,0.22764227642276422,1.2152957969450164,,False,82.39461983488772,False,False,NORMAL
ป่าพะยอม,เกาะเต่า,5,constituency,election_day,411,395,3,13,101,1,41,226,25,1,0,395,0,0.0072992700729927005,0.031630170316301706,0.9610705596107056,226,0.5721518987341773,0.25569620253164554,1.1082618794246826,,False,82.88221225262251,False,False,NORMAL
ป่าพะยอม,เกาะเต่า,6,constituency,election_day,352,343,4,5,57,1,56,205,22,2,0,343,0,0.011363636363636364,0.014204545454545454,0.9744318181818182,205,0.597667638483965,0.1661807580174927,1.1249610796317153,,False,83.61145813265429,False,False,NORMAL
ป่าพะยอม,เกาะเต่า,7,constituency,election_day,500,486,8,6,92,3,58,301,30,0,2,486,0,0.016,0.012,0.972,301,0.6193415637860082,0.18930041152263374,1.0914174943064696,,False,83.69442185664494,False,False,NORMAL
ป่าพะยอม,เกาะเต่า,8,constituency,election_day,424,406,8,10,124,2,21,235,22,1,1,406,0,0.018867924528301886,0.02358490566037736,0.9575471698113207,235,0.5788177339901478,0.3054187192118227,1.0456592868723185,,False,81.87772866201254,False,False,NORMAL
ป่าพะยอม,เกาะเต่า,9,constituency,election_day,380,369,6,5,111,26,25,175,31,1,0,369,0,0.015789473684210527,0.013157894736842105,0.9710526315789474,175,0.4742547425474255,0.3008130081300813,1.3085435032657424,,False,81.52360362486968,False,False,NORMAL
ป่าพะยอม,เกาะเต่า,10,constituency,election_day,503,488,4,11,109,9,27,312,30,0,1,488,0,0.007952286282306162,0.02186878727634195,0.9701789264413518,312,0.639344262295082,0.22336065573770492,1.0387325068458086,,False,84.17003862319524,False,False,NORMAL
ป่าพะยอม,เกาะเต่า,11,constituency,election_day,579,558,11,10,163,3,65,281,42,0,4,558,0,0.018998272884283247,0.017271157167530225,0.9637305699481865,281,0.503584229390681,0.2921146953405018,1.2135753441302355,,False,81.29336667880862,False,False,NORMAL
ป่าพะยอม,เกาะเต่า,12,constituency,election_day,658,638,9,11,250,5,34,321,24,1,3,638,0,0.013677811550151976,0.016717325227963525,0.9696048632218845,321,0.5031347962382445,0.39184952978056425,1.065688736871691,,False,80.06704067835665,False,False,NORMAL
ป่าพะยอม,เกาะเต่า,13,constituency,election_day,493,477,5,11,134,1,62,258,22,0,0,477,0,0.010141987829614604,0.02231237322515213,0.9675456389452333,258,0.5408805031446541,0.2809224318658281,1.1091110939596471,,False,81.81042664245537,False,False,NORMAL
ป่าพะยอม,เกาะเต่า,14,constituency,election_day,600,585,9,6,171,7,52,319,35,0,1,585,0,0.015,0.01,0.975,319,0.5452991452991452,0.2923076923076923,1.1376910608691067,,False,81.98588496766543,False,False,NORMAL
ป่าพะยอม,เกาะเต่า,15,constituency,election_day,371,356,6,9,119,7,56,156,12,2,4,356,0,0.016172506738544475,0.02425876010781671,0.9595687331536388,156,0.43820224719101125,0.3342696629213483,1.2898614818882648,,False,80.23605689768577,False,False,NORMAL
ป่าพะยอม,เกาะเต่า,16,constituency,election_day,380,362,9,9,154,2,42,141,21,1,1,362,0,0.02368421052631579,0.02368421052631579,0.9526315789473684,154,0.425414364640884,0.38950276243093923,1.2071988047251059,,False,78.65020846016178,False,False,NORMAL
ศรีบรรพต,เขาปู่,0,constituency,election_day,359,340,9,10,86,6,35,183,27,1,2,340,0,0.025069637883008356,0.027855153203342618,0.947075208913649,183,0.538235294117647,0.2529411764705882,1.234911898378586,,False,82.24269591316485,False,False,NORMAL
ศรีบรรพต,เขาปู่,1,constituency,election_day,494,464,15,15,174,1,58,192,38,0,1,464,0,0.030364372469635626,0.030364372469635626,0.9392712550607287,192,0.41379310344827586,0.375,1.224262343264658,,False,78.13819791261307,False,False,NORMAL
ศรีบรรพต,เขาปู่,2,constituency,election_day,198,181,4,13,36,0,16,120,9,0,0,181,0,0.020202020202020204,0.06565656565656566,0.9141414141414141,120,0.6629834254143646,0.19889502762430938,0.9573802777073432,,False,83.45320452940337,False,True,UNUSUAL_VOTING_PATTERN
ศรีบรรพต,เขาปู่,3,constituency,election_day,298,282,8,8,57,2,22,185,14,1,1,282,0,0.026845637583892617,0.026845637583892617,0.9463087248322147,185,0.6560283687943262,0.20212765957446807,1.0229149332441467,,False,83.56771851707663,False,False,NORMAL
ศรีบรรพต,เขาปู่,4,constituency,election_day,253,233,3,17,70,4,27,119,9,0,4,233,0,0.011857707509881422,0.06719367588932806,0.9209486166007905,119,0.5107296137339056,0.30042918454935624,1.2194361553294408,,False,81.92336458981751,False,True,UNUSUAL_VOTING_PATTERN
ศรีบรรพต,เขาปู่,5,constituency,election_day,499,478,10,11,149,4,38,245,40,2,0,478,0,0.02004008016032064,0.022044088176352707,0.9579158316633266,245,0.5125523012552301,0.3117154811715481,1.1777463222879647,,False,81.15202825252052,False,False,NORMAL
ศรีบรรพต,เขาปู่,6,constituency,election_day,361,349,6,6,98,3,15,218,12,2,1,349,0,0.01662049861495845,0.01662049861495845,0.9667590027700831,218,0.6246418338108882,0.2808022922636103,0.9889730595037463,,False,82.79796067861618,False,False,NORMAL
ศรีบรรพต,เขาปู่,7,constituency,election_day,435,412,10,13,117,5,65,198,22,2,3,412,0,0.022988505747126436,0.029885057471264367,0.9471264367816092,198,0.48058252427184467,0.28398058252427183,1.2726771050788417,,False,80.99482149158743,False,False,NORMAL
ศรีบรรพต,เขาปู่,8,constituency,election_day,290,278,4,8,113,5,21,122,16,0,1,278,0,0.013793103448275862,0.027586206896551724,0.9586206896551724,122,0.43884892086330934,0.4064748201438849,1.179315455595925,,False,79.26896700944474,False,False,NORMAL
ศรีบรรพต,เขาปู่,9,constituency,election_day,283,278,2,3,35,0,29,200,14,0,0,278,0,0.007067137809187279,0.01060070671378092,0.9823321554770318,200,0.7194244604316546,0.12589928057553956,0.8840993933386865,,False,85.07037085587714,False,False,NORMAL
ศรีบรรพต,เขาปู่,10,constituency,election_day,357,341,6,10,79,4,40,195,21,1,1,341,0,0.01680672268907563,0.028011204481792718,0.9551820728291317,195,0.5718475073313783,0.2316715542521994,1.1677868073327193,,False,82.99295715881476,False,False,NORMAL
ศรีบรรพต,เขาย่า,0,constituency,election_day,404,387,9,8,51,3,34,272,25,1,1,387,0,0.022277227722772276,0.019801980198019802,0.9579207920792079,272,0.7028423772609819,0.13178294573643412,0.9740183304068242,,False,84.71159323575908,False,False,NORMAL
ศรีบรรพต,เขาย่า,1,constituency,election_day,396,384,6,6,79,0,25,254,25,0,1,384,0,0.015151515151515152,0.015151515151515152,0.9696969696969697,254,0.6614583333333334,0.20572916666666666,0.9698793303716258,,False,83.7849675461405,False,False,NORMAL
ศรีบรรพต,เขาย่า,2,constituency,election_day,537,524,3,10,129,11,57,302,24,0,1,524,0,0.00558659217877095,0.0186219739292365,0.9757914338919925,302,0.5763358778625954,0.24618320610687022,1.138268736325419,,False,83.39343409019351,False,False,NORMAL
ศรีบรรพต,เขาย่า,3,constituency,election_day,474,456,11,7,117,2,36,280,21,0,0,456,0,0.023206751054852322,0.014767932489451477,0.9620253164556962,280,0.6140350877192983,0.2565789473684211,1.0145029216273826,,False,82.40574429511015,False,False,NORMAL
ศรีบรรพต,เขาย่า,4,constituency,election_day,451,439,8,4,91,1,49,271,26,0,1,439,0,0.017738359201773836,0.008869179600886918,0.9733924611973392,271,0.6173120728929385,0.2072892938496583,1.0638339853269363,,False,83.27078407996882,False,False,NORMAL
ศรีบรรพต,เขาย่า,5,constituency,election_day,496,468,15,13,164,3,40,232,21,3,5,468,0,0.03024193548387097,0.02620967741935484,0.9435483870967742,232,0.49572649572649574,0.3504273504273504,1.1780619277192301,,False,80.14031737479363,False,False,NORMAL
ศรีบรรพต,เขาย่า,6,constituency,election_day,552,511,18,23,164,3,43,266,32,0,3,511,0,0.03260869565217391,0.041666666666666664,0.9257246376811594,266,0.5205479452054794,0.32093933463796476,1.1467121675781267,,False,80.45312524933695,False,False,NORMAL
ศรีบรรพต,เขาย่า,7,constituency,election_day,537,520,8,9,150,21,71,248,27,1,2,520,0,0.0148975791433892,0.01675977653631285,0.9683426443202979,248,0.47692307692307695,0.28846153846153844,1.3002042750196727,,False,81.56485610071957,False,False,NORMAL
ศรีบรรพต,เขาย่า,8,constituency,election_day,375,359,3,13,45,0,45,249,18,0,2,359,0,0.008,0.034666666666666665,0.9573333333333334,249,0.6935933147632312,0.12534818941504178,0.9533547475488775,,False,84.9413469183857,False,True,INCOMPLETE_DOCUMENT
ศรีบรรพต,เขาย่า,9,constituency,election_day,446,428,13,5,93,0,33,287,15,0,0,428,0,0.02914798206278027,0.011210762331838564,0.9596412556053812,287,0.6705607476635514,0.21728971962616822,0.9147104548268769,,False,82.80652787503631,False,False,NORMAL
ควนขนุน,แพรกหา,0,constituency,election_day,622,609,8,5,137,1,43,389,39,0,0,609,0,0.012861736334405145,0.008038585209003215,0.9790996784565916,389,0.638752052545156,0.22495894909688013,0.9955945177511063,,False,83.47541993714549,False,False,NORMAL
ควนขนุน,แพรกหา,1,constituency,election_day,346,331,4,11,101,8,54,152,12,2,2,331,0,0.011560693641618497,0.031791907514450865,0.9566473988439307,152,0.459214501510574,0.30513595166163143,1.2873475202275348,,False,81.07187556551163,False,False,NORMAL
ควนขนุน,แพรกหา,2,constituency,election_day,575,548,7,20,178,2,67,255,39,3,4,548,0,0.01217391304347826,0.034782608695652174,0.9530434782608695,255,0.4653284671532847,0.3248175182481752,1.2511652537847027,,False,80.86281090027165,False,False,NORMAL
ควนขนุน,แพรกหา,3,constituency,election_day,680,651,16,13,229,2,45,333,41,0,1,651,0,0.023529411764705882,0.01911764705882353,0.9573529411764706,333,0.511520737327189,0.35176651305683565,1.0969791460193739,,False,80.13894299177412,False,False,NORMAL
ควนขนุน,แพรกหา,4,constituency,election_day,677,648,17,12,209,0,69,326,44,0,0,648,0,0.025110782865583457,0.01772525849335303,0.9571639586410635,326,0.5030864197530864,0.32253086419753085,1.1317084428215058,,False,80.15413787752847,False,False,NORMAL
ควนขนุน,แพรกหา,5,constituency,election_day,417,403,6,8,61,2,57,247,31,3,2,403,0,0.014388489208633094,0.019184652278177457,0.9664268585131894,247,0.6129032258064516,0.1513647642679901,1.1489162669673179,,False,84.15683498343508,False,False,NORMAL
ควนขนุน,แพรกหา,6,constituency,election_day,434,421,9,4,154,0,35,204,28,0,0,421,0,0.020737327188940093,0.009216589861751152,0.9700460829493087,204,0.4845605700712589,0.3657957244655582,1.1059912906014784,,False,79.55986364870556,False,False,NORMAL
ควนขนุน,แพรกหา,7,constituency,election_day,385,366,5,14,74,2,49,221,18,2,0,366,0,0.012987012987012988,0.03636363636363636,0.9506493506493506,221,0.6038251366120219,0.20218579234972678,1.1021053249302586,,False,83.4864566983126,False,False,INCOMPLETE_DOCUMENT
ควนขนุน,แหลมโตนด,0,constituency,election_day,512,494,16,2,263,3,54,151,20,1,2,494,0,0.03125,0.00390625,0.96484375,263,0.5323886639676113,0.305668016194332,1.1355563987818176,,False,80.76472390684651,False,False,NORMAL
ควนขนุน,แหลมโตนด,1,constituency,election_day,386,371,11,4,132,20,37,171,11,0,0,371,0,0.02849740932642487,0.010362694300518135,0.961139896373057,171,0.4609164420485175,0.3557951482479784,1.216337426385682,,False,79.5659970589911,False,False,NORMAL
ควนขนุน,แหลมโตนด,2,constituency,election_day,326,312,10,4,110,4,16,165,15,0,2,312,0,0.03067484662576687,0.012269938650306749,0.9570552147239264,165,0.5288461538461539,0.3525641025641026,1.0909279003709516,,False,80.24092128780579,False,False,NORMAL
ควนขนุน,แหลมโตนด,3,constituency,election_day,590,559,18,13,161,2,46,314,29,2,5,559,0,0.030508474576271188,0.022033898305084745,0.9474576271186441,314,0.5617173524150268,0.2880143112701252,1.1239949725409126,,False,81.56604656904638,False,False,NORMAL
ควนขนุน,แหลมโตนด,4,constituency,election_day,305,292,4,9,126,7,33,115,11,0,0,292,0,0.013114754098360656,0.029508196721311476,0.9573770491803278,126,0.4315068493150685,0.3938356164383562,1.189008305451802,,False,79.17955082905203,False,False,NORMAL
ควนขนุน,แหลมโตนด,5,constituency,election_day,224,213,10,1,133,6,23,47,3,1,0,213,0,0.044642857142857144,0.004464285714285714,0.9508928571428571,133,0.6244131455399061,0.22065727699530516,1.0536107889034971,,False,82.03635939808929,False,True,UNUSUAL_VOTING_PATTERN
ควนขนุน,แหลมโตนด,6,constituency,election_day,323,314,6,3,103,5,29,169,8,0,0,314,0,0.018575851393188854,0.009287925696594427,0.9721362229102167,169,0.5382165605095541,0.32802547770700635,1.0784876637905867,,False,81.00258088353306,False,False,NORMAL
ควนขนุน,แหลมโตนด,7,constituency,election_day,276,263,8,5,116,8,16,106,14,2,1,263,0,0.028985507246376812,0.018115942028985508,0.9528985507246377,116,0.44106463878326996,0.40304182509505704,1.2182716867388128,,False,78.96538066856738,False,False,NORMAL
ควนขนุน,แหลมโตนด,8,constituency,election_day,232,228,1,3,72,28,43,75,6,1,3,228,0,0.004310344827586207,0.01293103448275862,0.9827586206896551,75,0.32894736842105265,0.3157894736842105,1.478418893770409,,False,79.43709274895635,True,True,UNUSUAL_VOTING_PATTERN
ควนขนุน,โตนดด้วน,0,constituency,election_day,262,250,3,9,37,2,21,168,8,1,13,250,0,0.011450381679389313,0.03435114503816794,0.9541984732824428,168,0.672,0.148,1.0825367074965797,,False,85.41284799099633,False,True,UNUSUAL_VOTING_PATTERN
ควนขนุน,โตนดด้วน,1,constituency,election_day,596,579,8,9,158,2,39,345,30,2,3,579,0,0.013422818791946308,0.015100671140939598,0.9714765100671141,345,0.5958549222797928,0.27288428324697755,1.0644180313133942,,False,82.8486870419304,False,False,NORMAL
ควนขนุน,โตนดด้วน,2,constituency,election_day,246,234,7,5,49,0,28,140,15,1,1,234,0,0.028455284552845527,0.02032520325203252,0.9512195121951219,140,0.5982905982905983,0.2094017094017094,1.1115107970744809,,False,82.64106169182047,False,False,NORMAL
ควนขนุน,โตนดด้วน,3,constituency,election_day,231,221,4,6,41,1,20,141,16,1,1,221,0,0.017316017316017316,0.025974025974025976,0.9567099567099567,141,0.6380090497737556,0.18552036199095023,1.0800284668924376,,False,84.07475529633618,False,False,NORMAL
ควนขนุน,โตนดด้วน,4,constituency,election_day,558,546,4,8,122,4,43,348,24,2,3,546,0,0.007168458781362007,0.014336917562724014,0.978494623655914,348,0.6373626373626373,0.22344322344322345,1.0445800749833731,,False,84.20825693164475,False,False,NORMAL
ควนขนุน,โตนดด้วน,5,constituency,election_day,226,216,3,7,79,1,10,117,9,0,0,216,0,0.01327433628318584,0.030973451327433628,0.9557522123893806,117,0.5416666666666666,0.36574074074074076,0.9995302413776923,,False,80.58158559961764,False,False,NORMAL
ควนขนุน,โตนดด้วน,6,constituency,election_day,705,675,13,17,129,3,51,448,43,1,0,675,0,0.018439716312056736,0.024113475177304965,0.9574468085106383,448,0.6637037037037037,0.19111111111111112,0.9926182887327824,,False,83.9153081828361,False,False,NORMAL
ควนขนุน,โตนดด้วน,7,constituency,election_day,341,332,6,3,56,0,11,247,17,0,1,332,0,0.017595307917888565,0.008797653958944282,0.9736070381231672,247,0.7439759036144579,0.1686746987951807,0.802785299224262,,False,84.46736470478193,False,True,UNUSUAL_VOTING_PATTERN
ควนขนุน,โตนดด้วน,8,constituency,election_day,431,408,10,13,128,3,30,213,32,1,1,408,0,0.02320185614849188,0.030162412993039442,0.9466357308584686,213,0.5220588235294118,0.3137254901960784,1.1601632157290669,,False,81.10330405574842,False,False,NORMAL
ควนขนุน,โตนดด้วน,9,constituency,election_day,280,266,6,8,103,0,24,127,8,1,3,266,0,0.02142857142857143,0.02857142857142857,0.95,127,0.4774436090225564,0.38721804511278196,1.1143477806170314,,False,79.39535750541843,False,False,NORMAL
ควนขนุน,โตนดด้วน,10,constituency,election_day,374,363,4,7,24,1,24,295,17,1,1,363,0,0.0106951871657754,0.01871657754010695,0.9705882352941176,295,0.8126721763085399,0.06611570247933884,0.7198327423457778,,False,86.04373335442521,False,True,UNUSUAL_VOTING_PATTERN
,,0,constituency,out_of_district_advance,765,695,6,64,91,18,88,197,286,7,8,695,0,0.00784313725490196,0.08366013071895424,0.9084967320261438,286,0.4115107913669065,0.28345323741007195,1.4429301950505806,,False,81.3824688287679,True,True,UNUSUAL_VOTING_PATTERN
,,1,constituency,out_of_district_advance,761,689,11,61,114,19,101,211,233,5,6,689,0,0.01445466491458607,0.08015768725361366,0.9053876478318003,233,0.3381712626995646,0.3062409288824383,1.484254459740243,,False,79.26494923266006,False,True,UNUSUAL_VOTING_PATTERN
,,2,constituency,out_of_district_advance,765,719,15,31,96,17,85,257,248,6,10,719,0,0.0196078431372549,0.040522875816993466,0.9398692810457516,257,0.3574408901251738,0.34492350486787204,1.4440829075440165,,False,79.18366362233263,False,True,UNUSUAL_VOTING_PATTERN
,,3,constituency,out_of_district_advance,520,475,5,40,60,9,65,172,159,5,5,475,0,0.009615384615384616,0.07692307692307693,0.9134615384615384,172,0.36210526315789476,0.33473684210526317,1.438704134377212,,False,79.76943000773974,False,True,UNUSUAL_VOTING_PATTERN
,,4,constituency,out_of_district_advance,765,705,11,49,101,13,88,214,276,3,10,705,0,0.01437908496732026,0.06405228758169934,0.9215686274509803,276,0.39148936170212767,0.30354609929078014,1.4243703525909523,,False,80.26943012860734,False,True,UNUSUAL_VOTING_PATTERN
,,5,constituency,out_of_district_advance,763,692,12,59,116,15,98,209,238,5,11,692,0,0.015727391874180863,0.07732634338138926,0.9069462647444299,238,0.3439306358381503,0.3020231213872832,1.489388918773037,,False,79.42543866916583,False,True,UNUSUAL_VOTING_PATTERN
,,6,constituency,out_of_district_advance,765,705,10,50,98,11,74,217,298,5,2,705,0,0.013071895424836602,0.06535947712418301,0.9215686274509803,298,0.4226950354609929,0.3078014184397163,1.3542126235737701,,False,80.56938252832566,False,True,UNUSUAL_VOTING_PATTERN
,,7,constituency,out_of_district_advance,765,692,11,62,95,19,92,229,241,7,9,692,0,0.01437908496732026,0.08104575163398693,0.9045751633986928,241,0.34826589595375723,0.3309248554913295,1.475825852635324,,False,79.48728115659995,False,True,UNUSUAL_VOTING_PATTERN
,,8,constituency,out_of_district_advance,765,687,13,65,100,9,77,221,268,8,4,687,0,0.01699346405228758,0.08496732026143791,0.8980392156862745,268,0.3901018922852984,0.32168850072780203,1.396491148587391,,False,79.81829505181848,False,True,UNUSUAL_VOTING_PATTERN
,,9,constituency,out_of_district_advance,770,699,13,58,125,17,91,220,230,5,11,699,0,0.016883116883116882,0.07532467532467532,0.9077922077922078,230,0.3290414878397711,0.3147353361945637,1.4938962317744717,,False,78.966051108782,True,True,UNUSUAL_VOTING_PATTERN
,,0,constituency,in_district_advance,9,9,0,0,3,0,1,5,0,0,0,9,0,0.0,0.0,1.0,5,0.5555555555555556,0.3333333333333333,0.9368883045460284,,False,81.03554971212695,False,True,UNUSUAL_VOTING_PATTERN
