district,subdistrict,unit_index,form_type,vote_phase,ballot_total,ballot_valid,ballot_invalid,ballot_no_vote,นิติศักดิ์ ธรรมเพชร,พ.ต.อ.พงศ์พสิษฐ์ ทองด้วง,ภพเอกอัคร อินทรโม,วรท เทอดวีระพงศ์,ศุภกร ขุนชิต,สมเสริม ชูรักษ์,อธิคม ขุนแก้ว
ควนขนุน,ควนขนุน(เทศบาล),0,constituency,election_day,256,237,5,14,64,4,37,115,12,3,2
ควนขนุน,ควนขนุน(เทศบาล),1,constituency,election_day,337,322,6,9,76,9,50,163,22,0,2
ควนขนุน,ควนขนุน(เทศบาล),2,constituency,election_day,403,383,4,16,94,4,62,187,34,1,1
ควนขนุน,ควนขนุน(เทศบาล),3,constituency,election_day,206,199,1,6,23,5,41,112,17,0,1
ควนขนุน,ควนขนุน,0,constituency,election_day,384,378,4,2,134,8,23,201,11,1,0
ควนขนุน,ควนขนุน,1,constituency,election_day,305,297,5,3,100,1,23,167,6,0,0
ควนขนุน,ควนขนุน,2,constituency,election_day,639,605,15,19,150,2,76,336,35,2,4
ควนขนุน,ควนขนุน,3,constituency,election_day,707,675,17,15,226,5,78,310,56,0,0
ควนขนุน,ควนขนุน,4,constituency,election_day,381,371,5,5,166,6,38,144,16,0,1
ควนขนุน,ควนขนุน,5,constituency,election_day,623,598,12,13,240,6,51,270,27,1,3
ควนขนุน,ควนขนุน,6,constituency,election_day,374,360,9,5,35,2,37,252,33,0,1
ควนขนุน,ควนขนุน,7,constituency,election_day,208,203,5,0,63,1,5,128,6,0,0
ควนขนุน,ควนขนุน,8,constituency,election_day,80,77,0,3,8,0,9,47,11,2,0
ควนขนุน,ชะมวง,0,constituency,election_day,573,552,10,11,122,5,46,340,38,1,0
ควนขนุน,ชะมวง,1,constituency,election_day,194,182,5,7,56,2,19,96,9,0,0
ควนขนุน,ชะมวง,2,constituency,election_day,545,525,14,6,115,0,62,320,25,1,2
ควนขนุน,ชะมวง,3,constituency,election_day,185,181,2,2,47,1,5,122,6,0,0
ควนขนุน,ชะมวง,4,constituency,election_day,511,501,3,7,109,7,25,348,11,1,0
ควนขนุน,ชะมวง,5,constituency,election_day,326,315,6,5,43,1,10,248,12,0,1
ควนขนุน,ชะมวง,6,constituency,election_day,394,387,4,3,50,5,5,315,12,0,0
ควนขนุน,ชะมวง,7,constituency,election_day,360,347,8,5,30,3,23,248,41,2,0
ควนขนุน,ชะมวง,8,constituency,election_day,328,315,6,7,49,1,36,197,28,0,4
ควนขนุน,ชะมวง,9,constituency,election_day,196,191,1,4,44,0,18,116,10,1,2
ควนขนุน,ชะมวง,10,constituency,election_day,486,476,9,1,161,1,24,266,21,1,2
ควนขนุน,ชะมวง,11,constituency,election_day,296,285,5,6,83,1,13,174,14,0,0
ควนขนุน,ชะมวง,12,constituency,election_day,462,448,9,5,93,1,44,285,23,0,2
ควนขนุน,ชะมวง,13,constituency,election_day,588,572,9,7,166,2,73,291,37,1,2
ควนขนุน,ชะมวง,14,constituency,election_day,366,349,10,7,84,0,33,218,12,2,0
กงหรา2,ชะรัด,0,constituency,election_day,593,565,14,14,209,1,42,278,31,2,2
กงหรา2,ชะรัด,1,constituency,election_day,419,393,17,9,118,4,27,215,27,2,0
กงหรา2,ชะรัด,2,constituency,election_day,655,619,26,10,232,3,70,273,39,2,0
กงหรา2,ชะรัด,3,constituency,election_day,331,313,4,14,190,2,18,79,21,1,2
กงหรา2,ชะรัด,4,constituency,election_day,399,383,12,4,204,2,33,92,50,1,1
กงหรา2,ชะรัด,5,constituency,election_day,429,411,14,4,201,6,18,137,49,0,0
กงหรา2,ชะรัด,6,constituency,election_day,277,264,7,6,73,1,30,142,16,1,1
กงหรา2,ชะรัด,7,constituency,election_day,617,590,14,13,211,3,69,277,26,3,1
กงหรา2,ชะรัด,8,constituency,election_day,383,341,15,27,139,1,41,123,35,1,1
กงหรา2,ชะรัด,9,constituency,election_day,517,490,18,9,208,2,36,213,26,4,1
ศรีนครินทร์,ชุมพล,0,constituency,election_day,645,610,13,22,343,2,51,170,42,1,1
ศรีนครินทร์,ชุมพล,1,constituency,election_day,345,332,8,5,190,3,48,66,24,1,0
ศรีนครินทร์,ชุมพล,2,constituency,election_day,363,342,11,10,206,1,15,88,32,0,0
ศรีนครินทร์,ชุมพล,3,constituency,election_day,418,371,17,30,113,8,18,185,32,8,7
ศรีนครินทร์,ชุมพล,4,constituency,election_day,402,387,15,0,178,0,54,134,18,2,1
ศรีนครินทร์,ชุมพล,5,constituency,election_day,493,461,11,21,212,0,61,146,35,1,6
ศรีนครินทร์,ชุมพล,6,constituency,election_day,274,255,6,13,130,0,26,80,18,0,1
ศรีนครินทร์,ชุมพล,7,constituency,election_day,637,609,10,18,229,1,65,246,66,0,2
ศรีนครินทร์,ชุมพล,8,constituency,election_day,290,277,8,5,132,1,33,100,10,0,1
ศรีนครินทร์,ชุมพล,9,constituency,election_day,349,340,7,2,207,0,9,112,11,1,0
ศรีนครินทร์,ชุมพล,10,constituency,election_day,547,519,12,16,228,3,43,210,30,3,2
ศรีนครินทร์,ชุมพล,11,constituency,election_day,244,233,5,6,151,1,19,48,13,0,1
ศรีนครินทร์,ชุมพล,12,constituency,election_day,254,245,1,8,159,0,44,30,11,0,1
ศรีนครินทร์,ชุมพล,13,constituency,election_day,275,260,9,6,135,0,17,96,10,0,2
ศรีนครินทร์,ชุมพล,14,constituency,election_day,247,239,2,6,126,1,20,82,10,0,0
ควนขนุน,ดอนทราย,0,constituency,election_day,206,205,1,0,26,0,2,172,4,0,1
ควนขนุน,ดอนทราย,1,constituency,election_day,372,365,2,5,81,2,39,207,30,0,6
ควนขนุน,ดอนทราย,2,constituency,election_day,301,290,7,4,53,0,22,208,7,0,0
ควนขนุน,ดอนทราย,3,constituency,election_day,255,250,1,4,30,1,9,204,6,0,0
ควนขนุน,ดอนทราย,4,constituency,election_day,475,452,14,9,76,2,49,306,19,0,0
ควนขนุน,ดอนทราย,5,constituency,election_day,284,272,5,7,29,0,12,215,13,1,2
ควนขนุน,ดอนทราย,6,constituency,election_day,528,519,5,4,44,2,22,434,17,0,0
ควนขนุน,ดอนทราย,7,constituency,election_day,262,251,6,5,39,7,10,187,8,0,0
ควนขนุน,ดอนทราย,8,constituency,election_day,586,566,7,13,106,2,56,370,28,1,3
ควนขนุน,ดอนทราย,9,constituency,election_day,379,369,3,7,58,2,22,276,11,0,0
ควนขนุน,ดอนทราย,10,constituency,election_day,264,257,5,2,57,5,11,175,7,0,2
ศรีบรรพต,ตะแพน,0,constituency,election_day,340,335,2,3,136,3,31,143,21,0,1
ศรีบรรพต,ตะแพน,1,constituency,election_day,603,583,16,4,147,3,47,344,42,0,0
ศรีบรรพต,ตะแพน,2,constituency,election_day,335,326,2,7,145,0,27,136,16,2,0
ศรีบรรพต,ตะแพน,3,constituency,election_day,144,142,2,0,62,0,3,72,5,0,0
ศรีบรรพต,ตะแพน,4,constituency,election_day,549,531,10,8,199,3,56,235,33,1,4
ศรีบรรพต,ตะแพน,5,constituency,election_day,376,369,4,3,128,2,56,147,35,1,0
ศรีบรรพต,ตะแพน,6,constituency,election_day,614,602,4,8,238,2,98,230,31,2,1
ศรีบรรพต,ตะแพน,7,constituency,election_day,343,335,5,3,121,3,9,190,10,1,1
ศรีบรรพต,ตะแพน,8,constituency,election_day,339,324,6,9,109,5,33,155,21,0,1
ควนขนุน,ทะเลน้อย,0,constituency,election_day,614,584,21,9,239,6,36,280,18,3,2
ควนขนุน,ทะเลน้อย,1,constituency,election_day,330,319,3,8,95,3,18,184,19,0,0
ควนขนุน,ทะเลน้อย,2,constituency,election_day,341,329,6,6,123,6,13,164,22,1,0
ควนขนุน,ทะเลน้อย,3,constituency,election_day,377,363,13,1,69,2,20,263,8,0,1
ควนขนุน,ทะเลน้อย,4,constituency,election_day,508,491,12,5,211,11,26,222,19,0,2
ควนขนุน,ทะเลน้อย,5,constituency,election_day,296,278,6,12,91,10,20,150,6,0,1
ควนขนุน,ทะเลน้อย,6,constituency,election_day,337,327,6,4,77,2,33,205,10,0,0
ควนขนุน,ทะเลน้อย,7,constituency,election_day,456,433,10,13,107,5,28,269,20,2,2
ควนขนุน,ทะเลน้อย,8,constituency,election_day,408,393,5,10,121,15,26,213,18,0,0
ควนขนุน,ทะเลน้อย,9,constituency,election_day,387,374,12,1,98,4,21,236,14,0,1
ควนขนุน,นาขยาด,0,constituency,election_day,681,653,13,15,178,0,95,312,60,4,4
ควนขนุน,นาขยาด,1,constituency,election_day,656,625,9,22,130,1,64,374,49,6,1
ควนขนุน,นาขยาด,2,constituency,election_day,326,316,3,7,49,1,36,207,20,2,1
ควนขนุน,นาขยาด,3,constituency,election_day,380,357,9,14,62,3,53,216,23,0,0
ควนขนุน,นาขยาด,4,constituency,election_day,471,434,14,23,115,11,60,212,34,1,1
ควนขนุน,นาขยาด,5,constituency,election_day,628,591,18,19,168,5,100,278,33,4,3
ควนขนุน,นาขยาด,6,constituency,election_day,387,371,9,7,201,2,28,119,21,0,0
ควนขนุน,นาขยาด,7,constituency,election_day,393,376,5,12,58,9,65,209,35,0,0
ควนขนุน,นาขยาด,8,constituency,election_day,416,399,4,13,114,1,48,210,18,3,5
ควนขนุน,นาขยาด,9,constituency,election_day,366,345,14,7,92,8,47,167,26,2,3
ควนขนุน,นาขยาด,10,constituency,election_day,404,379,10,15,97,15,60,185,22,0,0
ควนขนุน,นาขยาด,11,constituency,election_day,456,443,5,8,129,4,22,248,38,0,2
ศรีนครินทร์,บ้านนา,0,constituency,election_day,619,582,23,14,189,4,90,250,46,2,1
ศรีนครินทร์,บ้านนา,1,constituency,election_day,185,182,2,1,58,0,10,102,9,3,0
ศรีนครินทร์,บ้านนา,2,constituency,election_day,501,482,12,7,152,1,68,225,33,0,3
ศรีนครินทร์,บ้านนา,3,constituency,election_day,439,422,14,3,135,1,79,194,12,1,0
ศรีนครินทร์,บ้านนา,4,constituency,election_day,314,298,6,10,118,0,31,124,23,2,0
ศรีนครินทร์,บ้านนา,5,constituency,election_day,433,418,6,9,107,1,42,247,19,0,2
ศรีนครินทร์,บ้านนา,6,constituency,election_day,406,395,6,5,158,2,53,161,17,1,3
ศรีนครินทร์,บ้านนา,7,constituency,election_day,591,576,8,7,143,1,113,273,42,0,4
ศรีนครินทร์,บ้านนา,8,constituency,election_day,329,317,5,7,140,0,25,117,35,0,0
ศรีนครินทร์,บ้านนา,9,constituency,election_day,341,336,3,2,137,1,80,94,23,0,1
ศรีนครินทร์,บ้านนา,10,constituency,election_day,427,413,10,4,108,0,42,233,28,0,2
ศรีนครินทร์,บ้านนา,11,constituency,election_day,387,362,14,11,202,2,38,100,18,1,1
ป่าพะยอม,บ้านพร้าว,0,constituency,election_day,438,416,0,22,116,3,76,153,64,0,4
ป่าพะยอม,บ้านพร้าว,1,constituency,election_day,392,366,3,23,104,4,62,161,34,0,1
ป่าพะยอม,บ้านพร้าว,2,constituency,election_day,506,479,11,16,117,7,54,269,30,1,1
ป่าพะยอม,บ้านพร้าว,3,constituency,election_day,677,648,13,16,134,5,61,408,38,2,0
ป่าพะยอม,บ้านพร้าว,4,constituency,election_day,318,297,8,13,118,8,53,87,27,2,2
ป่าพะยอม,บ้านพร้าว,5,constituency,election_day,243,225,7,11,40,3,38,132,10,1,1
ป่าพะยอม,บ้านพร้าว,6,constituency,election_day,628,613,5,10,164,2,47,363,33,2,2
ป่าพะยอม,บ้านพร้าว,7,constituency,election_day,373,356,13,4,73,0,31,232,18,0,2
ป่าพะยอม,บ้านพร้าว,8,constituency,election_day,687,657,21,9,122,8,59,437,24,4,3
ป่าพะยอม,บ้านพร้าว,9,constituency,election_day,636,605,14,17,138,5,66,341,51,2,2
ป่าพะยอม,บ้านพร้าว,10,constituency,election_day,443,419,12,12,98,4,65,227,22,2,1
ควนขนุน,ปันแต,0,constituency,election_day,227,219,6,2,124,2,21,63,8,0,1
ควนขนุน,ปันแต,1,constituency,election_day,129,127,1,1,100,0,0,25,2,0,0
ควนขนุน,ปันแต,2,constituency,election_day,493,478,7,8,136,3,51,271,15,0,2
ควนขนุน,ปันแต,3,constituency,election_day,251,236,3,12,63,12,23,135,3,0,0
ควนขนุน,ปันแต,4,constituency,election_day,490,479,6,5,193,0,29,237,19,1,0
ควนขนุน,ปันแต,5,constituency,election_day,498,481,11,6,123,24,14,308,10,1,1
ควนขนุน,ปันแต,6,constituency,election_day,200,192,4,4,72,2,14,92,12,0,0
ควนขนุน,ปันแต,7,constituency,election_day,171,167,1,3,89,3,18,53,4,0,0
ควนขนุน,ปันแต,8,constituency,election_day,349,341,3,5,179,7,32,111,11,0,1
ควนขนุน,ปันแต,9,constituency,election_day,353,346,3,4,85,1,11,229,19,0,1
ควนขนุน,ปันแต,10,constituency,election_day,384,374,8,2,215,0,15,130,11,1,2
ควนขนุน,ปันแต,11,constituency,election_day,336,331,3,2,101,1,41,166,20,1,1
ควนขนุน,ปันแต,12,constituency,election_day,188,183,2,3,38,0,6,132,5,0,2
ป่าพะยอม,ป่าพะยอม,0,constituency,election_day,453,438,11,4,81,4,49,275,27,2,0
ป่าพะยอม,ป่าพะยอม,1,constituency,election_day,337,319,11,7,36,0,67,192,23,1,0
ป่าพะยอม,ป่าพะยอม,2,constituency,election_day,357,327,10,20,46,2,54,198,25,1,1
ป่าพะยอม,ป่าพะยอม,3,constituency,election_day,511,462,16,33,92,5,108,214,37,4,2
ป่าพะยอม,ป่าพะยอม,4,constituency,election_day,397,382,6,9,124,0,37,198,22,1,0
ป่าพะยอม,ป่าพะยอม,5,constituency,election_day,531,487,14,30,78,10,91,268,38,0,2
ป่าพะยอม,ป่าพะยอม,6,constituency,election_day,498,481,6,11,104,3,78,260,32,0,4
ป่าพะยอม,ป่าพะยอม,7,constituency,election_day,571,553,8,10,145,2,74,310,21,0,1
ควนขนุน,พนมวังก์,0,constituency,election_day,400,390,3,7,162,3,38,167,17,1,2
ควนขนุน,พนมวังก์,1,constituency,election_day,631,604,13,14,196,0,71,297,35,1,4
ควนขนุน,พนมวังก์,2,constituency,election_day,574,555,6,13,168,3,67,253,62,0,2
ควนขนุน,พนมวังก์,3,constituency,election_day,530,508,14,8,117,2,49,302,36,1,1
ควนขนุน,พนมวังก์,4,constituency,election_day,398,374,15,9,197,1,27,130,18,0,1
ควนขนุน,พนมวังก์,5,constituency,election_day,628,607,6,15,173,2,44,350,38,0,0
ควนขนุน,พนมวังก์,6,constituency,election_day,516,491,8,17,139,4,93,215,36,1,3
ควนขนุน,พนมวังก์,7,constituency,election_day,551,530,13,8,192,4,47,255,27,2,3
ควนขนุน,พนางตุง,0,constituency,election_day,412,392,16,4,169,1,14,192,15,0,1
ควนขนุน,พนางตุง,1,constituency,election_day,352,336,10,6,106,2,12,198,18,0,0
ควนขนุน,พนางตุง,2,constituency,election_day,650,624,16,10,218,3,48,311,40,3,1
ควนขนุน,พนางตุง,3,constituency,election_day,367,349,9,9,96,3,46,187,17,0,0
ควนขนุน,พนางตุง,4,constituency,election_day,659,645,10,4,203,3,35,368,29,4,3
ควนขนุน,พนางตุง,5,constituency,election_day,680,655,17,8,186,8,22,417,21,0,1
ควนขนุน,พนางตุง,6,constituency,election_day,483,464,11,8,23,2,15,412,10,0,2
ควนขนุน,พนางตุง,7,constituency,election_day,726,696,21,9,246,0,56,361,31,2,0
ควนขนุน,พนางตุง,8,constituency,election_day,166,163,0,3,49,2,8,96,2,0,6
ควนขนุน,พนางตุง,9,constituency,election_day,632,609,16,7,85,8,42,443,26,4,1
ควนขนุน,พนางตุง,10,constituency,election_day,338,328,4,6,86,2,24,205,10,1,0
ควนขนุน,พนางตุง,11,constituency,election_day,548,525,17,6,112,2,24,365,19,0,3
ควนขนุน,พนางตุง,12,constituency,election_day,510,485,16,9,152,3,24,266,37,0,3
ควนขนุน,มะกอกเหนือ(เทศบาล),0,constituency,election_day,400,389,6,5,56,0,33,276,22,1,1
ควนขนุน,มะกอกเหนือ(เทศบาล),1,constituency,election_day,307,296,1,10,67,0,36,174,17,0,2
ควนขนุน,มะกอกเหนือ(เทศบาล),2,constituency,election_day,374,359,5,10,72,6,49,198,33,0,1
ควนขนุน,มะกอกเหนือ(เทศบาล),3,constituency,election_day,229,222,5,2,67,0,14,131,10,0,0
ควนขนุน,มะกอกเหนือ,0,constituency,election_day,478,458,9,11,95,5,60,263,33,0,2
ควนขนุน,มะกอกเหนือ,1,constituency,election_day,93,92,0,1,14,1,3,66,8,0,0
ควนขนุน,มะกอกเหนือ,2,constituency,election_day,113,107,1,5,40,0,12,53,2,0,0
ควนขนุน,มะกอกเหนือ,3,constituency,election_day,259,254,1,4,83,2,15,133,19,1,1
ควนขนุน,มะกอกเหนือ,4,constituency,election_day,461,441,9,11,243,1,49,110,30,0,8
ควนขนุน,มะกอกเหนือ,5,constituency,election_day,477,452,11,14,189,2,58,162,31,0,10
ควนขนุน,มะกอกเหนือ,6,constituency,election_day,485,472,1,12,169,5,73,177,40,1,7
ควนขนุน,มะกอกเหนือ,7,constituency,election_day,420,409,3,8,117,1,41,225,21,1,3
ควนขนุน,มะกอกเหนือ,8,constituency,election_day,413,400,8,5,188,4,41,137,24,1,5
ควนขนุน,มะกอกเหนือ,9,constituency,election_day,162,156,3,3,78,1,18,43,15,0,1
ป่าพะยอม,ลานข่อย,0,constituency,election_day,328,312,9,7,111,0,35,135,27,2,2
ป่าพะยอม,ลานข่อย,1,constituency,election_day,438,424,10,4,155,1,53,186,28,0,1
ป่าพะยอม,ลานข่อย,2,constituency,election_day,361,350,4,7,131,0,23,174,19,3,0
ป่าพะยอม,ลานข่อย,3,constituency,election_day,355,343,6,6,118,2,34,178,9,2,0
ป่าพะยอม,ลานข่อย,4,constituency,election_day,365,354,8,3,141,0,40,155,12,5,1
ป่าพะยอม,ลานข่อย,5,constituency,election_day,364,350,9,5,152,0,32,144,22,0,0
ป่าพะยอม,ลานข่อย,6,constituency,election_day,628,598,8,22,247,4,72,246,29,0,0
ป่าพะยอม,ลานข่อย,7,constituency,election_day,361,341,13,7,169,2,54,103,11,0,2
ป่าพะยอม,ลานข่อย,8,constituency,election_day,513,499,12,2,195,3,57,219,23,0,2
ป่าพะยอม,ลานข่อย,9,constituency,election_day,507,491,4,12,156,1,51,255,27,1,0
ป่าพะยอม,ลานข่อย,10,constituency,election_day,342,327,6,9,137,2,58,114,16,0,0
ป่าพะยอม,ลานข่อย,11,constituency,election_day,595,581,7,7,268,2,51,243,17,0,0
ศรีนครินทร์,ลำสินธ์ุ,0,constituency,election_day,561,534,8,19,259,2,79,140,53,1,0
ศรีนครินทร์,ลำสินธ์ุ,1,constituency,election_day,399,388,10,1,164,0,27,179,17,1,0
ศรีนครินทร์,ลำสินธ์ุ,2,constituency,election_day,536,511,20,5,257,1,34,183,33,1,2
ศรีนครินทร์,ลำสินธ์ุ,3,constituency,election_day,221,214,3,4,122,0,16,71,4,1,0
ศรีนครินทร์,ลำสินธ์ุ,4,constituency,election_day,417,400,7,10,189,1,44,148,11,1,6
ศรีนครินทร์,ลำสินธ์ุ,5,constituency,election_day,591,568,20,3,261,3,74,195,30,2,3
ศรีนครินทร์,ลำสินธ์ุ,6,constituency,election_day,604,587,15,2,278,2,34,257,15,0,1
ศรีนครินทร์,ลำสินธ์ุ,7,constituency,election_day,563,544,11,8,255,0,49,194,43,2,1
ศรีนครินทร์,ลำสินธ์ุ,8,constituency,election_day,233,225,7,1,100,0,10,105,9,0,1
กงหรา2,สมหวัง,0,constituency,election_day,316,302,8,6,137,2,32,111,19,1,0
กงหรา2,สมหวัง,1,constituency,election_day,665,625,23,17,221,3,109,256,33,1,2
กงหรา2,สมหวัง,2,constituency,election_day,396,379,13,4,121,1,46,189,22,0,0
กงหรา2,สมหวัง,3,constituency,election_day,358,332,20,6,88,0,60,166,16,1,1
กงหรา2,สมหวัง,4,constituency,election_day,413,392,9,12,135,2,48,175,29,0,3
กงหรา2,สมหวัง,5,constituency,election_day,374,345,20,9,176,4,56,68,38,0,3
กงหรา2,สมหวัง,6,constituency,election_day,427,411,12,4,198,0,50,135,25,2,1
กงหรา2,สมหวัง,7,constituency,election_day,197,186,4,7,83,0,36,61,5,0,1
ศรีนครินทร์,อ่างทอง,0,constituency,election_day,450,439,7,4,159,0,21,240,19,0,0
ศรีนครินทร์,อ่างทอง,1,constituency,election_day,379,363,7,9,89,0,47,199,27,0,1
ศรีนครินทร์,อ่างทอง,2,constituency,election_day,498,468,20,10,134,1,52,254,26,1,0
ศรีนครินทร์,อ่างทอง,3,constituency,election_day,538,530,1,7,84,2,31,396,15,1,1
ศรีนครินทร์,อ่างทอง,4,constituency,election_day,300,290,8,2,128,0,18,132,12,0,0
ศรีนครินทร์,อ่างทอง,5,constituency,election_day,223,214,8,1,59,1,24,122,7,1,0
ศรีนครินทร์,อ่างทอง,6,constituency,election_day,299,285,6,8,138,0,29,98,17,0,3
ศรีนครินทร์,อ่างทอง,7,constituency,election_day,250,242,6,2,130,0,20,82,10,0,0
ป่าพะยอม,เกาะเต่า,0,constituency,election_day,530,511,16,3,191,6,24,267,20,3,0
ป่าพะยอม,เกาะเต่า,1,constituency,election_day,334,325,4,5,88,2,42,178,15,0,0
ป่าพะยอม,เกาะเต่า,2,constituency,election_day,339,329,3,7,89,2,28,191,18,1,0
ป่าพะยอม,เกาะเต่า,3,constituency,election_day,556,539,4,13,139,5,32,329,33,0,1
ป่าพะยอม,เกาะเต่า,4,constituency,election_day,381,369,9,3,84,3,54,202,21,1,4
ป่าพะยอม,เกาะเต่า,5,constituency,election_day,411,395,3,13,101,1,41,226,25,1,0
ป่าพะยอม,เกาะเต่า,6,constituency,election_day,352,343,4,5,57,1,56,205,22,2,0
ป่าพะยอม,เกาะเต่า,7,constituency,election_day,500,486,8,6,92,3,58,301,30,0,2
ป่าพะยอม,เกาะเต่า,8,constituency,election_day,424,406,8,10,124,2,21,235,22,1,1
ป่าพะยอม,เกาะเต่า,9,constituency,election_day,380,369,6,5,111,26,25,175,31,1,0
ป่าพะยอม,เกาะเต่า,10,constituency,election_day,503,488,4,11,109,9,27,312,30,0,1
ป่าพะยอม,เกาะเต่า,11,constituency,election_day,579,558,11,10,163,3,65,281,42,0,4
ป่าพะยอม,เกาะเต่า,12,constituency,election_day,658,638,9,11,250,5,34,321,24,1,3
ป่าพะยอม,เกาะเต่า,13,constituency,election_day,493,477,5,11,134,1,62,258,22,0,0
ป่าพะยอม,เกาะเต่า,14,constituency,election_day,600,585,9,6,171,7,52,319,35,0,1
ป่าพะยอม,เกาะเต่า,15,constituency,election_day,371,356,6,9,119,7,56,156,12,2,4
ป่าพะยอม,เกาะเต่า,16,constituency,election_day,380,362,9,9,154,2,42,141,21,1,1
ศรีบรรพต,เขาปู่,0,constituency,election_day,359,340,9,10,86,6,35,183,27,1,2
ศรีบรรพต,เขาปู่,1,constituency,election_day,494,464,15,15,174,1,58,192,38,0,1
ศรีบรรพต,เขาปู่,2,constituency,election_day,198,181,4,13,36,0,16,120,9,0,0
ศรีบรรพต,เขาปู่,3,constituency,election_day,298,282,8,8,57,2,22,185,14,1,1
ศรีบรรพต,เขาปู่,4,constituency,election_day,253,233,3,17,70,4,27,119,9,0,4
ศรีบรรพต,เขาปู่,5,constituency,election_day,499,478,10,11,149,4,38,245,40,2,0
ศรีบรรพต,เขาปู่,6,constituency,election_day,361,349,6,6,98,3,15,218,12,2,1
ศรีบรรพต,เขาปู่,7,constituency,election_day,435,412,10,13,117,5,65,198,22,2,3
ศรีบรรพต,เขาปู่,8,constituency,election_day,290,278,4,8,113,5,21,122,16,0,1
ศรีบรรพต,เขาปู่,9,constituency,election_day,283,278,2,3,35,0,29,200,14,0,0
ศรีบรรพต,เขาปู่,10,constituency,election_day,357,341,6,10,79,4,40,195,21,1,1
ศรีบรรพต,เขาย่า,0,constituency,election_day,404,387,9,8,51,3,34,272,25,1,1
ศรีบรรพต,เขาย่า,1,constituency,election_day,396,384,6,6,79,0,25,254,25,0,1
ศรีบรรพต,เขาย่า,2,constituency,election_day,537,524,3,10,129,11,57,302,24,0,1
ศรีบรรพต,เขาย่า,3,constituency,election_day,474,456,11,7,117,2,36,280,21,0,0
ศรีบรรพต,เขาย่า,4,constituency,election_day,451,439,8,4,91,1,49,271,26,0,1
ศรีบรรพต,เขาย่า,5,constituency,election_day,496,468,15,13,164,3,40,232,21,3,5
ศรีบรรพต,เขาย่า,6,constituency,election_day,552,511,18,23,164,3,43,266,32,0,3
ศรีบรรพต,เขาย่า,7,constituency,election_day,537,520,8,9,150,21,71,248,27,1,2
ศรีบรรพต,เขาย่า,8,constituency,election_day,375,359,3,13,45,0,45,249,18,0,2
ศรีบรรพต,เขาย่า,9,constituency,election_day,446,428,13,5,93,0,33,287,15,0,0
ควนขนุน,แพรกหา,0,constituency,election_day,622,609,8,5,137,1,43,389,39,0,0
ควนขนุน,แพรกหา,1,constituency,election_day,346,331,4,11,101,8,54,152,12,2,2
ควนขนุน,แพรกหา,2,constituency,election_day,575,548,7,20,178,2,67,255,39,3,4
ควนขนุน,แพรกหา,3,constituency,election_day,680,651,16,13,229,2,45,333,41,0,1
ควนขนุน,แพรกหา,4,constituency,election_day,677,648,17,12,209,0,69,326,44,0,0
ควนขนุน,แพรกหา,5,constituency,election_day,417,403,6,8,61,2,57,247,31,3,2
ควนขนุน,แพรกหา,6,constituency,election_day,434,421,9,4,154,0,35,204,28,0,0
ควนขนุน,แพรกหา,7,constituency,election_day,385,366,5,14,74,2,49,221,18,2,0
ควนขนุน,แหลมโตนด,0,constituency,election_day,512,494,16,2,263,3,54,151,20,1,2
ควนขนุน,แหลมโตนด,1,constituency,election_day,386,371,11,4,132,20,37,171,11,0,0
ควนขนุน,แหลมโตนด,2,constituency,election_day,326,312,10,4,110,4,16,165,15,0,2
ควนขนุน,แหลมโตนด,3,constituency,election_day,590,559,18,13,161,2,46,314,29,2,5
ควนขนุน,แหลมโตนด,4,constituency,election_day,305,292,4,9,126,7,33,115,11,0,0
ควนขนุน,แหลมโตนด,5,constituency,election_day,224,213,10,1,133,6,23,47,3,1,0
ควนขนุน,แหลมโตนด,6,constituency,election_day,323,314,6,3,103,5,29,169,8,0,0
ควนขนุน,แหลมโตนด,7,constituency,election_day,276,263,8,5,116,8,16,106,14,2,1
ควนขนุน,แหลมโตนด,8,constituency,election_day,232,228,1,3,72,28,43,75,6,1,3
ควนขนุน,โตนดด้วน,0,constituency,election_day,262,250,3,9,37,2,21,168,8,1,13
ควนขนุน,โตนดด้วน,1,constituency,election_day,596,579,8,9,158,2,39,345,30,2,3
ควนขนุน,โตนดด้วน,2,constituency,election_day,246,234,7,5,49,0,28,140,15,1,1
ควนขนุน,โตนดด้วน,3,constituency,election_day,231,221,4,6,41,1,20,141,16,1,1
ควนขนุน,โตนดด้วน,4,constituency,election_day,558,546,4,8,122,4,43,348,24,2,3
ควนขนุน,โตนดด้วน,5,constituency,election_day,226,216,3,7,79,1,10,117,9,0,0
ควนขนุน,โตนดด้วน,6,constituency,election_day,705,675,13,17,129,3,51,448,43,1,0
ควนขนุน,โตนดด้วน,7,constituency,election_day,341,332,6,3,56,0,11,247,17,0,1
ควนขนุน,โตนดด้วน,8,constituency,election_day,431,408,10,13,128,3,30,213,32,1,1
ควนขนุน,โตนดด้วน,9,constituency,election_day,280,266,6,8,103,0,24,127,8,1,3
ควนขนุน,โตนดด้วน,10,constituency,election_day,374,363,4,7,24,1,24,295,17,1,1
,,0,constituency,out_of_district_advance,765,695,6,64,91,18,88,197,286,7,8
,,1,constituency,out_of_district_advance,761,689,11,61,114,19,101,211,233,5,6
,,2,constituency,out_of_district_advance,765,719,15,31,96,17,85,257,248,6,10
,,3,constituency,out_of_district_advance,520,475,5,40,60,9,65,172,159,5,5
,,4,constituency,out_of_district_advance,765,705,11,49,101,13,88,214,276,3,10
,,5,constituency,out_of_district_advance,763,692,12,59,116,15,98,209,238,5,11
,,6,constituency,out_of_district_advance,765,705,10,50,98,11,74,217,298,5,2
,,7,constituency,out_of_district_advance,765,692,11,62,95,19,92,229,241,7,9
,,8,constituency,out_of_district_advance,765,687,13,65,100,9,77,221,268,8,4
,,9,constituency,out_of_district_advance,770,699,13,58,125,17,91,220,230,5,11
,,0,constituency,in_district_advance,9,9,0,0,3,0,1,5,0,0,0
