district,subdistrict,unit_index,form_type,vote_phase,ballot_total,ballot_valid,ballot_invalid,ballot_no_vote,นิติศักดิ์ ธรรมเพชร,พ.ต.อ.พงศ์พสิษฐ์ ทองด้วง,ภพเอกอัคร อินทรโม,วรท เทอดวีระพงศ์,ศุภกร ขุนชิต,สมเสริม ชูรักษ์,อธิคม ขุนแก้ว,vote_sum,vote_mismatch,invalid_ratio,no_vote_ratio,turnout,winner_votes,winner_ratio,winner_margin,vote_entropy,validation_error,has_validation_error,integrity_score,anomaly_iforest,anomaly_dbscan,anomaly_type,source_row_id,latitude,longitude,latlong_location,is_integrity_or_anomaly_issue,issue_num,mixed_kmeans_cluster,geo_dbscan_cluster
ควนขนุน,ควนขนุน(เทศบาล),1,constituency,election_day,256,237,5,14,64,4,37,115,12,3,2,237,0,0.01953125,0.0546875,0.92578125,115.0,0.4852320675105485,0.2151898734177215,1.309891941414925,,False,97.9296875,False,True,UNUSUAL_VOTING_PATTERN,0,7.734476799999999,100.0124479,อาคารอเนกประสงค์ สำนักงานเทศบาลตำบลควนขนุน,True,1,6,0
ควนขนุน,ควนขนุน(เทศบาล),2,constituency,election_day,337,322,6,9,76,9,50,163,22,0,2,322,0,0.0178041543026706,0.0267062314540059,0.9554896142433236,163.0,0.5062111801242236,0.2701863354037267,1.2895129853093166,,False,98.57566765578636,False,False,NORMAL,1,7.733656099999999,100.007411,อาคารหอประชุม โรงเรียนบ้านควนขนุน,False,0,1,0
ควนขนุน,ควนขนุน(เทศบาล),3,constituency,election_day,403,383,4,16,94,4,62,187,34,1,1,383,0,0.009925558312655,0.0397022332506203,0.9503722084367244,187.0,0.4882506527415143,0.2428198433420365,1.2832548637513697,,False,98.70967741935485,False,False,NORMAL,2,7.737481399999999,100.0066003,ศาลาการเปรียญ วัดสุวรรณวิชัย,False,0,1,0
ควนขนุน,ควนขนุน(เทศบาล),4,constituency,election_day,206,199,1,6,23,5,41,112,17,0,1,199,0,0.0048543689320388,0.029126213592233,0.9660194174757282,112.0,0.5628140703517588,0.3567839195979899,1.2276942131796489,,False,99.1747572815534,False,False,NORMAL,3,7.7484794,100.0080005,อาคารพ่อท่านนะ วัดสุวรรณวิชัย,False,0,0,0
ควนขนุน,ควนขนุน,1,constituency,election_day,384,378,4,2,134,8,23,201,11,1,0,378,0,0.0104166666666666,0.0052083333333333,0.984375,201.0,0.5317460317460317,0.1772486772486772,1.074038198228351,,False,99.375,False,False,NORMAL,4,7.7485644,100.007979,ศาลาประจำหมู่บ้านบ้านควนบก,False,0,0,0
ควนขนุน,ควนขนุน,2,constituency,election_day,305,297,5,3,100,1,23,167,6,0,0,297,0,0.0163934426229508,0.0098360655737704,0.9737704918032788,167.0,0.5622895622895623,0.2255892255892256,0.9863620746473258,,False,98.98360655737704,False,False,NORMAL,5,7.7484794,100.0080005,ศาลา อพป.บ้านดอนนูด,False,0,0,0
ควนขนุน,ควนขนุน,3,constituency,election_day,639,605,15,19,150,2,76,336,35,2,4,605,0,0.0234741784037558,0.0297339593114241,0.94679186228482,336.0,0.5553719008264463,0.3074380165289256,1.168806431514007,,False,98.23161189358372,False,False,NORMAL,6,7.747440399999999,99.9966606,ศาลาประจำหมู่บ้านบ้านโคกวัด,False,0,1,0
ควนขนุน,ควนขนุน,4,constituency,election_day,707,675,17,15,226,5,78,310,56,0,0,675,0,0.024045261669024,0.0212164073550212,0.9547383309759548,310.0,0.4592592592592592,0.1244444444444444,1.2159445504588804,,False,98.37340876944836,False,False,NORMAL,7,7.7516832,100.0132899,ศาลาประจำหมู่บ้านบ้านโคกวา,False,0,1,0
ควนขนุน,ควนขนุน,5,constituency,election_day,381,371,5,5,166,6,38,144,16,0,1,371,0,0.0131233595800524,0.0131233595800524,0.973753280839895,166.0,0.4474393530997305,0.059299191374663,1.178780665176336,,False,99.08136482939634,False,False,NORMAL,8,7.764699,100.0024084,ศาลาประจำหมู่บ้านบ้านเพิง,False,0,0,1
ควนขนุน,ควนขนุน,6,constituency,election_day,623,598,12,13,240,6,51,270,27,1,3,598,0,0.0192616372391653,0.0208667736757624,0.9598715890850722,270.0,0.451505016722408,0.0501672240802675,1.1586670635424892,,False,98.61958266452648,False,False,NORMAL,9,7.7625474,100.0007649,ศาลาประจำหมู่บ้านบ้านควนพลี,False,0,1,1
ควนขนุน,ควนขนุน,7,constituency,election_day,374,360,9,5,35,2,37,252,33,0,1,360,0,0.0240641711229946,0.0133689839572192,0.962566844919786,252.0,0.7,0.5972222222222222,0.9743587012769384,,False,98.52941176470588,False,False,NORMAL,10,7.764699,100.0024084,ศาลาประจำหมู่บ้านบ้านโพธิ์,False,0,3,1
ควนขนุน,ควนขนุน,8,constituency,election_day,208,203,5,0,63,1,5,128,6,0,0,203,0,0.0240384615384615,0.0,0.9759615384615384,128.0,0.6305418719211823,0.3201970443349753,0.8753975656333323,,False,98.79807692307692,False,False,NORMAL,11,7.764699,100.0024084,ศาลาประจำหมู่บ้านบ้านข่อยม้า,False,0,3,1
ควนขนุน,ควนขนุน,9,constituency,election_day,80,77,0,3,8,0,9,47,11,2,0,77,0,0.0,0.0375,0.9625,47.0,0.6103896103896104,0.4675324675324675,1.160290705337588,,False,99.25,False,False,NORMAL,12,7.735698699999999,100.0077949,ศาลาประจำหมู่บ้าน หมู่ที่ 9 บ้านควนขนุน,False,0,0,0
ควนขนุน,ชะมวง,1,constituency,election_day,573,552,10,11,122,5,46,340,38,1,0,552,0,0.0174520069808027,0.019197207678883,0.9633507853403142,340.0,0.6159420289855072,0.394927536231884,1.0774519496915895,,False,98.7434554973822,False,False,NORMAL,13,7.3838149,100.2598974,ศาลาประจำหมู่บ้านบ้านชะมวง,False,0,3,2
ควนขนุน,ชะมวง,2,constituency,election_day,194,182,5,7,56,2,19,96,9,0,0,182,0,0.0257731958762886,0.0360824742268041,0.9381443298969072,96.0,0.5274725274725275,0.2197802197802197,1.134211207827406,,False,97.98969072164948,False,False,NORMAL,14,7.7408104,99.9839132,ศาลาการเปรียญวัดพิกุลทอง,False,0,1,0
ควนขนุน,ชะมวง,3,constituency,election_day,545,525,14,6,115,0,62,320,25,1,2,525,0,0.0256880733944954,0.0110091743119266,0.963302752293578,320.0,0.6095238095238096,0.3904761904761905,1.064787909693716,,False,98.49541284403672,False,False,NORMAL,15,7.7885424,99.9643809,ศาลาประจำหมู่บ้านบ้านศาลาตำเสา,False,0,3,-1
ควนขนุน,ชะมวง,4,constituency,election_day,185,181,2,2,47,1,5,122,6,0,0,181,0,0.0108108108108108,0.0108108108108108,0.9783783783783784,122.0,0.6740331491712708,0.4143646408839779,0.8568105610151688,,False,99.24324324324324,False,False,NORMAL,16,7.7419453,99.9723573,ศาลาประจำหมู่บ้านบ้านหนักขัน,False,0,3,0
ควนขนุน,ชะมวง,5,constituency,election_day,511,501,3,7,109,7,25,348,11,1,0,501,0,0.0058708414872798,0.0136986301369863,0.980430528375734,348.0,0.6946107784431138,0.4770459081836327,0.8904713769523936,,False,99.43248532289628,False,True,UNUSUAL_VOTING_PATTERN,17,7.753196000000001,99.9551971,ศาลาประจำหมู่บ้านบ้านไสเตียน,True,1,2,-1
ควนขนุน,ชะมวง,6,constituency,election_day,326,315,6,5,43,1,10,248,12,0,1,315,0,0.0184049079754601,0.0153374233128834,0.9662576687116564,248.0,0.7873015873015873,0.6507936507936508,0.7306467189807594,,False,98.77300613496932,False,True,UNUSUAL_VOTING_PATTERN,18,7.3838149,100.2598974,ศาลาประจำหมู่บ้านบ้านค่ายไพออก,True,1,2,2
ควนขนุน,ชะมวง,7,constituency,election_day,394,387,4,3,50,5,5,315,12,0,0,387,0,0.0101522842639593,0.0076142131979695,0.9822335025380712,315.0,0.813953488372093,0.6847545219638242,0.652029885734488,,False,99.34010152284264,False,True,UNUSUAL_VOTING_PATTERN,19,7.3838149,100.2598974,ศาลาประจำหมู่บ้านบ้านค่ายไพตก,True,1,2,2
ควนขนุน,ชะมวง,8,constituency,election_day,360,347,8,5,30,3,23,248,41,2,0,347,0,0.0222222222222222,0.0138888888888888,0.9638888888888888,248.0,0.7146974063400576,0.5965417867435159,0.9547391792922438,,False,98.61111111111111,False,False,NORMAL,20,7.7372374,99.973056,ศาลาประจำหมู่บ้านบ้านไทรโกบ,False,0,3,0
ควนขนุน,ชะมวง,9,constituency,election_day,328,315,6,7,49,1,36,197,28,0,4,315,0,0.0182926829268292,0.0213414634146341,0.9603658536585366,197.0,0.6253968253968254,0.4698412698412698,1.119734814436396,,False,98.65853658536584,False,False,NORMAL,21,7.736974900000001,99.9842367,ศาลาประจำหมู่บ้านบ้านหัวถนน,False,0,3,0
ควนขนุน,ชะมวง,10,constituency,election_day,196,191,1,4,44,0,18,116,10,1,2,191,0,0.0051020408163265,0.0204081632653061,0.9744897959183674,116.0,0.6073298429319371,0.3769633507853403,1.0933224176071896,,False,99.33673469387756,False,False,NORMAL,22,7.737530199999998,99.9891287,ศาลาประจำหมู่บ้านบ้านปาบ,False,0,0,0
ควนขนุน,ชะมวง,11,constituency,election_day,486,476,9,1,161,1,24,266,21,1,2,476,0,0.0185185185185185,0.0020576131687242,0.9794238683127572,266.0,0.5588235294117647,0.2205882352941176,1.02905088284467,,False,99.0329218106996,False,False,NORMAL,23,7.771804299999999,99.9381744,ศาลาประจำหมู่บ้านบ้านสามหนอง,False,0,0,-1
ควนขนุน,ชะมวง,12,constituency,election_day,296,285,5,6,83,1,13,174,14,0,0,285,0,0.0168918918918918,0.0202702702702702,0.9628378378378378,174.0,0.6105263157894737,0.3192982456140351,0.9692241389631794,,False,98.75,False,False,NORMAL,24,7.7427958,99.9646715,ศาลาประจำหมู่บ้านบ้านศาลาม่วง,False,0,3,0
ควนขนุน,ชะมวง,13,constituency,election_day,462,448,9,5,93,1,44,285,23,0,2,448,0,0.0194805194805194,0.0108225108225108,0.9696969696969696,285.0,0.6361607142857143,0.4285714285714285,1.0322526644245564,,False,98.8095238095238,False,False,NORMAL,25,7.7851689,99.9546944,ศาลาประจำหมู่บ้านบ้านไสตอ,False,0,3,-1
ควนขนุน,ชะมวง,14,constituency,election_day,588,572,9,7,166,2,73,291,37,1,2,572,0,0.0153061224489795,0.0119047619047619,0.9727891156462584,291.0,0.5087412587412588,0.2185314685314685,1.193357288044135,,False,98.99659863945578,False,False,NORMAL,26,7.769434400000001,99.9700718,ศาลาประจำหมู่บ้านบ้านหยีใน,False,0,0,-1
ควนขนุน,ชะมวง,15,constituency,election_day,366,349,10,7,84,0,33,218,12,2,0,349,0,0.0273224043715847,0.0191256830601092,0.953551912568306,218.0,0.6246418338108882,0.3839541547277937,1.0052196056470415,,False,98.25136612021858,False,False,NORMAL,27,7.7851689,99.9546944,ศาลาประจำหมู่บ้านบ้านไสตอตก,False,0,3,-1
กงหรา2,ชะรัด,1,constituency,election_day,593,565,14,14,209,1,42,278,31,2,2,565,0,0.0236087689713322,0.0236087689713322,0.9527824620573356,278.0,0.4920353982300885,0.1221238938053097,1.1204808739856915,,False,98.34738617200676,False,False,NORMAL,28,7.4710752,99.9927726,ศาลาประจำหมู่บ้านบ้านต้นประดู่,False,0,1,3
กงหรา2,ชะรัด,2,constituency,election_day,419,393,17,9,118,4,27,215,27,2,0,393,0,0.0405727923627685,0.0214797136038186,0.9379474940334128,215.0,0.5470737913486005,0.2468193384223918,1.132754588194378,,False,97.5417661097852,False,False,NORMAL,29,7.477495999999999,100.0135447,ศาลาประจำหมู่บ้านบ้านวังปริง,False,0,1,-1
กงหรา2,ชะรัด,3,constituency,election_day,655,619,26,10,232,3,70,273,39,2,0,619,0,0.0396946564885496,0.015267175572519,0.9450381679389313,273.0,0.4410339256865913,0.0662358642972536,1.1938814072860284,,False,97.70992366412212,False,False,NORMAL,30,7.471108099999999,100.0050042,ศาลาประจำหมู่บ้านบ้านหัวหรั่ง,False,0,1,3
กงหรา2,ชะรัด,4,constituency,election_day,331,313,4,14,190,2,18,79,21,1,2,313,0,0.0120845921450151,0.0422960725075528,0.945619335347432,190.0,0.6070287539936102,0.3546325878594249,1.078934163025937,,False,98.5498489425982,False,False,NORMAL,31,7.470731900000001,99.9856344,ศาลาประจำหมู่บ้านบ้านท่ายาง,False,0,3,3
กงหรา2,ชะรัด,5,constituency,election_day,399,383,12,4,204,2,33,92,50,1,1,383,0,0.0300751879699248,0.0100250626566416,0.9598997493734336,204.0,0.5326370757180157,0.2924281984334204,1.2136401536880796,,False,98.29573934837092,False,False,NORMAL,32,7.471220799999999,99.979161,อาคารสำนักงานเทศบาลตำบลชะรัด,False,0,1,3
กงหรา2,ชะรัด,6,constituency,election_day,429,411,14,4,201,6,18,137,49,0,0,411,0,0.0326340326340326,0.0093240093240093,0.958041958041958,201.0,0.4890510948905109,0.1557177615571776,1.1682814957048784,,False,98.1818181818182,False,False,NORMAL,33,7.471220799999999,99.979161,อาคารสำนักงานเทศบาลตำบลชะรัด,False,0,1,3
กงหรา2,ชะรัด,7,constituency,election_day,277,264,7,6,73,1,30,142,16,1,1,264,0,0.0252707581227436,0.0216606498194945,0.9530685920577616,142.0,0.5378787878787878,0.2613636363636363,1.1694024274307375,,False,98.30324909747291,False,False,NORMAL,34,7.470731900000001,99.9856344,ศาลาอเนกประสงค์บ้านนามะพร้าว,False,0,1,3
กงหรา2,ชะรัด,8,constituency,election_day,617,590,14,13,211,3,69,277,26,3,1,590,0,0.0226904376012965,0.0210696920583468,0.9562398703403564,277.0,0.4694915254237288,0.111864406779661,1.1757997438232894,,False,98.44408427876824,False,False,NORMAL,35,7.470731900000001,99.9856344,ศูนย์ถ่ายทอดเทคโนโลยีตำบลชะรัด,False,0,1,3
กงหรา2,ชะรัด,9,constituency,election_day,383,341,15,27,139,1,41,123,35,1,1,341,0,0.0391644908616188,0.0704960835509138,0.8903394255874674,139.0,0.407624633431085,0.0469208211143695,1.2732778165709664,,False,96.63185378590076,True,True,UNUSUAL_VOTING_PATTERN,36,7.470731900000001,99.9856344,ศาลาประจำหมู่บ้านบ้านหูเล่,True,1,6,3
กงหรา2,ชะรัด,10,constituency,election_day,517,490,18,9,208,2,36,213,26,4,1,490,0,0.034816247582205,0.0174081237911025,0.9477756286266924,213.0,0.4346938775510204,0.010204081632653,1.1478506656912852,,False,97.9110251450677,False,False,NORMAL,37,7.470731900000001,99.9856344,ศาลาประจำหมู่บ้านบ้านสะพานแต้ว,False,0,1,3
ศรีนครินทร์,ชุมพล,1,constituency,election_day,645,610,13,22,343,2,51,170,42,1,1,610,0,0.0201550387596899,0.0341085271317829,0.9457364341085271,343.0,0.5622950819672131,0.2836065573770492,1.111296984586334,,False,98.31007751937985,False,False,NORMAL,38,7.6050041,99.9493424,ศาลาประจำหมู่บ้านบ้านชุมพล,False,0,1,4
ศรีนครินทร์,ชุมพล,2,constituency,election_day,345,332,8,5,190,3,48,66,24,1,0,332,0,0.0231884057971014,0.0144927536231884,0.9623188405797102,190.0,0.572289156626506,0.3734939759036144,1.1700790532473009,,False,98.55072463768116,False,False,NORMAL,39,7.6050041,99.9493424,ศาลาประจำหมู่บ้านบ้านหนองปริง,False,0,3,4
ศรีนครินทร์,ชุมพล,3,constituency,election_day,363,342,11,10,206,1,15,88,32,0,0,342,0,0.0303030303030303,0.0275482093663911,0.9421487603305784,206.0,0.6023391812865497,0.3450292397660818,1.0305053793115515,,False,97.93388429752066,False,False,NORMAL,40,7.615725099999999,99.9576849,ศาลาประจำหมู่บ้านบ้านหนองเสม็ด,False,0,3,5
ศรีนครินทร์,ชุมพล,4,constituency,election_day,418,371,17,30,113,8,18,185,32,8,7,371,0,0.0406698564593301,0.0717703349282296,0.8875598086124402,185.0,0.4986522911051212,0.1940700808625337,1.307621665313712,,False,96.5311004784689,True,True,UNUSUAL_VOTING_PATTERN,41,7.5827562,99.9618832,ศาลาการเปรียญวัดลำกะ,True,1,6,-1
ศรีนครินทร์,ชุมพล,5,constituency,election_day,402,387,15,0,178,0,54,134,18,2,1,387,0,0.0373134328358208,0.0,0.9626865671641792,178.0,0.4599483204134367,0.1136950904392764,1.184558724907986,,False,98.13432835820896,False,False,NORMAL,42,7.615725099999999,99.9576849,ศาลาประจำหมู่บ้านบ้านห้วยไทร,False,0,1,5
ศรีนครินทร์,ชุมพล,6,constituency,election_day,493,461,11,21,212,0,61,146,35,1,6,461,0,0.0223123732251521,0.0425963488843813,0.9350912778904664,212.0,0.4598698481561822,0.1431670281995661,1.2545392540987017,,False,98.03245436105476,False,False,NORMAL,43,7.6050041,99.9493424,ศาลาประจำหมู่บ้านบ้านหนองหาญ (หนองโหล๊ะ),False,0,1,4
ศรีนครินทร์,ชุมพล,7,constituency,election_day,274,255,6,13,130,0,26,80,18,0,1,255,0,0.0218978102189781,0.0474452554744525,0.9306569343065694,130.0,0.5098039215686274,0.196078431372549,1.14879761981009,,False,97.95620437956204,False,False,NORMAL,44,7.6050041,99.9493424,ศาลาอเนกประสงค์บ้านทุ่งยวน,False,0,1,4
ศรีนครินทร์,ชุมพล,8,constituency,election_day,637,609,10,18,229,1,65,246,66,0,2,609,0,0.0156985871271585,0.0282574568288854,0.956043956043956,246.0,0.4039408866995074,0.0279146141215106,1.2428977807946875,,False,98.64992150706438,False,False,NORMAL,45,7.6050041,99.9493424,ศาลาประจำหมู่บ้านบ้านควนดินสอ,False,0,1,4
ศรีนครินทร์,ชุมพล,9,constituency,election_day,290,277,8,5,132,1,33,100,10,0,1,277,0,0.0275862068965517,0.0172413793103448,0.9551724137931036,132.0,0.4765342960288808,0.1155234657039711,1.13500135875577,,False,98.27586206896552,False,False,NORMAL,46,7.650070299999999,99.9772486,ศาลาอเนกประสงค์บ้านสวนโหนด,False,0,1,-1
ศรีนครินทร์,ชุมพล,10,constituency,election_day,349,340,7,2,207,0,9,112,11,1,0,340,0,0.0200573065902578,0.0057306590257879,0.9742120343839542,207.0,0.6088235294117647,0.2794117647058823,0.8921911088225895,,False,98.88252148997134,False,False,NORMAL,47,17.0245089,102.9780981,ศาลาประจำหมู่บ้านบ้านหนองหว้า,False,0,5,-1
ศรีนครินทร์,ชุมพล,11,constituency,election_day,547,519,12,16,228,3,43,210,30,3,2,519,0,0.0219378427787934,0.0292504570383912,0.9488117001828154,228.0,0.4393063583815029,0.0346820809248554,1.1795939036473966,,False,98.31809872029253,False,False,NORMAL,48,7.6050041,99.9493424,ศาลาประจำหมู่บ้านบ้านลำกะ,False,0,1,4
ศรีนครินทร์,ชุมพล,12,constituency,election_day,244,233,5,6,151,1,19,48,13,0,1,233,0,0.0204918032786885,0.0245901639344262,0.9549180327868853,151.0,0.648068669527897,0.4420600858369098,1.018782719085895,,False,98.48360655737706,False,False,NORMAL,49,7.6050041,99.9493424,ศาลาประจำหมู่บ้านบ้านต้นธง,False,0,3,4
ศรีนครินทร์,ชุมพล,13,constituency,election_day,254,245,1,8,159,0,44,30,11,0,1,245,0,0.0039370078740157,0.0314960629921259,0.9645669291338582,159.0,0.6489795918367347,0.4693877551020408,1.0078995105607798,,False,99.1732283464567,False,False,NORMAL,50,7.615725099999999,99.9576849,ศาลาประจำหมู่บ้านบ้านนารา,False,0,0,5
ศรีนครินทร์,ชุมพล,14,constituency,election_day,275,260,9,6,135,0,17,96,10,0,2,260,0,0.0327272727272727,0.0218181818181818,0.9454545454545454,135.0,0.5192307692307693,0.15,1.0492728094381574,,False,97.92727272727272,False,False,NORMAL,51,7.615725099999999,99.9576849,ศาลาประจำหมู่บ้านบ้านหนองโหรง,False,0,1,5
ศรีนครินทร์,ชุมพล,15,constituency,election_day,247,239,2,6,126,1,20,82,10,0,0,239,0,0.0080971659919028,0.0242914979757085,0.9676113360323888,126.0,0.5271966527196653,0.1841004184100418,1.0678317738872627,,False,99.10931174089067,False,False,NORMAL,52,7.6050041,99.9493424,ศาลาประจำหมู่บ้านบ้านชุมทอง,False,0,0,4
ควนขนุน,ดอนทราย,1,constituency,election_day,206,205,1,0,26,0,2,172,4,0,1,205,0,0.0048543689320388,0.0,0.9951456310679612,172.0,0.8390243902439024,0.7121951219512195,0.557102506913667,,False,99.75728155339806,True,True,UNUSUAL_VOTING_PATTERN,53,7.7173634,99.9632741,ศาลาประจำหมู่บ้านบ้านเขากอย,True,1,2,6
ควนขนุน,ดอนทราย,2,constituency,election_day,372,365,2,5,81,2,39,207,30,0,6,365,0,0.0053763440860215,0.0134408602150537,0.9811827956989247,207.0,0.5671232876712329,0.3452054794520548,1.1961306451994558,,False,99.46236559139786,False,False,NORMAL,54,7.7253162,99.9828919,ศาลาประจำหมู่บ้านบ้านหม้อ,False,0,0,0
ควนขนุน,ดอนทราย,3,constituency,election_day,301,290,7,4,53,0,22,208,7,0,0,290,0,0.0232558139534883,0.0132890365448504,0.9634551495016612,208.0,0.7172413793103448,0.5344827586206896,0.8345095539687725,,False,98.57142857142856,False,False,NORMAL,55,7.7066667,99.9511111,ศาลาประจำหมู่บ้านบ้านเขาวัง,False,0,3,-1
ควนขนุน,ดอนทราย,4,constituency,election_day,255,250,1,4,30,1,9,204,6,0,0,250,0,0.0039215686274509,0.0156862745098039,0.9803921568627452,204.0,0.816,0.696,0.6516290050403301,,False,99.49019607843135,False,True,UNUSUAL_VOTING_PATTERN,56,7.7173634,99.9632741,ศาลาประจำหมู่บ้านบ้านลำรุณ,True,1,2,6
ควนขนุน,ดอนทราย,5,constituency,election_day,475,452,14,9,76,2,49,306,19,0,0,452,0,0.0294736842105263,0.0189473684210526,0.9515789473684212,306.0,0.6769911504424779,0.5088495575221239,0.9619507536554776,,False,98.14736842105263,False,False,NORMAL,57,7.7173634,99.9632741,ศาลาประจำหมู่บ้านบ้านควนเหลง,False,0,3,6
ควนขนุน,ดอนทราย,6,constituency,election_day,284,272,5,7,29,0,12,215,13,1,2,272,0,0.0176056338028169,0.0246478873239436,0.9577464788732394,215.0,0.7904411764705882,0.6838235294117647,0.7643010702569123,,False,98.62676056338027,False,True,UNUSUAL_VOTING_PATTERN,58,7.722331100000001,99.9800438,ศาลาประจำหมู่บ้านบ้านเกาะทอง,True,1,2,-1
ควนขนุน,ดอนทราย,7,constituency,election_day,528,519,5,4,44,2,22,434,17,0,0,519,0,0.0094696969696969,0.0075757575757575,0.9829545454545454,434.0,0.8362235067437379,0.7514450867052023,0.6261629835976079,,False,99.375,True,True,UNUSUAL_VOTING_PATTERN,59,7.7186105,99.9665503,ศาลาประจำหมู่บ้านบ้านควนดินแดง,True,1,2,6
ควนขนุน,ดอนทราย,8,constituency,election_day,262,251,6,5,39,7,10,187,8,0,0,251,0,0.0229007633587786,0.0190839694656488,0.9580152671755724,187.0,0.7450199203187251,0.5896414342629482,0.8466522624081574,,False,98.47328244274809,False,False,NORMAL,60,7.7290582,99.9418062,ศาลาประจำหมู่บ้านบ้านจันนา,False,0,3,-1
ควนขนุน,ดอนทราย,9,constituency,election_day,586,566,7,13,106,2,56,370,28,1,3,566,0,0.0119453924914675,0.0221843003412969,0.9658703071672357,370.0,0.6537102473498233,0.4664310954063604,1.028127279165661,,False,98.95904436860069,False,False,NORMAL,61,7.706008700000001,99.9771524,ศาลาประจำหมู่บ้านบ้านไสอ้อย,False,0,3,-1
ควนขนุน,ดอนทราย,10,constituency,election_day,379,369,3,7,58,2,22,276,11,0,0,369,0,0.0079155672823219,0.0184696569920844,0.9736147757255936,276.0,0.7479674796747967,0.5907859078590786,0.8091640969255932,,False,99.2348284960422,False,True,UNUSUAL_VOTING_PATTERN,62,7.7714851,100.0555474,ศาลาประจำหมู่บ้านบ้านไสโพธิ์,True,1,2,-1
ควนขนุน,ดอนทราย,11,constituency,election_day,264,257,5,2,57,5,11,175,7,0,2,257,0,0.0189393939393939,0.0075757575757575,0.9734848484848484,175.0,0.6809338521400778,0.4591439688715953,0.9431493507682004,,False,98.90151515151514,False,False,NORMAL,63,7.7290582,99.9418062,ศาลาประจำหมู่บ้านบ้านจันนาตก,False,0,3,-1
ศรีบรรพต,ตะแพน,1,constituency,election_day,340,335,2,3,136,3,31,143,21,0,1,335,0,0.0058823529411764,0.0088235294117647,0.9852941176470588,143.0,0.426865671641791,0.0208955223880597,1.1828103587369905,,False,99.52941176470588,False,False,NORMAL,64,7.6514478,99.9629591,ศาลาประจำหมู่บ้าน บ้านสวนโหนด หมู่ที่ 1,False,0,0,-1
ศรีบรรพต,ตะแพน,2,constituency,election_day,603,583,16,4,147,3,47,344,42,0,0,583,0,0.0265339966832504,0.0066334991708126,0.966832504145937,344.0,0.5900514579759862,0.3379073756432247,1.0782914427703865,,False,98.54063018242122,False,False,NORMAL,65,7.6554624,99.8766586,โรงอาหารโรงเรียนวัดตะแพน,False,0,3,-1
ศรีบรรพต,ตะแพน,3,constituency,election_day,335,326,2,7,145,0,27,136,16,2,0,326,0,0.0059701492537313,0.0208955223880597,0.9731343283582088,145.0,0.4447852760736196,0.0276073619631901,1.1105698770410646,,False,99.28358208955224,False,False,NORMAL,66,7.639195399999998,99.8683073,ศาลาประจำหมู่บ้าน บ้านวังยาว หมู่ที่ 3,False,0,0,-1
ศรีบรรพต,ตะแพน,4,constituency,election_day,144,142,2,0,62,0,3,72,5,0,0,142,0,0.0138888888888888,0.0,0.9861111111111112,72.0,0.5070422535211268,0.0704225352112676,0.9055079106285387,,False,99.30555555555556,False,True,UNUSUAL_VOTING_PATTERN,67,7.6452374,99.8090063,ศาลาประจำหมู่บ้าน บ้านห้วยครก หมู่ที่ 4,True,1,0,-1
ศรีบรรพต,ตะแพน,5,constituency,election_day,549,531,10,8,199,3,56,235,33,1,4,531,0,0.0182149362477231,0.0145719489981785,0.9672131147540984,235.0,0.4425612052730697,0.0677966101694915,1.2163520128349758,,False,98.79781420765028,False,False,NORMAL,68,7.618795599999999,99.8236533,ศาลาประจำหมู่บ้าน บ้านท่ายูง หมู่ที่ 5,False,0,1,-1
ศรีบรรพต,ตะแพน,6,constituency,election_day,376,369,4,3,128,2,56,147,35,1,0,369,0,0.0106382978723404,0.0079787234042553,0.9813829787234044,147.0,0.3983739837398374,0.051490514905149,1.2877705322990556,,False,99.30851063829786,False,False,NORMAL,69,7.6508473,99.9437136,ศาลาประจำหมู่บ้าน บ้านหน้าควน หมู่ที่ 6,False,0,0,-1
ศรีบรรพต,ตะแพน,7,constituency,election_day,614,602,4,8,238,2,98,230,31,2,1,602,0,0.006514657980456,0.013029315960912,0.980456026058632,238.0,0.3953488372093023,0.0132890365448504,1.23130118890161,,False,99.41368078175896,False,False,NORMAL,70,7.6497788,99.9285556,โรงอาหารโรงเรียนบ้านหัสคุณ,False,0,0,-1
ศรีบรรพต,ตะแพน,8,constituency,election_day,343,335,5,3,121,3,9,190,10,1,1,335,0,0.0145772594752186,0.0087463556851311,0.97667638483965,190.0,0.5671641791044776,0.2059701492537313,0.9683934013185924,,False,99.09620991253644,False,False,NORMAL,71,7.6775386,99.8988081,สำนักสงฆ์บ้านท่าข้าม,False,0,0,-1
ศรีบรรพต,ตะแพน,9,constituency,election_day,339,324,6,9,109,5,33,155,21,0,1,324,0,0.0176991150442477,0.0265486725663716,0.9557522123893806,155.0,0.4783950617283951,0.1419753086419753,1.2114388165077117,,False,98.58407079646015,False,False,NORMAL,72,7.6514478,99.9629591,อาคารโรงเรียนบ้านสวนโหนด,False,0,1,-1
ควนขนุน,ทะเลน้อย,1,constituency,election_day,614,584,21,9,239,6,36,280,18,3,2,584,0,0.0342019543973941,0.014657980456026,0.9511400651465798,280.0,0.4794520547945205,0.0702054794520548,1.090651086821267,,False,97.99674267100976,False,False,NORMAL,73,7.7777536,100.1167953,ศาลาประจำหมู่บ้านบ้านทะเลน้อย,False,0,1,7
ควนขนุน,ทะเลน้อย,2,constituency,election_day,330,319,3,8,95,3,18,184,19,0,0,319,0,0.009090909090909,0.0242424242424242,0.9666666666666668,184.0,0.5768025078369906,0.2789968652037617,1.052233882677,,False,99.06060606060606,False,False,NORMAL,74,7.782416400000001,100.1591213,ศาลากลางบ้านหัวเลี้ยว,False,0,0,-1
ควนขนุน,ทะเลน้อย,3,constituency,election_day,341,329,6,6,123,6,13,164,22,1,0,329,0,0.0175953079178885,0.0175953079178885,0.9648093841642228,164.0,0.4984802431610942,0.1246200607902735,1.1140680780899097,,False,98.7683284457478,False,False,NORMAL,75,7.7872498,100.1162419,ศาลาทวดวิรุฬเจ้าแม่อุบล,False,0,0,7
ควนขนุน,ทะเลน้อย,4,constituency,election_day,377,363,13,1,69,2,20,263,8,0,1,363,0,0.0344827586206896,0.0026525198938992,0.9628647214854112,263.0,0.7245179063360881,0.5344352617079889,0.8377462738086486,,False,98.22281167108754,False,False,NORMAL,76,7.3838149,100.2598974,ศาลาประจำหมู่บ้านบ้านบนออก,False,0,3,2
ควนขนุน,ทะเลน้อย,5,constituency,election_day,508,491,12,5,211,11,26,222,19,0,2,491,0,0.0236220472440944,0.0098425196850393,0.966535433070866,222.0,0.4521384928716904,0.0224032586558044,1.1107935414529342,,False,98.62204724409447,False,False,NORMAL,77,7.3838149,100.2598974,ศาลาประจำหมู่บ้านบ้านปลายตรอก,False,0,1,2
ควนขนุน,ทะเลน้อย,6,constituency,election_day,296,278,6,12,91,10,20,150,6,0,1,278,0,0.0202702702702702,0.0405405405405405,0.9391891891891893,150.0,0.539568345323741,0.2122302158273381,1.1104464287127225,,False,98.17567567567568,False,False,NORMAL,78,7.814868300000001,100.1479182,ศาลาประจำหมู่บ้านบ้านโคกศักดิ์,False,0,1,-1
ควนขนุน,ทะเลน้อย,7,constituency,election_day,337,327,6,4,77,2,33,205,10,0,0,327,0,0.0178041543026706,0.0118694362017804,0.9703264094955488,205.0,0.6269113149847095,0.3914373088685015,1.0025382809108268,,False,98.87240356083086,False,False,NORMAL,79,7.876837900000001,100.0242995,ศูนย์ศิลปาชีพบ้านหัวป่าเขียว,False,0,3,-1
ควนขนุน,ทะเลน้อย,8,constituency,election_day,456,433,10,13,107,5,28,269,20,2,2,433,0,0.0219298245614035,0.0285087719298245,0.949561403508772,269.0,0.6212471131639723,0.3741339491916859,1.0614855422271678,,False,98.33333333333331,False,False,NORMAL,80,7.814868300000001,100.1479182,ศาลาประจำหมู่บ้านบ้านโคกเมา,False,0,3,-1
ควนขนุน,ทะเลน้อย,9,constituency,election_day,408,393,5,10,121,15,26,213,18,0,0,393,0,0.0122549019607843,0.0245098039215686,0.9632352941176472,213.0,0.5419847328244275,0.2340966921119593,1.140212049628712,,False,98.89705882352942,False,False,NORMAL,81,7.3838149,100.2598974,ศาลาประจำหมู่บ้านบ้านบนตก,False,0,0,2
ควนขนุน,ทะเลน้อย,10,constituency,election_day,387,374,12,1,98,4,21,236,14,0,1,374,0,0.0310077519379844,0.0025839793281653,0.96640826873385,236.0,0.6310160427807486,0.3689839572192513,0.9905176419411492,,False,98.39793281653746,False,False,NORMAL,82,7.3838149,100.2598974,ศาลาประจำหมู่บ้านบ้านบนกลาง,False,0,3,2
ควนขนุน,นาขยาด,1,constituency,election_day,681,653,13,15,178,0,95,312,60,4,4,653,0,0.0190895741556534,0.0220264317180616,0.9588839941262848,312.0,0.4777947932618683,0.2052067381316998,1.269412045244446,,False,98.6049926578561,False,False,NORMAL,83,7.679982700000001,99.9576849,ศาลาประจำหมู่บ้านบ้านศาลาต้นรักษ์,False,0,1,8
ควนขนุน,นาขยาด,2,constituency,election_day,656,625,9,22,130,1,64,374,49,6,1,625,0,0.0137195121951219,0.0335365853658536,0.9527439024390244,374.0,0.5984,0.3904,1.1320405848562918,,False,98.64329268292684,False,False,NORMAL,84,7.670382399999999,99.9823069,ศาลาประจำหมู่บ้านบ้านพังดาน,False,0,3,-1
ควนขนุน,นาขยาด,3,constituency,election_day,326,316,3,7,49,1,36,207,20,2,1,316,0,0.00920245398773,0.0214723926380368,0.9693251533742332,207.0,0.6550632911392406,0.5,1.0567561172895328,,False,99.11042944785277,False,False,NORMAL,85,7.685908899999999,99.9794414,ศาลาประจำหมู่บ้านบ้านเกาะยาง,False,0,3,-1
ควนขนุน,นาขยาด,4,constituency,election_day,380,357,9,14,62,3,53,216,23,0,0,357,0,0.0236842105263157,0.0368421052631578,0.9394736842105263,216.0,0.6050420168067226,0.4313725490196078,1.108043503955514,,False,98.07894736842104,False,False,NORMAL,86,7.679982700000001,99.9576849,ศาลาประจำหมู่บ้านบ้านหนองในวัง,False,0,3,8
ควนขนุน,นาขยาด,5,constituency,election_day,471,434,14,23,115,11,60,212,34,1,1,434,0,0.0297239915074309,0.048832271762208,0.921443736730361,212.0,0.488479262672811,0.2235023041474654,1.2960923116043266,,False,97.53715498938428,False,True,UNUSUAL_VOTING_PATTERN,87,7.591457699999999,100.0019597,ศาลาประจำหมู่บ้านบ้านนาท่อม,True,1,6,-1
ควนขนุน,นาขยาด,6,constituency,election_day,628,591,18,19,168,5,100,278,33,4,3,591,0,0.0286624203821656,0.0302547770700636,0.9410828025477708,278.0,0.4703891708967851,0.1861252115059221,1.275056981626738,,False,97.96178343949045,False,False,NORMAL,88,7.668115999999999,99.955747,ศาลาประจำหมู่บ้านบ้านขันหมู่,False,0,1,8
ควนขนุน,นาขยาด,7,constituency,election_day,387,371,9,7,201,2,28,119,21,0,0,371,0,0.0232558139534883,0.0180878552971576,0.958656330749354,201.0,0.5417789757412399,0.2210242587601078,1.0825013239595545,,False,98.47545219638242,False,False,NORMAL,89,7.6901421,99.9402381,ศาลาประจำหมู่บ้านบ้านสะพานข่อย,False,0,1,-1
ควนขนุน,นาขยาด,8,constituency,election_day,393,376,5,12,58,9,65,209,35,0,0,376,0,0.0127226463104325,0.0305343511450381,0.9567430025445292,209.0,0.5558510638297872,0.3829787234042553,1.2285228424225814,,False,98.7531806615776,False,False,NORMAL,90,7.707698400000001,99.9269198,ศาลาประจำหมู่บ้านบ้านโงกน้ำ,False,0,0,-1
ควนขนุน,นาขยาด,9,constituency,election_day,416,399,4,13,114,1,48,210,18,3,5,399,0,0.0096153846153846,0.03125,0.9591346153846154,210.0,0.5263157894736842,0.2406015037593984,1.1969649979386716,,False,98.89423076923076,False,False,NORMAL,91,7.679982700000001,99.9576849,ศาลาประจำหมู่บ้านบ้านทุ่งสำโรง,False,0,0,8
ควนขนุน,นาขยาด,10,constituency,election_day,366,345,14,7,92,8,47,167,26,2,3,345,0,0.0382513661202185,0.0191256830601092,0.9426229508196722,167.0,0.4840579710144927,0.217391304347826,1.3284875283600437,,False,97.70491803278688,False,False,NORMAL,92,7.679982700000001,99.9576849,ศาลาประจำหมู่บ้านบ้านโรงรม,False,0,1,8
ควนขนุน,นาขยาด,11,constituency,election_day,404,379,10,15,97,15,60,185,22,0,0,379,0,0.0247524752475247,0.0371287128712871,0.938118811881188,185.0,0.4881266490765171,0.2321899736147757,1.28371785870232,,False,98.01980198019804,False,False,NORMAL,93,7.679982700000001,99.9576849,ศาลาประจำหมู่บ้านบ้านไสควายฟัน,False,0,1,8
ควนขนุน,นาขยาด,12,constituency,election_day,456,443,5,8,129,4,22,248,38,0,2,443,0,0.0109649122807017,0.0175438596491228,0.9714912280701754,248.0,0.5598194130925508,0.2686230248306998,1.1107056412400422,,False,99.10087719298248,False,False,NORMAL,94,7.679982700000001,99.9576849,ศาลาประจำหมู่บ้านบ้านเขาวังทอง,False,0,0,8
ศรีนครินทร์,บ้านนา,1,constituency,election_day,619,582,23,14,189,4,90,250,46,2,1,582,0,0.0371567043618739,0.0226171243941841,0.9402261712439418,250.0,0.4295532646048109,0.1048109965635738,1.2821280737011014,,False,97.68982229402262,False,False,NORMAL,95,7.586495599999999,99.8579768,ศาลาอเนกประสงค์ ร.ร.บ้านนาวง,False,0,1,-1
ศรีนครินทร์,บ้านนา,2,constituency,election_day,185,182,2,1,58,0,10,102,9,3,0,182,0,0.0108108108108108,0.0054054054054054,0.9837837837837838,102.0,0.5604395604395604,0.2417582417582417,1.0647230026885606,,False,99.35135135135134,False,False,NORMAL,96,7.55964,99.885151,ศาลาประจำหมู่บ้านบ้านลำใน,False,0,0,9
ศรีนครินทร์,บ้านนา,3,constituency,election_day,501,482,12,7,152,1,68,225,33,0,3,482,0,0.0239520958083832,0.0139720558882235,0.9620758483033932,225.0,0.466804979253112,0.1514522821576763,1.2238786783431277,,False,98.52295409181636,False,False,NORMAL,97,7.562269,99.9131441,ศาลาการเปรียญวัดบ้านนา,False,0,1,15
ศรีนครินทร์,บ้านนา,4,constituency,election_day,439,422,14,3,135,1,79,194,12,1,0,422,0,0.0318906605922551,0.0068337129840546,0.9612756264236902,194.0,0.4597156398104265,0.1398104265402843,1.1654274986572812,,False,98.26879271070617,False,False,NORMAL,98,7.5640073,99.8794744,ศูนย์ส่งเสริมสุขภาพราษฎร,False,0,1,9
ศรีนครินทร์,บ้านนา,5,constituency,election_day,314,298,6,10,118,0,31,124,23,2,0,298,0,0.019108280254777,0.0318471337579617,0.9490445859872612,124.0,0.4161073825503356,0.0201342281879194,1.198395619094321,,False,98.40764331210192,False,False,NORMAL,99,7.569812799999999,99.8929252,ศาลาประจำหมู่บ้านบ้านต้นไทร,False,0,1,9
ศรีนครินทร์,บ้านนา,6,constituency,election_day,433,418,6,9,107,1,42,247,19,0,2,418,0,0.0138568129330254,0.0207852193995381,0.9653579676674364,247.0,0.5909090909090909,0.3349282296650718,1.0710690799704068,,False,98.89145496535797,False,False,NORMAL,100,7.5640073,99.8794744,ศาลาอเนกประสงค์บ้านตีนนา,False,0,0,9
ศรีนครินทร์,บ้านนา,7,constituency,election_day,406,395,6,5,158,2,53,161,17,1,3,395,0,0.0147783251231527,0.0123152709359605,0.9729064039408868,161.0,0.4075949367088607,0.0075949367088607,1.2161810877489658,,False,99.01477832512316,False,False,NORMAL,101,7.5621172,99.8859108,ศาลาอเนกประสงค์บ้านหนองเหรียง,False,0,0,9
ศรีนครินทร์,บ้านนา,8,constituency,election_day,591,576,8,7,143,1,113,273,42,0,4,576,0,0.0135363790186125,0.0118443316412859,0.9746192893401016,273.0,0.4739583333333333,0.2256944444444444,1.2557696274675296,,False,99.08629441624366,False,False,NORMAL,102,7.5640073,99.8794744,ศาลาประจำหมู่บ้านบ้านคอกเสือ,False,0,0,9
ศรีนครินทร์,บ้านนา,9,constituency,election_day,329,317,5,7,140,0,25,117,35,0,0,317,0,0.0151975683890577,0.0212765957446808,0.9635258358662614,140.0,0.4416403785488959,0.0725552050473186,1.1724242744751523,,False,98.8145896656535,False,False,NORMAL,103,7.5640073,99.8794744,ศาลาประจำหมู่บ้านบ้านวงค์,False,0,1,9
ศรีนครินทร์,บ้านนา,10,constituency,election_day,341,336,3,2,137,1,80,94,23,0,1,336,0,0.0087976539589442,0.0058651026392961,0.9853372434017597,137.0,0.4077380952380952,0.1279761904761904,1.2820349870104828,,False,99.44281524926686,False,True,UNUSUAL_VOTING_PATTERN,104,7.5640073,99.8794744,ศาลาอเนกประสงค์บ้านป่าสน,True,1,0,9
ศรีนครินทร์,บ้านนา,11,constituency,election_day,427,413,10,4,108,0,42,233,28,0,2,413,0,0.0234192037470726,0.009367681498829,0.9672131147540984,233.0,0.5641646489104116,0.3026634382566586,1.114410603072047,,False,98.6416861826698,False,False,NORMAL,105,7.576822099999999,99.8753746,ศาลาประจำหมู่บ้านบ้านน้ำใต้บ่อ,False,0,3,9
ศรีนครินทร์,บ้านนา,12,constituency,election_day,387,362,14,11,202,2,38,100,18,1,1,362,0,0.0361757105943152,0.0284237726098191,0.9354005167958656,202.0,0.5580110497237569,0.281767955801105,1.1280299755089038,,False,97.62273901808786,False,False,NORMAL,106,7.5640073,99.8794744,ที่ทำการกลุ่มแม่บ้านลำในใต้,False,0,1,9
ป่าพะยอม,บ้านพร้าว,1,constituency,election_day,438,416,0,22,116,3,76,153,64,0,4,416,0,0.0,0.0502283105022831,0.9497716894977168,153.0,0.3677884615384615,0.0889423076923077,1.4027556216827897,,False,98.99543378995432,True,True,UNUSUAL_VOTING_PATTERN,107,7.814176799999999,99.9520961,เต๊นท์บริเวณตลาดใหม่ป่าพะยอม,True,1,6,10
ป่าพะยอม,บ้านพร้าว,2,constituency,election_day,392,366,3,23,104,4,62,161,34,0,1,366,0,0.0076530612244897,0.0586734693877551,0.9336734693877552,161.0,0.4398907103825136,0.1557377049180328,1.3057849087362678,,False,98.4438775510204,False,True,UNUSUAL_VOTING_PATTERN,108,7.8144408,99.9409196,ศาลาประจำหมู่บ้านบ้านพร้าว,True,1,6,10
ป่าพะยอม,บ้านพร้าว,3,constituency,election_day,506,479,11,16,117,7,54,269,30,1,1,479,0,0.0217391304347826,0.0316205533596837,0.9466403162055336,269.0,0.5615866388308977,0.3173277661795407,1.17542890118554,,False,98.2806324110672,False,False,NORMAL,109,7.7965689,99.92745370000002,ศาลาประจำหมู่บ้านบ้านตลิ่งชัน,False,0,1,-1
ป่าพะยอม,บ้านพร้าว,4,constituency,election_day,677,648,13,16,134,5,61,408,38,2,0,648,0,0.0192023633677991,0.0236336779911373,0.9571639586410636,408.0,0.6296296296296297,0.4228395061728395,1.0613403814482854,,False,98.5672082717873,False,False,NORMAL,110,7.830872999999999,99.930464,ศาลาประจำหมู่บ้านบ้านศาลาน้ำ,False,0,3,11
ป่าพะยอม,บ้านพร้าว,5,constituency,election_day,318,297,8,13,118,8,53,87,27,2,2,297,0,0.0251572327044025,0.040880503144654,0.9339622641509434,118.0,0.3973063973063973,0.1043771043771043,1.4166412975031877,,False,97.9245283018868,False,True,UNUSUAL_VOTING_PATTERN,111,7.836562000000001,99.9709605,ศาลาประจำหมู่บ้านบ้านบ่อทราย,True,1,6,-1
ป่าพะยอม,บ้านพร้าว,6,constituency,election_day,243,225,7,11,40,3,38,132,10,1,1,225,0,0.0288065843621399,0.0452674897119341,0.925925925925926,132.0,0.5866666666666667,0.4088888888888889,1.1643893185977274,,False,97.65432098765432,False,True,UNUSUAL_VOTING_PATTERN,112,7.8144408,99.9409196,ศาลาประจำหมู่บ้านบ้านไสอ้อ,True,1,6,10
ป่าพะยอม,บ้านพร้าว,7,constituency,election_day,628,613,5,10,164,2,47,363,33,2,2,613,0,0.0079617834394904,0.0159235668789808,0.9761146496815286,363.0,0.5921696574225123,0.3246329526916802,1.0732639687364796,,False,99.28343949044586,False,False,NORMAL,113,7.8144408,99.9409196,ศาลาประจำหมู่บ้านบ้านหาดสูง,False,0,0,10
ป่าพะยอม,บ้านพร้าว,8,constituency,election_day,373,356,13,4,73,0,31,232,18,0,2,356,0,0.03485254691689,0.0107238605898123,0.9544235924932976,232.0,0.651685393258427,0.446629213483146,0.9965228691309438,,False,98.04289544235924,False,False,NORMAL,114,7.8144408,99.9409196,ศาลาประจำหมู่บ้านบ้านไสกล้วย,False,0,3,10
ป่าพะยอม,บ้านพร้าว,9,constituency,election_day,687,657,21,9,122,8,59,437,24,4,3,657,0,0.0305676855895196,0.0131004366812227,0.9563318777292577,437.0,0.665144596651446,0.4794520547945205,1.0305364972107278,,False,98.20960698689956,False,False,NORMAL,115,7.7994581,99.9130875,ศาลาประจำหมู่บ้านบ้านหน้าป่า,False,0,3,-1
ป่าพะยอม,บ้านพร้าว,10,constituency,election_day,636,605,14,17,138,5,66,341,51,2,2,605,0,0.0220125786163522,0.0267295597484276,0.95125786163522,341.0,0.5636363636363636,0.3355371900826446,1.1878846037622983,,False,98.36477987421384,False,False,NORMAL,116,7.8144408,99.9409196,ศาลาประจำหมู่บ้านบ้านไผ่รอบ,False,0,1,10
ป่าพะยอม,บ้านพร้าว,11,constituency,election_day,443,419,12,12,98,4,65,227,22,2,1,419,0,0.0270880361173814,0.0270880361173814,0.945823927765237,227.0,0.5417661097852029,0.3078758949880668,1.20001878340497,,False,98.1038374717833,False,False,NORMAL,117,7.836562000000001,99.9709605,ศาลาประจำหมู่บ้านบ้านบ่อทรายใน,False,0,1,-1
ควนขนุน,ปันแต,1,constituency,election_day,227,219,6,2,124,2,21,63,8,0,1,219,0,0.026431718061674,0.0088105726872246,0.9647577092511012,124.0,0.5662100456621004,0.2785388127853881,1.093687255914941,,False,98.5022026431718,False,False,NORMAL,118,7.792807099999998,100.0611429,ศาลาประจำหมู่บ้านบ้านปลายคลอง,False,0,3,-1
ควนขนุน,ปันแต,2,constituency,election_day,129,127,1,1,100,0,0,25,2,0,0,127,0,0.0077519379844961,0.0077519379844961,0.9844961240310076,100.0,0.7874015748031497,0.5905511811023622,0.5735161527449373,,False,99.45736434108528,False,True,UNUSUAL_VOTING_PATTERN,119,7.791803600000001,100.0351252,ศาลาประจำหมู่บ้านบ้านปันแต,True,1,2,-1
ควนขนุน,ปันแต,3,constituency,election_day,493,478,7,8,136,3,51,271,15,0,2,478,0,0.0141987829614604,0.0162271805273833,0.969574036511156,271.0,0.5669456066945606,0.2824267782426778,1.0814909491627949,,False,98.96551724137932,False,False,NORMAL,120,7.804429099999999,100.0067757,ศาลาประจำหมู่บ้านบ้านสำนักกอ,False,0,0,-1
ควนขนุน,ปันแต,4,constituency,election_day,251,236,3,12,63,12,23,135,3,0,0,236,0,0.0119521912350597,0.047808764940239,0.9402390438247012,135.0,0.5720338983050848,0.3050847457627119,1.105947625018469,,False,98.44621513944224,False,True,UNUSUAL_VOTING_PATTERN,121,7.804978500000001,100.0569463,ศาลาประจำหมู่บ้านบ้านปากสระ,True,1,6,-1
ควนขนุน,ปันแต,5,constituency,election_day,490,479,6,5,193,0,29,237,19,1,0,479,0,0.0122448979591836,0.010204081632653,0.9775510204081632,237.0,0.4947807933194154,0.0918580375782881,1.025092289307702,,False,99.18367346938776,False,False,NORMAL,122,7.8043368,100.0275755,ศาลาประจำหมู่บ้านบ้านควนปันแต,False,0,0,-1
ควนขนุน,ปันแต,6,constituency,election_day,498,481,11,6,123,24,14,308,10,1,1,481,0,0.0220883534136546,0.0120481927710843,0.9658634538152612,308.0,0.6403326403326404,0.3846153846153846,0.992883165449684,,False,98.65461847389558,False,False,NORMAL,123,7.7882409,100.0275755,ศาลาประจำหมู่บ้านบ้านในไร่,False,0,3,-1
ควนขนุน,ปันแต,7,constituency,election_day,200,192,4,4,72,2,14,92,12,0,0,192,0,0.02,0.02,0.96,92.0,0.4791666666666667,0.1041666666666666,1.1320970052004002,,False,98.6,False,False,NORMAL,124,7.7850935,100.0471549,ศาลาประจำหมู่บ้านบ้านโพธิ์,False,0,1,-1
ควนขนุน,ปันแต,8,constituency,election_day,171,167,1,3,89,3,18,53,4,0,0,167,0,0.0058479532163742,0.0175438596491228,0.9766081871345028,89.0,0.5329341317365269,0.2155688622754491,1.1013362418955712,,False,99.35672514619884,False,False,NORMAL,125,7.782078799999999,100.0611429,ศาลาประจำหมู่บ้านบ้านสุนทราออก,False,0,0,-1
ควนขนุน,ปันแต,9,constituency,election_day,349,341,3,5,179,7,32,111,11,0,1,341,0,0.0085959885386819,0.0143266475644699,0.9770773638968482,179.0,0.5249266862170088,0.1994134897360703,1.1333438276503065,,False,99.2836676217765,False,False,NORMAL,126,7.782478,100.0443576,ศาลาประจำหมู่บ้านบ้านสุนทราตก,False,0,0,-1
ควนขนุน,ปันแต,10,constituency,election_day,353,346,3,4,85,1,11,229,19,0,1,346,0,0.0084985835694051,0.0113314447592068,0.980169971671388,229.0,0.661849710982659,0.4161849710982659,0.920806161703556,,False,99.3484419263456,False,False,NORMAL,127,7.7735798,100.0289689,สถานปฏิบัติธรรมบ้านไสหลวง,False,0,0,-1
ควนขนุน,ปันแต,11,constituency,election_day,384,374,8,2,215,0,15,130,11,1,2,374,0,0.0208333333333333,0.0052083333333333,0.9739583333333334,215.0,0.5748663101604278,0.2272727272727272,0.9620885514650444,,False,98.85416666666666,False,False,NORMAL,128,7.734939400000001,100.0100936,ศาลาประจำหมู่บ้านบ้านทุ่งลาน,False,0,0,0
ควนขนุน,ปันแต,12,constituency,election_day,336,331,3,2,101,1,41,166,20,1,1,331,0,0.0089285714285714,0.0059523809523809,0.9851190476190476,166.0,0.5015105740181269,0.1963746223564954,1.1891629515882112,,False,99.4345238095238,False,False,NORMAL,129,7.791652699999999,99.9968167,ศาลาประจำหมู่บ้านบ้านหารเจ,False,0,0,-1
ควนขนุน,ปันแต,13,constituency,election_day,188,183,2,3,38,0,6,132,5,0,2,183,0,0.0106382978723404,0.0159574468085106,0.973404255319149,132.0,0.7213114754098361,0.5136612021857924,0.8218240294006431,,False,99.14893617021276,False,False,NORMAL,130,7.762721,100.0576457,ศาลาประจำหมู่บ้านบ้านเขากลาง,False,0,3,12
ป่าพะยอม,ป่าพะยอม,1,constituency,election_day,453,438,11,4,81,4,49,275,27,2,0,438,0,0.0242825607064017,0.0088300220750551,0.9668874172185432,275.0,0.6278538812785388,0.4429223744292237,1.0886556793675155,,False,98.6092715231788,False,False,NORMAL,131,7.8521588,99.9353318,ศาลาประจำหมู่บ้านบ้านสังแกระ,False,0,3,11
ป่าพะยอม,ป่าพะยอม,2,constituency,election_day,337,319,11,7,36,0,67,192,23,1,0,319,0,0.0326409495548961,0.0207715133531157,0.9465875370919882,192.0,0.6018808777429467,0.3918495297805642,1.087208138272872,,False,97.95252225519287,False,False,NORMAL,132,7.7542239,99.8194682,ศาลาประจำหมู่บ้านบ้านป่าพะยอม,False,0,3,-1
ป่าพะยอม,ป่าพะยอม,3,constituency,election_day,357,327,10,20,46,2,54,198,25,1,1,327,0,0.0280112044817927,0.0560224089635854,0.9159663865546218,198.0,0.6055045871559633,0.4403669724770642,1.1402424191745864,,False,97.47899159663866,False,True,UNUSUAL_VOTING_PATTERN,133,7.841230299999999,99.9385037,โรงเรียนอนุบาลป่าพะยอม,True,1,6,11
ป่าพะยอม,ป่าพะยอม,4,constituency,election_day,511,462,16,33,92,5,108,214,37,4,2,462,0,0.0313111545988258,0.0645792563600782,0.9041095890410958,214.0,0.4632034632034632,0.2294372294372294,1.3334518759990337,,False,97.14285714285714,True,True,UNUSUAL_VOTING_PATTERN,134,7.8521588,99.9353318,ศาลาประจำหมู่บ้านบ้านทุง,True,1,6,11
ป่าพะยอม,ป่าพะยอม,5,constituency,election_day,397,382,6,9,124,0,37,198,22,1,0,382,0,0.0151133501259445,0.0226700251889168,0.9622166246851386,198.0,0.518324607329843,0.193717277486911,1.1119162029671463,,False,98.79093198992445,False,False,NORMAL,135,7.851793,99.964334,ศาลาประจำหมู่บ้านบ้านประดู่หอม,False,0,0,-1
ป่าพะยอม,ป่าพะยอม,6,constituency,election_day,531,487,14,30,78,10,91,268,38,0,2,487,0,0.0263653483992467,0.0564971751412429,0.9171374764595104,268.0,0.5503080082135524,0.3634496919917864,1.2368546082727456,,False,97.5517890772128,False,True,UNUSUAL_VOTING_PATTERN,136,7.838677,99.863101,ศาลาประจำหมู่บ้านบ้านนาทราย,True,1,6,17
ป่าพะยอม,ป่าพะยอม,7,constituency,election_day,498,481,6,11,104,3,78,260,32,0,4,481,0,0.0120481927710843,0.0220883534136546,0.9658634538152612,260.0,0.5405405405405406,0.3243243243243243,1.2104582695722823,,False,98.95582329317268,False,False,NORMAL,137,7.8521588,99.9353318,ศาลาประจำหมู่บ้านบ้านโคกกอ,False,0,0,11
ป่าพะยอม,ป่าพะยอม,8,constituency,election_day,571,553,8,10,145,2,74,310,21,0,1,553,0,0.0140105078809106,0.0175131348511383,0.968476357267951,310.0,0.5605786618444847,0.298372513562387,1.1005553119744993,,False,98.9492119089317,False,False,NORMAL,138,7.8654527,99.959434,ศาลาประจำหมู่บ้านบ้านไสกุน,False,0,0,-1
ควนขนุน,พนมวังก์,1,constituency,election_day,400,390,3,7,162,3,38,167,17,1,2,390,0,0.0075,0.0175,0.975,167.0,0.4282051282051282,0.0128205128205128,1.1713503157213154,,False,99.275,False,False,NORMAL,139,7.6738819,100.0809748,ศาลาอเนกประสงค์บ้านเขานม (อบต.หลังเก่า),False,0,0,-1
ควนขนุน,พนมวังก์,2,constituency,election_day,631,604,13,14,196,0,71,297,35,1,4,604,0,0.0206022187004754,0.0221870047543581,0.9572107765451664,297.0,0.4917218543046358,0.1672185430463576,1.1747967984312957,,False,98.52614896988906,False,False,NORMAL,140,7.6920875,100.0469114,ศาลาประจำหมู่บ้านบ้านระหว่างควน,False,0,1,-1
ควนขนุน,พนมวังก์,3,constituency,election_day,574,555,6,13,168,3,67,253,62,0,2,555,0,0.0104529616724738,0.0226480836236933,0.9668989547038328,253.0,0.4558558558558558,0.1531531531531531,1.2684233249411647,,False,99.02439024390245,False,False,NORMAL,141,7.681553500000001,100.0052044,ศาลาประจำหมู่บ้านบ้านควนปริง,False,0,0,-1
ควนขนุน,พนมวังก์,4,constituency,election_day,530,508,14,8,117,2,49,302,36,1,1,508,0,0.0264150943396226,0.0150943396226415,0.958490566037736,302.0,0.594488188976378,0.3641732283464567,1.1068289271621263,,False,98.37735849056604,False,False,NORMAL,142,7.653512500000001,100.0357031,โรงเรียนทุ่งยางเปล,False,0,3,-1
ควนขนุน,พนมวังก์,5,constituency,election_day,398,374,15,9,197,1,27,130,18,0,1,374,0,0.0376884422110552,0.0226130653266331,0.9396984924623116,197.0,0.5267379679144385,0.1791443850267379,1.0724245136047532,,False,97.66331658291458,False,False,NORMAL,143,7.3838149,100.2598974,ศาลาประจำหมู่บ้านบ้านพนมวังก์,False,0,1,2
ควนขนุน,พนมวังก์,6,constituency,election_day,628,607,6,15,173,2,44,350,38,0,0,607,0,0.0095541401273885,0.0238853503184713,0.96656050955414,350.0,0.5766062602965404,0.2915980230642504,1.0577627906633655,,False,99.04458598726114,False,False,NORMAL,144,7.6731922,100.0191857,ศาลาประจำหมู่บ้านบ้านทุ่งขึงหนัง,False,0,0,-1
ควนขนุน,พนมวังก์,7,constituency,election_day,516,491,8,17,139,4,93,215,36,1,3,491,0,0.0155038759689922,0.0329457364341085,0.9515503875968992,215.0,0.4378818737270876,0.1547861507128309,1.3085449389742143,,False,98.56589147286822,False,False,NORMAL,145,7.688851199999999,100.0064228,ศาลาประจำหมู่บ้านบ้านไสยวน,False,0,1,-1
ควนขนุน,พนมวังก์,8,constituency,election_day,551,530,13,8,192,4,47,255,27,2,3,530,0,0.0235934664246823,0.014519056261343,0.9618874773139746,255.0,0.4811320754716981,0.1188679245283018,1.1735691635672505,,False,98.52994555353902,False,False,NORMAL,146,7.697101200000001,100.0275755,ศาลาประจำหมู่บ้านบ้านเกาะอ้ายเฒ่า,False,0,1,-1
ควนขนุน,พนางตุง,1,constituency,election_day,412,392,16,4,169,1,14,192,15,0,1,392,0,0.0388349514563106,0.0097087378640776,0.9514563106796116,192.0,0.4897959183673469,0.0586734693877551,0.9866711513147476,,False,97.86407766990293,False,False,NORMAL,147,7.7777536,100.1167953,ศาลาประจำหมู่บ้านบ้านทะเลน้อย,False,0,1,7
ควนขนุน,พนางตุง,2,constituency,election_day,352,336,10,6,106,2,12,198,18,0,0,336,0,0.0284090909090909,0.0170454545454545,0.9545454545454546,198.0,0.5892857142857143,0.2738095238095238,0.9818930592069424,,False,98.23863636363636,False,False,NORMAL,148,7.7777536,100.1167953,ศาลาประจำหมู่บ้าน หมู่ที่ 2 บ้านทะเลน้อย,False,0,3,7
ควนขนุน,พนางตุง,3,constituency,election_day,650,624,16,10,218,3,48,311,40,3,1,624,0,0.0246153846153846,0.0153846153846153,0.96,311.0,0.4983974358974359,0.1490384615384615,1.1495157212606006,,False,98.46153846153848,False,False,NORMAL,149,7.777721799999999,100.1033782,โรงเรียนควนพนางตุง,False,0,1,7
ควนขนุน,พนางตุง,4,constituency,election_day,367,349,9,9,96,3,46,187,17,0,0,349,0,0.0245231607629427,0.0245231607629427,0.9509536784741144,187.0,0.5358166189111748,0.2607449856733524,1.1445484102076469,,False,98.283378746594,False,False,NORMAL,150,7.7346142,100.1285201,ศาลาประจำหมู่บ้านบ้านชายคลอง,False,0,1,-1
ควนขนุน,พนางตุง,5,constituency,election_day,659,645,10,4,203,3,35,368,29,4,3,645,0,0.015174506828528,0.0060698027314112,0.9787556904400608,368.0,0.5705426356589147,0.2558139534883721,1.0630783053386024,,False,99.11987860394538,False,False,NORMAL,151,7.7462876,100.1069393,ศาลาประจำหมู่บ้านบ้านท่าช้าง,False,0,0,-1
ควนขนุน,พนางตุง,6,constituency,election_day,680,655,17,8,186,8,22,417,21,0,1,655,0,0.025,0.0117647058823529,0.9632352941176472,417.0,0.6366412213740458,0.3526717557251908,0.9329416886119402,,False,98.51470588235294,False,False,NORMAL,152,7.7615069,100.1367166,ศาลาประจำหมู่บ้านบ้านไสคลิ้ง,False,0,3,-1
ควนขนุน,พนางตุง,7,constituency,election_day,483,464,11,8,23,2,15,412,10,0,2,464,0,0.0227743271221532,0.0165631469979296,0.9606625258799172,412.0,0.8879310344827587,0.8383620689655172,0.495063044538564,,False,98.53002070393374,True,True,UNUSUAL_VOTING_PATTERN,153,7.767323999999999,100.08837,ศาลาประจำหมู่บ้านบ้านค่าย,True,1,2,-1
ควนขนุน,พนางตุง,8,constituency,election_day,726,696,21,9,246,0,56,361,31,2,0,696,0,0.0289256198347107,0.012396694214876,0.9586776859504132,361.0,0.5186781609195402,0.1652298850574712,1.0662460781808865,,False,98.30578512396694,False,False,NORMAL,154,7.7801171,100.0898175,ที่ทำการกำนันตำบลพนางตุง,False,0,1,-1
ควนขนุน,พนางตุง,9,constituency,election_day,166,163,0,3,49,2,8,96,2,0,6,163,0,0.0,0.0180722891566265,0.9819277108433736,96.0,0.588957055214724,0.2883435582822086,1.0505888581111809,,False,99.63855421686748,False,False,NORMAL,155,7.734145599999999,100.0256023,ศาลาประจำหมู่บ้านบ้านปากคลองเก่า,False,0,0,0
ควนขนุน,พนางตุง,10,constituency,election_day,632,609,16,7,85,8,42,443,26,4,1,609,0,0.0253164556962025,0.0110759493670886,0.9636075949367088,443.0,0.7274220032840722,0.5878489326765188,0.925857498143312,,False,98.5126582278481,False,False,NORMAL,156,7.789683200000001,100.0953331,โรงเรียนบ้านธรรมเถียร,False,0,3,-1
ควนขนุน,พนางตุง,11,constituency,election_day,338,328,4,6,86,2,24,205,10,1,0,328,0,0.0118343195266272,0.0177514792899408,0.970414201183432,205.0,0.625,0.3628048780487805,0.991256442467722,,False,99.05325443786982,False,False,NORMAL,157,7.7781796,100.118286,ศาลาประจำหมู่บ้านบ้านไทรงาม,False,0,0,7
ควนขนุน,พนางตุง,12,constituency,election_day,548,525,17,6,112,2,24,365,19,0,3,525,0,0.0310218978102189,0.010948905109489,0.958029197080292,365.0,0.6952380952380952,0.4819047619047619,0.8941903170634385,,False,98.22992700729928,False,False,NORMAL,158,7.7615069,100.1367166,ศาลาเฉลิมพระเกียรติบ้านปากห้วย,False,0,3,-1
ควนขนุน,พนางตุง,13,constituency,election_day,510,485,16,9,152,3,24,266,37,0,3,485,0,0.0313725490196078,0.0176470588235294,0.9509803921568628,266.0,0.5484536082474227,0.2350515463917525,1.101037992519418,,False,98.07843137254902,False,False,NORMAL,159,7.7615069,100.1367166,ศาลาเอนกประสงค์ หมู่ที่ 13,False,0,1,-1
ควนขนุน,มะกอกเหนือ(เทศบาล),1,constituency,election_day,400,389,6,5,56,0,33,276,22,1,1,389,0,0.015,0.0125,0.9725,276.0,0.7095115681233933,0.5655526992287918,0.9249212019182442,,False,99.0,False,False,NORMAL,160,7.7391571,100.0863987,วัดประดู่เรียง,False,0,3,-1
ควนขนุน,มะกอกเหนือ(เทศบาล),2,constituency,election_day,307,296,1,10,67,0,36,174,17,0,2,296,0,0.003257328990228,0.0325732899022801,0.9641693811074918,174.0,0.5878378378378378,0.3614864864864865,1.1026985402800795,,False,99.185667752443,False,False,NORMAL,161,7.7416636,100.0695367,อาคารศูนย์ออกกำลังกาย (Fitness) ทต.มะกอกเหนือ,False,0,0,12
ควนขนุน,มะกอกเหนือ(เทศบาล),3,constituency,election_day,374,359,5,10,72,6,49,198,33,0,1,359,0,0.0133689839572192,0.0267379679144385,0.9598930481283422,198.0,0.5515320334261838,0.3509749303621169,1.2264105957365885,,False,98.79679144385028,False,False,NORMAL,162,7.736405899999999,100.0686586,อาคารอเนกประสงค์(ข้างศูนย์พัฒนาเด็กเล็กบ้านปากคลอง),False,0,0,12
ควนขนุน,มะกอกเหนือ(เทศบาล),4,constituency,election_day,229,222,5,2,67,0,14,131,10,0,0,222,0,0.0218340611353711,0.0087336244541484,0.9694323144104804,131.0,0.5900900900900901,0.2882882882882883,0.9867408576240828,,False,98.73362445414848,False,False,NORMAL,163,7.7416636,100.0695367,ศาลาเฉลิมพระเกียรติ ร.9,False,0,3,12
ควนขนุน,มะกอกเหนือ,1,constituency,election_day,478,458,9,11,95,5,60,263,33,0,2,458,0,0.0188284518828451,0.0230125523012552,0.9581589958158996,263.0,0.574235807860262,0.3668122270742358,1.1736514497259454,,False,98.59832635983264,False,False,NORMAL,164,7.7409914,100.0858852,โรงอาหารโรงเรียนประดู่เรียง,False,0,3,-1
ควนขนุน,มะกอกเหนือ,2,constituency,election_day,93,92,0,1,14,1,3,66,8,0,0,92,0,0.0,0.010752688172043,0.989247311827957,66.0,0.717391304347826,0.5652173913043478,0.8979256989207716,,False,99.78494623655914,False,True,UNUSUAL_VOTING_PATTERN,165,7.739052,100.0712741,ศาลาประจำหมู่บ้านบ้านปากคลองเก่า,True,1,2,12
ควนขนุน,มะกอกเหนือ,3,constituency,election_day,113,107,1,5,40,0,12,53,2,0,0,107,0,0.0088495575221238,0.0442477876106194,0.9469026548672568,53.0,0.4953271028037383,0.1214953271028037,1.0355781452899828,,False,98.6725663716814,False,True,UNUSUAL_VOTING_PATTERN,166,7.7544444,100.0663889,ศาลาประจำหมู่บ้านบ้านเขาอ้อ,True,1,6,12
ควนขนุน,มะกอกเหนือ,4,constituency,election_day,259,254,1,4,83,2,15,133,19,1,1,254,0,0.0038610038610038,0.0154440154440154,0.9806949806949808,133.0,0.5236220472440944,0.1968503937007874,1.147052406851504,,False,99.4980694980695,False,False,NORMAL,167,7.7416636,100.0695367,ศาลาประจำหมู่บ้านบ้านค่ายเสือ,False,0,0,12
ควนขนุน,มะกอกเหนือ,5,constituency,election_day,461,441,9,11,243,1,49,110,30,0,8,441,0,0.0195227765726681,0.0238611713665943,0.9566160520607376,243.0,0.5510204081632653,0.3015873015873015,1.1882797521823492,,False,98.5466377440347,False,False,NORMAL,168,7.7416636,100.0695367,ศาลาประจำหมู่บ้านบ้านนาสวน,False,0,1,12
ควนขนุน,มะกอกเหนือ,6,constituency,election_day,477,452,11,14,189,2,58,162,31,0,10,452,0,0.0230607966457023,0.0293501048218029,0.9475890985324948,189.0,0.4181415929203539,0.0597345132743362,1.2879028979833134,,False,98.25995807127885,False,False,NORMAL,169,7.734133699999999,100.0518935,ศาลาเอนกประสงค์โรงเรียนวัดบ้านสวน,False,0,1,-1
ควนขนุน,มะกอกเหนือ,7,constituency,election_day,485,472,1,12,169,5,73,177,40,1,7,472,0,0.002061855670103,0.0247422680412371,0.9731958762886598,177.0,0.375,0.0169491525423728,1.3570665629976002,,False,99.4020618556701,False,True,UNUSUAL_VOTING_PATTERN,170,7.7335541,100.051063,ศาลาการเปรียญวัดบ้านสวน,True,1,0,-1
ควนขนุน,มะกอกเหนือ,8,constituency,election_day,420,409,3,8,117,1,41,225,21,1,3,409,0,0.0071428571428571,0.019047619047619,0.9738095238095238,225.0,0.5501222493887531,0.2640586797066014,1.1352696703205405,,False,99.26190476190476,False,False,NORMAL,171,7.713126,100.086706,วัดมะกอกเหนือ,False,0,0,-1
ควนขนุน,มะกอกเหนือ,9,constituency,election_day,413,400,8,5,188,4,41,137,24,1,5,400,0,0.0193704600484261,0.0121065375302663,0.9685230024213076,188.0,0.47,0.1275,1.2399380733070795,,False,98.78934624697337,False,False,NORMAL,172,7.755263100000001,100.0397776,ศาลาประจำหมู่บ้านบ้านดอนศาลา,False,0,1,-1
ควนขนุน,มะกอกเหนือ,10,constituency,election_day,162,156,3,3,78,1,18,43,15,0,1,156,0,0.0185185185185185,0.0185185185185185,0.9629629629629628,78.0,0.5,0.2243589743589743,1.2408666603567455,,False,98.70370370370372,False,False,NORMAL,173,7.7416636,100.0695367,ที่อ่านหนังสือประจำหมู่บ้านบ้านไสเลียบ,False,0,1,12
ป่าพะยอม,ลานข่อย,1,constituency,election_day,328,312,9,7,111,0,35,135,27,2,2,312,0,0.0274390243902439,0.0213414634146341,0.951219512195122,135.0,0.4326923076923077,0.0769230769230769,1.2520823105936385,,False,98.20121951219512,False,False,NORMAL,174,7.8872993,99.8553365,ศาลาประจำหมู่บ้านบ้านลานข่อย,False,0,1,-1
ป่าพะยอม,ลานข่อย,2,constituency,election_day,438,424,10,4,155,1,53,186,28,0,1,424,0,0.0228310502283105,0.0091324200913242,0.9680365296803652,186.0,0.4386792452830189,0.0731132075471698,1.1972641813255738,,False,98.675799086758,False,False,NORMAL,175,7.8875764,99.87482,ศาลาการเปรียญวัดลานข่อย,False,0,1,-1
ป่าพะยอม,ลานข่อย,3,constituency,election_day,361,350,4,7,131,0,23,174,19,3,0,350,0,0.0110803324099723,0.0193905817174515,0.969529085872576,174.0,0.4971428571428571,0.1228571428571428,1.093124537799985,,False,99.05817174515236,False,False,NORMAL,176,7.8553141,99.8013351,ศาลาประจำหมู่บ้านบ้านห้วยหลุด,False,0,0,13
ป่าพะยอม,ลานข่อย,5,constituency,election_day,365,354,8,3,141,0,40,155,12,5,1,354,0,0.021917808219178,0.0082191780821917,0.96986301369863,155.0,0.4378531073446328,0.03954802259887,1.1661124916931278,,False,98.73972602739728,False,False,NORMAL,178,7.8808168,99.8327582,ศาลาประจำหมู่บ้านบ้านทุ่งชุมพล,False,0,1,-1
ป่าพะยอม,ลานข่อย,6,constituency,election_day,364,350,9,5,152,0,32,144,22,0,0,350,0,0.0247252747252747,0.0137362637362637,0.9615384615384616,152.0,0.4342857142857143,0.0228571428571428,1.1202490482804528,,False,98.489010989011,False,False,NORMAL,179,7.8825675,99.8193892,ศาลาการเปรียญวัดทุ่งชุมพล,False,0,1,-1
ป่าพะยอม,ลานข่อย,7,constituency,election_day,628,598,8,22,247,4,72,246,29,0,0,598,0,0.0127388535031847,0.0350318471337579,0.9522292993630572,247.0,0.4130434782608695,0.0016722408026755,1.1657526367771955,,False,98.6624203821656,False,False,NORMAL,180,7.821256099999999,99.8794744,ศาลาประจำหมู่บ้านบ้านห้วยเรียน,False,0,1,17
ป่าพะยอม,ลานข่อย,8,constituency,election_day,361,341,13,7,169,2,54,103,11,0,2,341,0,0.0360110803324099,0.0193905817174515,0.9445983379501384,169.0,0.4956011730205278,0.1935483870967742,1.1723970114561133,,False,97.81163434903048,False,False,NORMAL,181,7.852371,99.797831,ศาลาประจำหมู่บ้านบ้านถ้ำลา,False,0,1,13
ป่าพะยอม,ลานข่อย,9,constituency,election_day,513,499,12,2,195,3,57,219,23,0,2,499,0,0.023391812865497,0.0038986354775828,0.97270955165692,219.0,0.438877755511022,0.0480961923847695,1.171135067274949,,False,98.75243664717348,False,False,NORMAL,182,7.8553141,99.8013351,ศาลาประจำหมู่บ้านบ้านมาดนั่ง,False,0,1,13
ป่าพะยอม,ลานข่อย,10,constituency,election_day,507,491,4,12,156,1,51,255,27,1,0,491,0,0.0078895463510848,0.0236686390532544,0.9684418145956608,255.0,0.5193482688391039,0.2016293279022403,1.1245287636450625,,False,99.13214990138069,False,False,NORMAL,183,7.8684401,99.902977,ศาลาประจำหมู่บ้านบ้านห้วยศรีเกษร,False,0,0,-1
ป่าพะยอม,ลานข่อย,11,constituency,election_day,342,327,6,9,137,2,58,114,16,0,0,327,0,0.0175438596491228,0.0263157894736842,0.956140350877193,137.0,0.418960244648318,0.0703363914373088,1.2174298391416745,,False,98.59649122807018,False,False,NORMAL,184,7.8553141,99.8013351,ศาลาประจำหมู่บ้านบ้านห้วยรำพึง,False,0,1,13
ป่าพะยอม,ลานข่อย,12,constituency,election_day,595,581,7,7,268,2,51,243,17,0,0,581,0,0.0117647058823529,0.0117647058823529,0.976470588235294,268.0,0.4612736660929432,0.0430292598967297,1.0579134591106394,,False,99.17647058823528,False,False,NORMAL,185,7.8553141,99.8013351,ศาลาประจำหมู่บ้านบ้านควนยาว,False,0,0,13
ศรีนครินทร์,ลำสินธ์ุ,1,constituency,election_day,561,534,8,19,259,2,79,140,53,1,0,534,0,0.0142602495543672,0.0338680926916221,0.9518716577540108,259.0,0.4850187265917603,0.2228464419475655,1.2466007953838656,,False,98.6096256684492,False,False,NORMAL,186,7.565728799999999,99.9318053,ศาลาประจำหมู่บ้านบ้านคลองหมวย,False,0,1,15
ศรีนครินทร์,ลำสินธ์ุ,2,constituency,election_day,399,388,10,1,164,0,27,179,17,1,0,388,0,0.025062656641604,0.0025062656641604,0.9724310776942356,179.0,0.461340206185567,0.0386597938144329,1.058756948799211,,False,98.6967418546366,False,False,NORMAL,187,7.5045591,99.9073986,ศาลาประจำหมู่บ้านบ้านสวนหมาก,False,0,1,14
ศรีนครินทร์,ลำสินธ์ุ,3,constituency,election_day,536,511,20,5,257,1,34,183,33,1,2,511,0,0.0373134328358208,0.0093283582089552,0.9533582089552238,257.0,0.50293542074364,0.1448140900195694,1.1167691567115032,,False,97.94776119402984,False,False,NORMAL,188,7.533063,99.937284,ศาลาประจำหมู่บ้านบ้านลำสินธุ์,False,0,1,-1
ศรีนครินทร์,ลำสินธ์ุ,4,constituency,election_day,221,214,3,4,122,0,16,71,4,1,0,214,0,0.0135746606334841,0.0180995475113122,0.9683257918552036,122.0,0.5700934579439252,0.2383177570093458,0.9797730443316328,,False,98.95927601809954,False,False,NORMAL,189,7.5045591,99.9073986,ศาลาประจำหมู่บ้านบ้านห้วยทำผัง,False,0,0,14
ศรีนครินทร์,ลำสินธ์ุ,5,constituency,election_day,417,400,7,10,189,1,44,148,11,1,6,400,0,0.0167865707434052,0.0239808153477218,0.9592326139088728,189.0,0.4725,0.1025,1.1566911694281936,,False,98.6810551558753,False,False,NORMAL,190,7.507218399999999,99.9070129,ศาลาประจำหมู่บ้านบ้านโหล๊ะไฟ,False,0,1,14
ศรีนครินทร์,ลำสินธ์ุ,6,constituency,election_day,591,568,20,3,261,3,74,195,30,2,3,568,0,0.0338409475465313,0.0050761421319796,0.961082910321489,261.0,0.4595070422535211,0.1161971830985915,1.2204850689478144,,False,98.20642978003384,False,False,NORMAL,191,7.501031,99.9085119,ศาลาประจำหมู่บ้านบ้านโตน,False,0,1,14
ศรีนครินทร์,ลำสินธ์ุ,7,constituency,election_day,604,587,15,2,278,2,34,257,15,0,1,587,0,0.0248344370860927,0.0033112582781456,0.9718543046357616,278.0,0.4735945485519591,0.0357751277683134,1.0045060316872598,,False,98.69205298013246,False,False,NORMAL,192,7.508669999999999,99.921707,ศาลาประจำหมู่บ้านบ้านขาม,False,0,1,-1
ศรีนครินทร์,ลำสินธ์ุ,8,constituency,election_day,563,544,11,8,255,0,49,194,43,2,1,544,0,0.019538188277087,0.0142095914742451,0.966252220248668,255.0,0.46875,0.1121323529411764,1.1724717085893102,,False,98.73889875666076,False,False,NORMAL,193,7.533063,99.937284,ศาลาประจำหมู่บ้านบ้านลำสินธุ์เหนือ,False,0,1,-1
ศรีนครินทร์,ลำสินธ์ุ,9,constituency,election_day,233,225,7,1,100,0,10,105,9,0,1,225,0,0.0300429184549356,0.0042918454935622,0.965665236051502,105.0,0.4666666666666667,0.0222222222222222,1.0072838355763511,,False,98.41201716738198,False,False,NORMAL,194,7.5045591,99.9073986,ศาลาประจำหมู่บ้านบ้านโหล๊ะอม,False,0,1,14
กงหรา2,สมหวัง,1,constituency,election_day,316,302,8,6,137,2,32,111,19,1,0,302,0,0.0253164556962025,0.0189873417721519,0.9556962025316456,137.0,0.4536423841059602,0.086092715231788,1.1904620404245527,,False,98.35443037974684,False,False,NORMAL,195,7.5077431,100.0024084,ศาลาประจำหมู่บ้านบ้านคลองลำ,False,0,1,-1
กงหรา2,สมหวัง,2,constituency,election_day,665,625,23,17,221,3,109,256,33,1,2,625,0,0.0345864661654135,0.025563909774436,0.9398496240601504,256.0,0.4096,0.056,1.247378557351304,,False,97.7593984962406,False,False,NORMAL,196,7.5077431,100.0024084,ศาลาประชาร่วมใจ (ช่องเตย),False,0,1,-1
กงหรา2,สมหวัง,3,constituency,election_day,396,379,13,4,121,1,46,189,22,0,0,379,0,0.0328282828282828,0.0101010101010101,0.9570707070707072,189.0,0.4986807387862796,0.179419525065963,1.148350769526069,,False,98.15656565656565,False,False,NORMAL,197,7.52108,100.008,ศาลาประจำหมู่บ้านบ้านสมหวังตก,False,0,1,-1
กงหรา2,สมหวัง,4,constituency,election_day,358,332,20,6,88,0,60,166,16,1,1,332,0,0.0558659217877094,0.0167597765363128,0.9273743016759776,166.0,0.5,0.2349397590361445,1.1888165778609738,,False,96.87150837988828,False,True,UNUSUAL_VOTING_PATTERN,198,7.5076504,99.9837692,โรงเรียนวัดหวัง,True,1,6,-1
กงหรา2,สมหวัง,5,constituency,election_day,413,392,9,12,135,2,48,175,29,0,3,392,0,0.0217917675544794,0.0290556900726392,0.9491525423728814,175.0,0.4464285714285714,0.1020408163265306,1.2411572496218053,,False,98.32929782082324,False,False,NORMAL,199,7.507084499999999,99.9848915,ศาลาการเปรียญวัดสมหวัง,False,0,1,-1
กงหรา2,สมหวัง,6,constituency,election_day,374,345,20,9,176,4,56,68,38,0,3,345,0,0.053475935828877,0.0240641711229946,0.9224598930481284,176.0,0.5101449275362319,0.3130434782608696,1.2944989383648529,,False,96.84491978609626,False,True,UNUSUAL_VOTING_PATTERN,200,7.4978326,100.015403,ศาลาประจำหมู่บ้านบ้านไสคุณเปลือย,True,1,6,-1
กงหรา2,สมหวัง,7,constituency,election_day,427,411,12,4,198,0,50,135,25,2,1,411,0,0.0281030444964871,0.009367681498829,0.9625292740046838,198.0,0.4817518248175182,0.1532846715328467,1.1846557268540494,,False,98.40749414519904,False,False,NORMAL,201,7.4922222,100.0025,ศาลาประจำหมู่บ้านบ้านพรุนาแด้,False,0,1,-1
กงหรา2,สมหวัง,8,constituency,election_day,197,186,4,7,83,0,36,61,5,0,1,186,0,0.0203045685279187,0.0355329949238578,0.9441624365482234,83.0,0.4462365591397849,0.1182795698924731,1.1688598591525556,,False,98.2741116751269,False,False,NORMAL,202,7.550502400000001,100.0024084,ศาลาประจำหมู่บ้านบ้านทุ่งเลียบ,False,0,1,-1
ศรีนครินทร์,อ่างทอง,1,constituency,election_day,450,439,7,4,159,0,21,240,19,0,0,439,0,0.0155555555555555,0.0088888888888888,0.9755555555555556,240.0,0.5466970387243736,0.1845102505694761,0.9792866077187956,,False,99.04444444444444,False,False,NORMAL,203,7.5629896,99.9241575,ศาลาประจำหมู่บ้านบ้านประดู่,False,0,0,15
ศรีนครินทร์,อ่างทอง,2,constituency,election_day,379,363,7,9,89,0,47,199,27,0,1,363,0,0.0184696569920844,0.0237467018469656,0.9577836411609498,199.0,0.5482093663911846,0.303030303030303,1.1483950389788342,,False,98.60158311345646,False,False,NORMAL,204,7.5564909,99.9744535,ศาลาอเนกประสงค์บ้านสวนหลวง,False,0,1,16
ศรีนครินทร์,อ่างทอง,3,constituency,election_day,498,468,20,10,134,1,52,254,26,1,0,468,0,0.0401606425702811,0.0200803212851405,0.9397590361445785,254.0,0.5427350427350427,0.2564102564102564,1.1207575686293494,,False,97.59036144578312,False,False,NORMAL,205,7.5564909,99.9744535,ศาลาประจำหมู่บ้านบ้านอ่างทอง,False,0,1,16
ศรีนครินทร์,อ่างทอง,4,constituency,election_day,538,530,1,7,84,2,31,396,15,1,1,530,0,0.0018587360594795,0.0130111524163568,0.9851301115241636,396.0,0.7471698113207547,0.5886792452830188,0.8213877811191767,,False,99.64684014869889,False,True,UNUSUAL_VOTING_PATTERN,206,7.5505741,99.9603319,ศาลาอเนกประสงค์บ้านโหล๊ะหนุน,True,1,2,-1
ศรีนครินทร์,อ่างทอง,5,constituency,election_day,300,290,8,2,128,0,18,132,12,0,0,290,0,0.0266666666666666,0.0066666666666666,0.9666666666666668,132.0,0.4551724137931034,0.0137931034482758,1.0235523057298337,,False,98.53333333333332,False,False,NORMAL,207,7.5564909,99.9744535,ศาลาอเนกประสงค์บ้านปากแพรก,False,0,1,16
ศรีนครินทร์,อ่างทอง,6,constituency,election_day,223,214,8,1,59,1,24,122,7,1,0,214,0,0.0358744394618834,0.0044843049327354,0.9596412556053812,122.0,0.5700934579439252,0.2943925233644859,1.0829856429674931,,False,98.11659192825113,False,False,NORMAL,208,7.5629896,99.9241575,ศาลาประจำหมู่บ้านบ้านเกาะเหรียง,False,0,3,15
ศรีนครินทร์,อ่างทอง,7,constituency,election_day,299,285,6,8,138,0,29,98,17,0,3,285,0,0.020066889632107,0.0267558528428093,0.9531772575250836,138.0,0.4842105263157895,0.1403508771929824,1.166875621510833,,False,98.46153846153844,False,False,NORMAL,209,7.5564909,99.9744535,ศาลาอเนกประสงค์บ้านต้นตอ,False,0,1,16
ศรีนครินทร์,อ่างทอง,8,constituency,election_day,250,242,6,2,130,0,20,82,10,0,0,242,0,0.024,0.008,0.968,130.0,0.5371900826446281,0.1983471074380165,1.0382313078264602,,False,98.64,False,False,NORMAL,210,7.5564909,99.9744535,ศาลาอเนกประสงค์บ้านเกาะขัน,False,0,3,16
ป่าพะยอม,เกาะเต่า,1,constituency,election_day,530,511,16,3,191,6,24,267,20,3,0,511,0,0.030188679245283,0.0056603773584905,0.9641509433962264,267.0,0.5225048923679061,0.1487279843444227,1.0598256613767454,,False,98.37735849056604,False,False,NORMAL,211,7.8113025,99.8459774,ศาลาประจำหมู่บ้านบ้านไร่เจ็ดสิบ,False,0,1,-1
ป่าพะยอม,เกาะเต่า,2,constituency,election_day,334,325,4,5,88,2,42,178,15,0,0,325,0,0.0119760479041916,0.0149700598802395,0.9730538922155688,178.0,0.5476923076923077,0.2769230769230769,1.1212027731862673,,False,99.10179640718565,False,False,NORMAL,212,7.8554397,99.9101915,ศาลาประจำหมู่บ้านบ้านห้วยกรวด,False,0,0,-1
ป่าพะยอม,เกาะเต่า,3,constituency,election_day,339,329,3,7,89,2,28,191,18,1,0,329,0,0.0088495575221238,0.0206489675516224,0.9705014749262536,191.0,0.5805471124620061,0.3100303951367781,1.086673027509374,,False,99.14454277286136,False,False,NORMAL,213,7.791444299999999,99.8295765,ศาลาประจำหมู่บ้านบ้านบางหล่อ,False,0,0,-1
ป่าพะยอม,เกาะเต่า,4,constituency,election_day,556,539,4,13,139,5,32,329,33,0,1,539,0,0.0071942446043165,0.0233812949640287,0.9694244604316546,329.0,0.6103896103896104,0.3525046382189239,1.044575747741782,,False,99.1726618705036,False,False,NORMAL,214,7.791444299999999,99.8295765,ศูนย์สาธิตการตลาดบ้านบางหล่อ,False,0,0,-1
ป่าพะยอม,เกาะเต่า,5,constituency,election_day,381,369,9,3,84,3,54,202,21,1,4,369,0,0.0236220472440944,0.0078740157480314,0.968503937007874,202.0,0.5474254742547425,0.3197831978319783,1.2152958039455994,,False,98.66141732283464,False,False,NORMAL,215,7.8265429,99.8689005,ศาลาประจำหมู่บ้านบ้านคลองใหญ่,False,0,3,17
ป่าพะยอม,เกาะเต่า,6,constituency,election_day,411,395,3,13,101,1,41,226,25,1,0,395,0,0.0072992700729927,0.0316301703163017,0.9610705596107056,226.0,0.5721518987341773,0.3164556962025316,1.1082618854249562,,False,99.00243309002433,False,False,NORMAL,216,8.3516844,93.8758413,โรงเรียนวัดคลองใหญ่,False,0,4,-1
ป่าพะยอม,เกาะเต่า,7,constituency,election_day,352,343,4,5,57,1,56,205,22,2,0,343,0,0.0113636363636363,0.0142045454545454,0.9744318181818182,205.0,0.597667638483965,0.4314868804664723,1.124961085632079,,False,99.14772727272728,False,False,NORMAL,217,7.8321524,99.8957282,ศาลาประจำหมู่บ้านบ้านไสเลียบ,False,0,0,-1
ป่าพะยอม,เกาะเต่า,8,constituency,election_day,500,486,8,6,92,3,58,301,30,0,2,486,0,0.016,0.012,0.972,301.0,0.6193415637860082,0.4300411522633744,1.091417500306657,,False,98.96,False,False,NORMAL,218,7.8321524,99.8957282,ศูนย์เรียนรู้บ้านไสเลียบ,False,0,3,-1
ป่าพะยอม,เกาะเต่า,9,constituency,election_day,424,406,8,10,124,2,21,235,22,1,1,406,0,0.0188679245283018,0.0235849056603773,0.9575471698113208,235.0,0.5788177339901478,0.2733990147783251,1.0456592938724305,,False,98.58490566037736,False,False,NORMAL,219,7.77781,99.8342437,ศาลาประจำหมู่บ้านบ้านปากเหมือง,False,0,3,-1
ป่าพะยอม,เกาะเต่า,10,constituency,election_day,380,369,6,5,111,26,25,175,31,1,0,369,0,0.0157894736842105,0.0131578947368421,0.9710526315789474,175.0,0.4742547425474255,0.1734417344173441,1.3085435092665785,,False,98.94736842105264,False,False,NORMAL,220,7.7700709,99.8878507,ศาลาประจำหมู่บ้านบ้านประชาสามัคคี,False,0,0,-1
ป่าพะยอม,เกาะเต่า,11,constituency,election_day,503,488,4,11,109,9,27,312,30,0,1,488,0,0.0079522862823061,0.0218687872763419,0.9701789264413518,312.0,0.639344262295082,0.415983606557377,1.0387325128458875,,False,99.16500994035786,False,False,NORMAL,221,7.784332600000001,99.8515593,ศาลาประจำหมู่บ้านบ้านหนำวัว,False,0,0,-1
ป่าพะยอม,เกาะเต่า,12,constituency,election_day,579,558,11,10,163,3,65,281,42,0,4,558,0,0.0189982728842832,0.0172711571675302,0.9637305699481864,281.0,0.503584229390681,0.2114695340501792,1.213575350130618,,False,98.70466321243524,False,False,NORMAL,222,7.849026500000001,99.8403959,ศาลาประจำหมู่บ้านบ้านควนตะแบก,False,0,1,-1
ป่าพะยอม,เกาะเต่า,13,constituency,election_day,658,638,9,11,250,5,34,321,24,1,3,638,0,0.0136778115501519,0.0167173252279635,0.9696048632218844,321.0,0.5031347962382445,0.1112852664576802,1.0656887438717937,,False,98.98176291793314,False,False,NORMAL,223,7.819731300000001,99.9013657,ศาลาประจำหมู่บ้านบ้านห้วยปริง,False,0,0,-1
ป่าพะยอม,เกาะเต่า,14,constituency,election_day,493,477,5,11,134,1,62,258,22,0,0,477,0,0.0101419878296146,0.0223123732251521,0.9675456389452332,258.0,0.5408805031446541,0.259958071278826,1.1091110989598758,,False,99.04665314401622,False,False,NORMAL,224,7.8504642,99.8934354,ศาลาประจำหมู่บ้านบ้านเกาะยวน,False,0,0,-1
ป่าพะยอม,เกาะเต่า,15,constituency,election_day,600,585,9,6,171,7,52,319,35,0,1,585,0,0.015,0.01,0.975,319.0,0.5452991452991452,0.252991452991453,1.1376910668693416,,False,99.05,False,False,NORMAL,225,7.76993,99.835768,ศาลาประจำหมู่บ้านบ้านห้วยไม้ไผ่,False,0,0,-1
ป่าพะยอม,เกาะเต่า,16,constituency,election_day,371,356,6,9,119,7,56,156,12,2,4,356,0,0.0161725067385444,0.0242587601078167,0.9595687331536388,156.0,0.4382022471910112,0.1039325842696629,1.2898614888890787,,False,98.70619946091644,False,False,NORMAL,226,7.838677,99.863101,ศาลาประจำหมู่บ้านบ้านนา,False,0,1,17
ศรีบรรพต,เขาปู่,1,constituency,election_day,359,340,9,10,86,6,35,183,27,1,2,340,0,0.0250696378830083,0.0278551532033426,0.947075208913649,183.0,0.538235294117647,0.2852941176470588,1.2349119053792768,,False,98.18941504178274,False,False,NORMAL,228,7.704519400000001,99.8236533,ศาลาประจำหมู่บ้าน บ้านหน้าวัด หมู่ที่ 1,False,0,1,18
ศรีบรรพต,เขาปู่,2,constituency,election_day,494,464,15,15,174,1,58,192,38,0,1,464,0,0.0303643724696356,0.0303643724696356,0.9392712550607288,192.0,0.4137931034482758,0.0387931034482758,1.2242623492651408,,False,97.8744939271255,False,False,NORMAL,229,7.664779900000001,99.8385881,ศาลาประจำหมู่บ้าน บ้านใสประดู่ หมู่ที่ 2,False,0,1,-1
ศรีบรรพต,เขาปู่,3,constituency,election_day,198,181,4,13,36,0,16,120,9,0,0,181,0,0.0202020202020202,0.0656565656565656,0.914141414141414,120.0,0.6629834254143646,0.4640883977900552,0.9573802817071078,,False,97.67676767676768,True,True,UNUSUAL_VOTING_PATTERN,230,7.729098599999999,99.8041245,ศาลาประจำหมู่บ้าน บ้านควนลม หมู่ที่ 3,True,1,6,-1
ศรีบรรพต,เขาปู่,4,constituency,election_day,298,282,8,8,57,2,22,185,14,1,1,282,0,0.0268456375838926,0.0268456375838926,0.9463087248322148,185.0,0.6560283687943262,0.4539007092198581,1.0229149402442272,,False,98.12080536912752,False,False,NORMAL,231,7.7451902,99.8041245,ศาลาประจำหมู่บ้าน บ้านทุ่งยูง หมู่ที่ 4,False,0,3,-1
ศรีบรรพต,เขาปู่,5,constituency,election_day,253,233,3,17,70,4,27,119,9,0,4,233,0,0.0118577075098814,0.067193675889328,0.9209486166007904,119.0,0.5107296137339056,0.2103004291845493,1.2194361613303824,,False,98.06324110671936,False,True,UNUSUAL_VOTING_PATTERN,232,7.717472799999999,99.8431866,ศาลาประจำหมู่บ้าน บ้านด่าน หมู่ที่ 5,True,1,6,-1
ศรีบรรพต,เขาปู่,6,constituency,election_day,499,478,10,11,149,4,38,245,40,2,0,478,0,0.0200400801603206,0.0220440881763527,0.9579158316633266,245.0,0.5125523012552301,0.200836820083682,1.1777463282883367,,False,98.55711422845692,False,False,NORMAL,233,7.7169567,99.8655158,ศาลาประจำหมู่บ้าน บ้านเหรียงงาม หมู่ที่ 6,False,0,1,-1
ศรีบรรพต,เขาปู่,7,constituency,election_day,361,349,6,6,98,3,15,218,12,2,1,349,0,0.0166204986149584,0.0166204986149584,0.9667590027700832,218.0,0.6246418338108882,0.3438395415472779,0.9889730665037142,,False,98.8365650969529,False,False,NORMAL,234,7.741928,99.8292338,ศาลาประจำหมู่บ้าน บ้านเขาป้าแหร้ หมู่ที่ 7,False,0,3,-1
ศรีบรรพต,เขาปู่,8,constituency,election_day,435,412,10,13,117,5,65,198,22,2,3,412,0,0.0229885057471264,0.0298850574712643,0.9471264367816092,198.0,0.4805825242718446,0.1966019417475728,1.2726771120795035,,False,98.2528735632184,False,False,NORMAL,235,7.699030199999999,99.8292338,ศาลาประจำหมู่บ้าน บ้านป่าตอ หมู่ที่ 8,False,0,1,18
ศรีบรรพต,เขาปู่,9,constituency,election_day,290,278,4,8,113,5,21,122,16,0,1,278,0,0.0137931034482758,0.0275862068965517,0.9586206896551724,122.0,0.4388489208633093,0.0323741007194244,1.1793154615965695,,False,98.75862068965516,False,False,NORMAL,236,7.704519400000001,99.8236533,ศาลาประจำหมู่บ้าน บ้านในวัง หมู่ที่ 9,False,0,1,18
ศรีบรรพต,เขาปู่,10,constituency,election_day,283,278,2,3,35,0,29,200,14,0,0,278,0,0.0070671378091872,0.0106007067137809,0.9823321554770318,200.0,0.7194244604316546,0.5935251798561151,0.8840993973382695,,False,99.434628975265,False,False,NORMAL,237,7.704519400000001,99.8236533,ศาลาประจำหมู่บ้าน บ้านโหล๊ะปราง หมู่ที่ 10,False,0,2,18
ศรีบรรพต,เขาปู่,11,constituency,election_day,357,341,6,10,79,4,40,195,21,1,1,341,0,0.0168067226890756,0.0280112044817927,0.9551820728291316,195.0,0.5718475073313783,0.3401759530791788,1.167786814333211,,False,98.59943977591035,False,False,NORMAL,238,7.704519400000001,99.8236533,ศาลาประจำหมู่บ้าน บ้านเขาปู่ หมู่ที่ 11,False,0,3,18
ศรีบรรพต,เขาย่า,1,constituency,election_day,404,387,9,8,51,3,34,272,25,1,1,387,0,0.0222772277227722,0.0198019801980198,0.957920792079208,272.0,0.7028423772609819,0.5710594315245479,0.9740183374067566,,False,98.490099009901,False,False,NORMAL,239,7.728210699999999,99.9004167,ศาลาประจำหมู่บ้าน บ้านสำนักปราง หมู่ที่ 1,False,0,3,-1
ศรีบรรพต,เขาย่า,2,constituency,election_day,396,384,6,6,79,0,25,254,25,0,1,384,0,0.0151515151515151,0.0151515151515151,0.9696969696969696,254.0,0.6614583333333334,0.4557291666666667,0.9698793353715472,,False,98.93939393939397,False,False,NORMAL,240,7.747962100000001,99.9157776,ศาลาประจำหมู่บ้าน บ้านสะพานยาง หมู่ที่ 2,False,0,3,-1
ศรีบรรพต,เขาย่า,3,constituency,election_day,537,524,3,10,129,11,57,302,24,0,1,524,0,0.0055865921787709,0.0186219739292365,0.9757914338919924,302.0,0.5763358778625954,0.3301526717557252,1.1382687423256823,,False,99.34823091247672,False,False,NORMAL,241,7.7458666,99.890643,ศาลาประจำหมู่บ้าน บ้านม่วง หมู่ที่ 3,False,0,0,-1
ศรีบรรพต,เขาย่า,4,constituency,election_day,474,456,11,7,117,2,36,280,21,0,0,456,0,0.0232067510548523,0.0147679324894514,0.9620253164556962,280.0,0.6140350877192983,0.3574561403508772,1.0145029266274144,,False,98.54430379746836,False,False,NORMAL,242,7.7197137,99.9199675,ศาลาประจำหมู่บ้าน บ้านเขาย่าออก หมู่ที่ 4,False,0,3,-1
ศรีบรรพต,เขาย่า,5,constituency,election_day,451,439,8,4,91,1,49,271,26,0,1,439,0,0.0177383592017738,0.0088691796008869,0.9733924611973392,271.0,0.6173120728929385,0.4100227790432801,1.0638339913270811,,False,98.93569844789356,False,False,NORMAL,243,7.7576419,99.9032094,ศาลาประจำหมู่บ้าน บ้านโหล๊ะเร็ดตกหมู่ที่ 5,False,0,3,-1
ศรีบรรพต,เขาย่า,6,constituency,election_day,496,468,15,13,164,3,40,232,21,3,5,468,0,0.0302419354838709,0.0262096774193548,0.9435483870967742,232.0,0.4957264957264957,0.1452991452991453,1.1780619347196104,,False,97.96370967741936,False,False,NORMAL,244,7.710689700000001,99.9046058,ศาลาประจำหมู่บ้าน บ้านเขาย่าตก หมู่ที่ 6,False,0,1,-1
ศรีบรรพต,เขาย่า,7,constituency,election_day,552,511,18,23,164,3,43,266,32,0,3,511,0,0.0326086956521739,0.0416666666666666,0.9257246376811594,266.0,0.5205479452054794,0.1996086105675146,1.1467121735784136,,False,97.53623188405795,False,False,NORMAL,245,7.729908200000001,99.8850586,ศาลาประจำหมู่บ้าน บ้านโพรงงู หมู่ที่ 7,False,0,1,-1
ศรีบรรพต,เขาย่า,8,constituency,election_day,537,520,8,9,150,21,71,248,27,1,2,520,0,0.0148975791433892,0.0167597765363128,0.968342644320298,248.0,0.4769230769230769,0.1884615384615384,1.30020428202025,,False,98.91992551210429,False,False,NORMAL,246,7.776026099999999,99.9199675,ศาลาประจำหมู่บ้าน บ้านโหล๊ะเร็ดออก หมู่ที่ 8,False,0,0,-1
ศรีบรรพต,เขาย่า,9,constituency,election_day,375,359,3,13,45,0,45,249,18,0,2,359,0,0.008,0.0346666666666666,0.9573333333333334,249.0,0.6935933147632312,0.5682451253481894,0.9533547525487474,,False,98.90666666666668,False,True,UNUSUAL_VOTING_PATTERN,247,7.7206497,99.8865912,ศาลาประจำหมู่บ้าน บ้านสำนักวา หมู่ที่ 9,True,1,2,-1
ศรีบรรพต,เขาย่า,10,constituency,election_day,446,428,13,5,93,0,33,287,15,0,0,428,0,0.0291479820627802,0.0112107623318385,0.9596412556053812,287.0,0.6705607476635514,0.4532710280373832,0.9147104588266776,,False,98.31838565022422,False,False,NORMAL,248,7.737366799999999,99.9101915,ศาลาประจำหมู่บ้าน บ้านหูหนาน หมู่ที่ 10,False,0,3,-1
ควนขนุน,แพรกหา,1,constituency,election_day,622,609,8,5,137,1,43,389,39,0,0,609,0,0.0128617363344051,0.0080385852090032,0.9790996784565916,389.0,0.638752052545156,0.4137931034482758,0.9955945227510988,,False,99.19614147909968,False,False,NORMAL,249,7.666126299999999,100.0230734,ศาลาประจำหมู่บ้านบ้านม่วงเตี้ย,False,0,0,-1
ควนขนุน,แพรกหา,2,constituency,election_day,346,331,4,11,101,8,54,152,12,2,2,331,0,0.0115606936416184,0.0317919075144508,0.9566473988439308,152.0,0.459214501510574,0.1540785498489426,1.287347527228403,,False,98.78612716763006,False,False,NORMAL,250,7.6506734,99.988483,ศาลาประจำหมู่บ้านบ้านไสขาม,False,0,1,-1
ควนขนุน,แพรกหา,3,constituency,election_day,575,548,7,20,178,2,67,255,39,3,4,548,0,0.0121739130434782,0.0347826086956521,0.9530434782608695,255.0,0.4653284671532847,0.1405109489051094,1.2511652607851602,,False,98.69565217391305,False,False,NORMAL,251,7.6503234,99.9875214,ศาลาประจำหมู่บ้านบ้านแพรกหา,False,0,1,-1
ควนขนุน,แพรกหา,4,constituency,election_day,680,651,16,13,229,2,45,333,41,0,1,651,0,0.0235294117647058,0.0191176470588235,0.9573529411764706,333.0,0.511520737327189,0.1597542242703533,1.0969791520195222,,False,98.44117647058825,False,False,NORMAL,252,7.6641667,100.0083333,ศาลา อพป.บ้านเขาโต๊ะบุญ,False,0,1,19
ควนขนุน,แพรกหา,5,constituency,election_day,677,648,17,12,209,0,69,326,44,0,0,648,0,0.0251107828655834,0.017725258493353,0.9571639586410636,326.0,0.5030864197530864,0.1805555555555555,1.131708446821709,,False,98.38995568685375,False,False,NORMAL,253,7.6511029,100.0082279,ศาลาประจำหมู่บ้านบ้านเขาพังอิฐ,False,0,1,19
ควนขนุน,แพรกหา,6,constituency,election_day,417,403,6,8,61,2,57,247,31,3,2,403,0,0.014388489208633,0.0191846522781774,0.9664268585131894,247.0,0.6129032258064516,0.4615384615384615,1.1489162739676877,,False,98.8968824940048,False,False,NORMAL,254,7.6520326,100.0080005,ศาลาประจำหมู่บ้านบ้านเขาป้าเจ้,False,0,3,19
ควนขนุน,แพรกหา,7,constituency,election_day,434,421,9,4,154,0,35,204,28,0,0,421,0,0.02073732718894,0.0092165898617511,0.9700460829493088,204.0,0.4845605700712589,0.1187648456057007,1.10599129460173,,False,98.77880184331798,False,False,NORMAL,255,7.6520326,100.0080005,ศาลาประจำหมู่บ้านบ้านไสหยี,False,0,0,19
ควนขนุน,แพรกหา,8,constituency,election_day,385,366,5,14,74,2,49,221,18,2,0,366,0,0.0129870129870129,0.0363636363636363,0.9506493506493506,221.0,0.6038251366120219,0.4016393442622951,1.1021053309305375,,False,98.6233766233766,False,False,NORMAL,256,7.674832,100.003384,ศาลาประจำหมู่บ้านบ้านควนน้อย,False,0,3,19
ควนขนุน,แหลมโตนด,1,constituency,election_day,512,494,16,2,263,3,54,151,20,1,2,494,0,0.03125,0.00390625,0.96484375,263.0,0.5323886639676113,0.2267206477732793,1.1355564057820913,,False,98.359375,False,False,NORMAL,257,7.828554299999999,100.0247788,ศาลาประจำหมู่บ้านบ้านกองเกวียน,False,0,1,20
ควนขนุน,แหลมโตนด,2,constituency,election_day,386,371,11,4,132,20,37,171,11,0,0,371,0,0.0284974093264248,0.0103626943005181,0.961139896373057,171.0,0.4609164420485175,0.105121293800539,1.2163374313862654,,False,98.3678756476684,False,False,NORMAL,258,7.812371,100.049519,ศาลาประจำหมู่บ้านบ้านแหลมโตนด,False,0,1,-1
ควนขนุน,แหลมโตนด,3,constituency,election_day,326,312,10,4,110,4,16,165,15,0,2,312,0,0.0306748466257668,0.0122699386503067,0.9570552147239264,165.0,0.5288461538461539,0.1762820512820513,1.090927906371243,,False,98.22085889570552,False,False,NORMAL,259,7.838152273124791,100.0744355760674,ศาลาประจำหมู่บ้านบ้านมาบเนียน,False,0,1,-1
ควนขนุน,แหลมโตนด,4,constituency,election_day,590,559,18,13,161,2,46,314,29,2,5,559,0,0.0305084745762711,0.0220338983050847,0.947457627118644,314.0,0.5617173524150268,0.2737030411449016,1.123994979541134,,False,98.03389830508476,False,False,NORMAL,260,7.838233,100.0031462,ศาลาประจำหมู่บ้านบ้านเตง(โคกถิน),False,0,1,-1
ควนขนุน,แหลมโตนด,5,constituency,election_day,305,292,4,9,126,7,33,115,11,0,0,292,0,0.0131147540983606,0.0295081967213114,0.9573770491803278,126.0,0.4315068493150685,0.0376712328767123,1.1890083104524494,,False,98.75409836065572,False,False,NORMAL,261,7.828554299999999,100.0247788,ศาลาประจำหมู่บ้านบ้านหนองสามก้อน,False,0,1,20
ควนขนุน,แหลมโตนด,6,constituency,election_day,224,213,10,1,133,6,23,47,3,1,0,213,0,0.0446428571428571,0.0044642857142857,0.9508928571428572,133.0,0.6244131455399061,0.4037558685446009,1.0536107949037483,,False,97.67857142857144,False,True,UNUSUAL_VOTING_PATTERN,262,7.828554299999999,100.0247788,ศาลาประจำหมู่บ้านบ้านทุ่งใน,True,1,3,20
ควนขนุน,แหลมโตนด,7,constituency,election_day,323,314,6,3,103,5,29,169,8,0,0,314,0,0.0185758513931888,0.0092879256965944,0.9721362229102168,169.0,0.5382165605095541,0.2101910828025477,1.078487668790837,,False,98.88544891640868,False,False,NORMAL,263,7.3838149,100.2598974,ศาลาประจำหมู่บ้านบ้านบนลาน,False,0,0,2
ควนขนุน,แหลมโตนด,8,constituency,election_day,276,263,8,5,116,8,16,106,14,2,1,263,0,0.0289855072463768,0.0181159420289855,0.9528985507246376,116.0,0.4410646387832699,0.0380228136882129,1.2182716937396425,,False,98.18840579710144,False,False,NORMAL,264,7.828554299999999,100.0247788,ศาลประจำหมู่บ้านบ้านเสือสะอาด,False,0,1,20
ควนขนุน,แหลมโตนด,9,constituency,election_day,232,228,1,3,72,28,43,75,6,1,3,228,0,0.0043103448275862,0.0129310344827586,0.9827586206896552,75.0,0.3289473684210526,0.0131578947368421,1.4784189007725077,,False,99.52586206896552,True,True,UNUSUAL_VOTING_PATTERN,265,7.3838149,100.2598974,ศาลาประจำหมู่บ้านบ้านในตลาด,True,1,0,2
ควนขนุน,โตนดด้วน,1,constituency,election_day,262,250,3,9,37,2,21,168,8,1,13,250,0,0.0114503816793893,0.0343511450381679,0.9541984732824428,168.0,0.672,0.524,1.0825367144969094,,False,98.74045801526718,False,False,NORMAL,266,7.7160528,100.0191857,ศาลาประจำหมู่บ้านบ้านไสคำ,False,0,3,0
ควนขนุน,โตนดด้วน,2,constituency,election_day,596,579,8,9,158,2,39,345,30,2,3,579,0,0.0134228187919463,0.0151006711409395,0.971476510067114,345.0,0.5958549222797928,0.3229706390328152,1.064418038313505,,False,99.02684563758388,False,False,NORMAL,267,7.713701899999998,100.0255558,ศาลาประจำหมู่บ้านบ้านโคกโดน,False,0,0,0
ควนขนุน,โตนดด้วน,3,constituency,election_day,246,234,7,5,49,0,28,140,15,1,1,234,0,0.0284552845528455,0.0203252032520325,0.951219512195122,140.0,0.5982905982905983,0.3888888888888889,1.111510803074957,,False,98.17073170731707,False,False,NORMAL,268,7.7243442,100.0433388,ศาลาประจำหมู่บ้านบ้านหนองฟ้าผ่า,False,0,3,-1
ควนขนุน,โตนดด้วน,4,constituency,election_day,231,221,4,6,41,1,20,141,16,1,1,221,0,0.0173160173160173,0.0259740259740259,0.9567099567099568,141.0,0.6380090497737556,0.4524886877828054,1.0800284738927997,,False,98.6147186147186,False,False,NORMAL,269,7.7285293,100.0221358,ศาลาประจำหมู่บ้านบ้านป่าตอ,False,0,3,0
ควนขนุน,โตนดด้วน,5,constituency,election_day,558,546,4,8,122,4,43,348,24,2,3,546,0,0.007168458781362,0.014336917562724,0.978494623655914,348.0,0.6373626373626373,0.4139194139194139,1.0445800819834543,,False,99.3548387096774,False,False,NORMAL,270,7.7160528,100.0191857,ศาลาประจำหมู่บ้านบ้านวังจระเข้,False,0,0,0
ควนขนุน,โตนดด้วน,6,constituency,election_day,226,216,3,7,79,1,10,117,9,0,0,216,0,0.0132743362831858,0.0309734513274336,0.9557522123893806,117.0,0.5416666666666666,0.1759259259259259,0.99953024637769,,False,98.71681415929204,False,False,NORMAL,271,7.7160528,100.0191857,ศาลาประจำหมู่บ้านบ้านหนักกุล,False,0,0,0
ควนขนุน,โตนดด้วน,7,constituency,election_day,705,675,13,17,129,3,51,448,43,1,0,675,0,0.0184397163120567,0.0241134751773049,0.9574468085106383,448.0,0.6637037037037037,0.4725925925925926,0.992618294732771,,False,98.59574468085108,False,False,NORMAL,272,7.691745399999999,100.0315103,ศาลาประจำหมู่บ้านบ้านโคกโพธิ์,False,0,3,-1
ควนขนุน,โตนดด้วน,8,constituency,election_day,341,332,6,3,56,0,11,247,17,0,1,332,0,0.0175953079178885,0.0087976539589442,0.9736070381231672,247.0,0.7439759036144579,0.5753012048192772,0.8027853042236678,,False,98.9442815249267,False,False,NORMAL,273,7.7160528,100.0191857,ศาลาประจำหมู่บ้านบ้านไสโดน,False,0,3,0
ควนขนุน,โตนดด้วน,9,constituency,election_day,431,408,10,13,128,3,30,213,32,1,1,408,0,0.0232018561484918,0.0301624129930394,0.9466357308584686,213.0,0.5220588235294118,0.2083333333333333,1.160163222729459,,False,98.23665893271462,False,False,NORMAL,274,7.7160528,100.0191857,ศาลาประจำหมู่บ้านบ้านโตนดด้วน หมู่ที่ 9,False,0,1,0
ควนขนุน,โตนดด้วน,10,constituency,election_day,280,266,6,8,103,0,24,127,8,1,3,266,0,0.0214285714285714,0.0285714285714285,0.95,127.0,0.4774436090225564,0.0902255639097744,1.1143477866174611,,False,98.35714285714286,False,False,NORMAL,275,7.7160528,100.0191857,ศาลาประจำหมู่บ้านบ้านตีนคลอง,False,0,1,0
ควนขนุน,โตนดด้วน,11,constituency,election_day,374,363,4,7,24,1,24,295,17,1,1,363,0,0.0106951871657754,0.0187165775401069,0.9705882352941176,295.0,0.8126721763085399,0.7465564738292011,0.7198327493450053,,False,99.0909090909091,False,True,UNUSUAL_VOTING_PATTERN,276,7.7160528,100.0191857,ศาลาประจำหมู่บ้าน หมู่ที่ 11 บ้านไสเหรียง,True,1,2,0
