district,subdistrict,unit_index,form_type_const,vote_phase,ballot_total_const,ballot_valid_const,ballot_invalid_const,ballot_no_vote_const,นิติศักดิ์ ธรรมเพชร,พ.ต.อ.พงศ์พสิษฐ์ ทองด้วง,ภพเอกอัคร อินทรโม,วรท เทอดวีระพงศ์,ศุภกร ขุนชิต,สมเสริม ชูรักษ์,อธิคม ขุนแก้ว,vote_sum_const,vote_mismatch_const,invalid_ratio_const,no_vote_ratio_const,turnout_const,winner_votes_const,winner_ratio_const,winner_margin_const,vote_entropy_const,validation_error,has_validation_error,integrity_score_const,anomaly_iforest_const,anomaly_dbscan_const,anomaly_type_const,form_type_party,ballot_total_party,ballot_valid_party,ballot_invalid_party,ballot_no_vote_party,กรีน,กล้าธรรม,ก้าวอิสระ,ครูไทยเพื่อประชาชน,คลองไทย,ความหวังใหม่,ทางเลือกไทย,ท้องที่ไทย,ประชากรไทย,ประชาชน,ประชาชาติ,ประชาธิปัตย์,ประชาธิปไดยใหม่,ประชาอาสาชาติ,ประชาไทย,ปวงชนไทย,พร้อม,พลวัต,พลังธรรมใหม่,พลังประชารัฐ,พลังสังคมใหม่,พลังเพื่อไทย,พลังไทยรักชาติ,ฟิวชัน,ภูมิใจไทย,มิติใหม่,รวมพลังประชาชน,รวมใจไทย,รวมไทยสร้างชาติ,รักชาติ,วิชชั่นใหม่,สร้างอนาคตไทย,สังคมประชาธิปไดยไทย,อนาคตไทย,เครือข่ายชาวนาแห่งประเทศไทย,เป็นธรรม,เพื่อชาติไทย,เพื่อชีวิตใหม่,เพื่อบ้านเมือง,เพื่อไทย,เศรษฐกิจ,เสรีรวมไทย,แผ่นดินธรรม,แรงงานสร้างชาติ,โอกาสใหม่,ใหม่,ไทยก้าวหน้า,ไทยก้าวใหม่,ไทยชนะ,ไทยทรัพย์ทวี,ไทยธรรม,ไทยพร้อม,ไทยพิทักษ์ธรรม,ไทยภักดี,ไทยรวมไทย,ไทยสร้างไทย,ไทรวมพลัง,vote_sum_party,vote_mismatch_party,invalid_ratio_party,no_vote_ratio_party,turnout_party,winner_votes_party,winner_ratio_party,winner_margin_party,vote_entropy_party,integrity_score_party,anomaly_iforest_party,anomaly_dbscan_party,anomaly_type_party,cross_mismatch,source_row_id,latitude,longitude,latlong_location,is_integrity_or_anomaly_issue,issue_num,mixed_kmeans_cluster,geo_dbscan_cluster
ควนขนุน,ควนขนุน(เทศบาล),1,constituency,election_day,256,237,5,14,64,4,37,115,12,3,2,237,0,0.01953125,0.0546875,0.92578125,115.0,0.4852320675105485,0.2151898734177215,1.309891941414925,,False,97.9296875,False,True,UNUSUAL_VOTING_PATTERN,partylist,256,238,11,7,0,0,0,0,4,0,0,0,0,34,0,108,1,0,0,0,0,0,0,1,0,0,0,0,56,0,1,0,9,0,0,0,0,0,0,0,2,1,1,12,1,1,0,0,0,0,1,1,0,1,0,0,0,3,0,0,0,238,0,0.04296875,0.02734375,0.9296875,108.0,0.453781512605042,0.2184873949579832,1.6453490992487043,97.3046875,False,True,UNUSUAL_VOTING_PATTERN,0,0,7.734476799999999,100.0124479,อาคารอเนกประสงค์ สำนักงานเทศบาลตำบลควนขนุน,True,1,1,0
ควนขนุน,ควนขนุน(เทศบาล),2,constituency,election_day,337,322,6,9,76,9,50,163,22,0,2,322,0,0.0178041543026706,0.0267062314540059,0.9554896142433236,163.0,0.5062111801242236,0.2701863354037267,1.2895129853093166,,False,98.57566765578636,False,False,NORMAL,partylist,337,320,8,9,0,1,0,0,0,0,1,0,0,45,0,137,2,0,0,0,1,0,0,0,0,0,0,0,87,0,0,0,8,1,0,1,0,0,0,0,2,0,0,15,7,0,0,0,1,0,0,2,0,1,0,0,0,8,0,0,0,320,0,0.0237388724035608,0.0267062314540059,0.9495548961424332,137.0,0.428125,0.15625,1.6259982551336982,98.27893175074183,False,True,UNUSUAL_VOTING_PATTERN,0,1,7.733656099999999,100.007411,อาคารหอประชุม โรงเรียนบ้านควนขนุน,True,1,1,0
ควนขนุน,ควนขนุน,9,constituency,election_day,80,77,0,3,8,0,9,47,11,2,0,77,0,0.0,0.0375,0.9625,47.0,0.6103896103896104,0.4675324675324675,1.160290705337588,,False,99.25,False,False,NORMAL,partylist,80,78,1,1,0,0,0,0,0,0,0,0,0,15,0,23,2,1,0,0,0,0,0,0,0,0,0,0,24,0,0,0,4,0,0,0,0,0,0,0,0,0,0,6,2,0,0,0,0,0,0,0,0,0,0,0,0,1,0,0,0,78,0,0.0125,0.0125,0.975,24.0,0.3076923076923077,0.0128205128205128,1.6890327383134127,99.125,True,True,UNUSUAL_VOTING_PATTERN,0,12,7.735698699999999,100.0077949,ศาลาประจำหมู่บ้าน หมู่ที่ 9 บ้านควนขนุน,True,1,0,0
ควนขนุน,ชะมวง,2,constituency,election_day,194,182,5,7,56,2,19,96,9,0,0,182,0,0.0257731958762886,0.0360824742268041,0.9381443298969072,96.0,0.5274725274725275,0.2197802197802197,1.134211207827406,,False,97.98969072164948,False,False,NORMAL,partylist,194,177,11,6,0,0,0,0,0,0,1,0,0,14,0,83,3,0,0,0,0,2,0,0,0,0,0,0,46,0,0,0,6,0,0,0,0,0,0,0,3,0,0,12,2,1,0,0,0,0,0,0,0,2,0,2,0,0,0,0,0,177,0,0.056701030927835,0.0309278350515463,0.9123711340206184,83.0,0.4689265536723164,0.2090395480225988,1.602509251841952,96.54639175257732,False,True,UNUSUAL_VOTING_PATTERN,0,14,7.7408104,99.9839132,ศาลาการเปรียญวัดพิกุลทอง,True,1,1,0
ควนขนุน,ชะมวง,5,constituency,election_day,511,501,3,7,109,7,25,348,11,1,0,501,0,0.0058708414872798,0.0136986301369863,0.980430528375734,348.0,0.6946107784431138,0.4770459081836327,0.8904713769523936,,False,99.43248532289628,False,True,UNUSUAL_VOTING_PATTERN,partylist,511,490,16,5,0,2,0,0,1,0,0,0,0,45,0,278,4,0,1,1,0,4,0,0,0,0,0,0,91,0,0,4,2,1,0,0,1,0,0,0,3,0,2,38,2,1,0,0,0,0,0,0,0,7,0,0,0,1,0,1,0,490,0,0.0313111545988258,0.009784735812133,0.958904109589041,278.0,0.5673469387755102,0.3816326530612245,1.452379088052412,98.23874755381604,False,False,NORMAL,0,17,7.753196000000001,99.9551971,ศาลาประจำหมู่บ้านบ้านไสเตียน,True,1,0,-1
ควนขนุน,ชะมวง,6,constituency,election_day,326,315,6,5,43,1,10,248,12,0,1,315,0,0.0184049079754601,0.0153374233128834,0.9662576687116564,248.0,0.7873015873015873,0.6507936507936508,0.7306467189807594,,False,98.77300613496932,False,True,UNUSUAL_VOTING_PATTERN,partylist,326,317,4,5,0,0,0,0,1,0,1,0,0,33,2,162,1,0,0,0,0,6,1,0,0,1,0,0,77,1,0,0,0,0,0,0,0,0,0,0,1,0,3,7,5,1,0,1,0,0,0,0,1,6,0,2,0,3,0,1,0,317,0,0.0122699386503067,0.0153374233128834,0.97239263803681,162.0,0.5110410094637224,0.2681388012618296,1.5740995341002566,99.079754601227,False,False,NORMAL,0,18,7.3838149,100.2598974,ศาลาประจำหมู่บ้านบ้านค่ายไพออก,True,1,0,2
ควนขนุน,ชะมวง,7,constituency,election_day,394,387,4,3,50,5,5,315,12,0,0,387,0,0.0101522842639593,0.0076142131979695,0.9822335025380712,315.0,0.813953488372093,0.6847545219638242,0.652029885734488,,False,99.34010152284264,False,True,UNUSUAL_VOTING_PATTERN,partylist,394,376,13,5,0,0,0,0,1,0,1,0,0,36,0,201,3,0,0,0,0,1,1,0,0,0,0,0,100,0,2,2,3,0,0,0,1,0,0,0,5,0,0,10,4,0,0,0,0,0,0,0,0,4,0,1,0,0,0,0,0,376,0,0.032994923857868,0.0126903553299492,0.9543147208121828,201.0,0.5345744680851063,0.2686170212765957,1.3896539180217513,98.0964467005076,False,False,NORMAL,0,19,7.3838149,100.2598974,ศาลาประจำหมู่บ้านบ้านค่ายไพตก,True,1,0,2
ควนขนุน,ชะมวง,8,constituency,election_day,360,347,8,5,30,3,23,248,41,2,0,347,0,0.0222222222222222,0.0138888888888888,0.9638888888888888,248.0,0.7146974063400576,0.5965417867435159,0.9547391792922438,,False,98.61111111111111,False,False,NORMAL,partylist,360,342,16,2,0,1,0,0,0,0,1,0,0,83,3,135,0,0,0,1,1,3,2,2,0,0,0,1,70,1,0,1,7,0,0,0,0,0,0,0,2,0,0,12,2,1,0,0,0,1,0,0,0,10,0,0,0,2,0,0,0,342,0,0.0444444444444444,0.0055555555555555,0.95,135.0,0.3947368421052631,0.1520467836257309,1.7226476382668376,97.66666666666666,False,True,UNUSUAL_VOTING_PATTERN,0,20,7.7372374,99.973056,ศาลาประจำหมู่บ้านบ้านไทรโกบ,True,1,1,0
ควนขนุน,ชะมวง,10,constituency,election_day,196,191,1,4,44,0,18,116,10,1,2,191,0,0.0051020408163265,0.0204081632653061,0.9744897959183674,116.0,0.6073298429319371,0.3769633507853403,1.0933224176071896,,False,99.33673469387756,False,False,NORMAL,partylist,196,188,6,2,0,2,0,0,0,0,1,0,0,43,0,51,3,0,1,0,0,1,0,1,0,0,0,0,52,0,0,0,3,0,1,0,0,0,0,0,0,0,0,25,1,1,0,0,0,0,0,1,0,0,1,0,0,0,0,0,0,188,0,0.0306122448979591,0.010204081632653,0.9591836734693876,52.0,0.2765957446808511,0.0053191489361702,1.7461799983361643,98.265306122449,True,True,UNUSUAL_VOTING_PATTERN,0,22,7.737530199999998,99.9891287,ศาลาประจำหมู่บ้านบ้านปาบ,True,1,1,0
กงหรา2,ชะรัด,9,constituency,election_day,383,341,15,27,139,1,41,123,35,1,1,341,0,0.0391644908616188,0.0704960835509138,0.8903394255874674,139.0,0.407624633431085,0.0469208211143695,1.2732778165709664,,False,96.63185378590076,True,True,UNUSUAL_VOTING_PATTERN,partylist,383,360,13,10,0,0,0,0,1,0,0,0,0,49,2,222,5,0,0,0,0,7,0,1,0,0,0,0,43,0,0,1,4,0,1,0,0,0,0,0,2,0,1,11,3,0,0,0,0,1,0,0,1,3,0,1,0,0,0,1,0,360,0,0.0339425587467362,0.0261096605744125,0.9399477806788512,222.0,0.6166666666666667,0.4805555555555555,1.4006039568308284,97.78067885117494,False,False,NORMAL,0,36,7.470731900000001,99.9856344,ศาลาประจำหมู่บ้านบ้านหูเล่,True,1,1,3
ศรีนครินทร์,ชุมพล,1,constituency,election_day,645,610,13,22,343,2,51,170,42,1,1,610,0,0.0201550387596899,0.0341085271317829,0.9457364341085271,343.0,0.5622950819672131,0.2836065573770492,1.111296984586334,,False,98.31007751937985,False,False,NORMAL,partylist,645,596,25,24,0,0,0,0,0,0,3,0,1,89,1,341,3,0,0,1,0,7,0,0,0,2,1,1,63,0,3,3,7,0,2,0,2,0,0,0,2,1,2,35,8,2,0,1,1,2,0,0,5,2,0,3,1,0,0,1,0,596,0,0.0387596899224806,0.0372093023255813,0.924031007751938,341.0,0.5721476510067114,0.4228187919463087,1.6031429577096452,97.31782945736434,False,True,UNUSUAL_VOTING_PATTERN,0,38,7.6050041,99.9493424,ศาลาประจำหมู่บ้านบ้านชุมพล,True,1,1,4
ศรีนครินทร์,ชุมพล,3,constituency,election_day,363,342,11,10,206,1,15,88,32,0,0,342,0,0.0303030303030303,0.0275482093663911,0.9421487603305784,206.0,0.6023391812865497,0.3450292397660818,1.0305053793115515,,False,97.93388429752066,False,False,NORMAL,partylist,363,339,16,8,0,2,0,1,0,0,0,0,0,71,0,153,5,0,2,0,0,4,1,1,0,1,0,0,30,0,2,2,7,0,0,0,0,1,0,2,1,0,1,37,7,1,0,1,0,1,0,0,2,1,0,0,0,2,0,0,0,339,0,0.0440771349862259,0.0220385674931129,0.9338842975206612,153.0,0.4513274336283185,0.2418879056047197,1.8186658092036336,97.35537190082644,False,True,UNUSUAL_VOTING_PATTERN,0,40,7.615725099999999,99.9576849,ศาลาประจำหมู่บ้านบ้านหนองเสม็ด,True,1,1,5
ศรีนครินทร์,ชุมพล,4,constituency,election_day,418,371,17,30,113,8,18,185,32,8,7,371,0,0.0406698564593301,0.0717703349282296,0.8875598086124402,185.0,0.4986522911051212,0.1940700808625337,1.307621665313712,,False,96.5311004784689,True,True,UNUSUAL_VOTING_PATTERN,partylist,418,375,19,24,1,6,2,0,0,0,13,1,1,66,1,85,5,0,0,1,0,11,0,0,0,3,0,0,45,3,3,8,8,0,0,1,0,2,0,0,24,0,0,38,18,1,0,0,0,0,1,0,1,23,0,0,0,2,0,1,0,375,0,0.0454545454545454,0.0574162679425837,0.8971291866028708,85.0,0.2266666666666666,0.0506666666666666,2.487130290516781,96.57894736842104,True,True,UNUSUAL_VOTING_PATTERN,0,41,7.5827562,99.9618832,ศาลาการเปรียญวัดลำกะ,True,1,1,-1
ศรีนครินทร์,ชุมพล,6,constituency,election_day,493,461,11,21,212,0,61,146,35,1,6,461,0,0.0223123732251521,0.0425963488843813,0.9350912778904664,212.0,0.4598698481561822,0.1431670281995661,1.2545392540987017,,False,98.03245436105476,False,False,NORMAL,partylist,493,455,22,16,0,0,0,0,1,0,1,0,0,56,1,269,7,0,0,2,0,8,2,1,0,1,0,0,53,1,2,0,6,1,0,2,0,0,0,1,1,1,0,25,2,5,0,0,0,1,0,0,1,3,0,0,0,0,0,1,0,455,0,0.0446247464503042,0.0324543610547667,0.922920892494929,269.0,0.5912087912087912,0.4681318681318681,1.5476020755223812,97.11967545638946,False,True,UNUSUAL_VOTING_PATTERN,0,43,7.6050041,99.9493424,ศาลาประจำหมู่บ้านบ้านหนองหาญ (หนองโหล๊ะ),True,1,1,4
ศรีนครินทร์,ชุมพล,7,constituency,election_day,274,255,6,13,130,0,26,80,18,0,1,255,0,0.0218978102189781,0.0474452554744525,0.9306569343065694,130.0,0.5098039215686274,0.196078431372549,1.14879761981009,,False,97.95620437956204,False,False,NORMAL,partylist,274,259,5,10,0,0,0,0,0,0,1,0,0,41,0,150,2,0,0,0,0,3,0,0,0,1,1,0,25,0,0,3,2,0,1,0,0,0,0,0,1,0,1,14,8,0,0,0,0,0,1,0,0,4,0,0,0,0,0,0,0,259,0,0.0182481751824817,0.0364963503649635,0.9452554744525548,150.0,0.5791505791505791,0.4208494208494208,1.4919036627891118,98.35766423357664,False,True,UNUSUAL_VOTING_PATTERN,0,44,7.6050041,99.9493424,ศาลาอเนกประสงค์บ้านทุ่งยวน,True,1,1,4
ศรีนครินทร์,ชุมพล,12,constituency,election_day,244,233,5,6,151,1,19,48,13,0,1,233,0,0.0204918032786885,0.0245901639344262,0.9549180327868853,151.0,0.648068669527897,0.4420600858369098,1.018782719085895,,False,98.48360655737706,False,False,NORMAL,partylist,244,224,11,9,0,1,0,0,0,0,0,1,0,35,0,118,3,0,0,0,0,7,0,1,0,1,0,0,20,0,1,1,2,0,1,0,0,0,0,0,0,0,1,22,6,1,0,0,0,0,0,1,1,0,0,0,0,0,0,0,0,224,0,0.0450819672131147,0.0368852459016393,0.918032786885246,118.0,0.5267857142857143,0.3705357142857143,1.642228166275038,97.00819672131148,False,True,UNUSUAL_VOTING_PATTERN,0,49,7.6050041,99.9493424,ศาลาประจำหมู่บ้านบ้านต้นธง,True,1,1,4
ศรีนครินทร์,ชุมพล,13,constituency,election_day,254,245,1,8,159,0,44,30,11,0,1,245,0,0.0039370078740157,0.0314960629921259,0.9645669291338582,159.0,0.6489795918367347,0.4693877551020408,1.0078995105607798,,False,99.1732283464567,False,False,NORMAL,partylist,254,245,3,6,2,0,0,0,0,0,2,1,0,24,0,179,1,0,0,0,0,1,0,0,0,0,1,0,7,0,1,0,3,1,0,1,0,0,0,0,0,0,0,12,4,0,0,0,0,0,0,2,2,1,0,0,0,0,0,0,0,245,0,0.0118110236220472,0.0236220472440944,0.9645669291338582,179.0,0.7306122448979592,0.6326530612244898,1.1639447665869618,98.93700787401576,True,False,UNUSUAL_VOTING_PATTERN,0,50,7.615725099999999,99.9576849,ศาลาประจำหมู่บ้านบ้านนารา,True,1,0,5
ควนขนุน,ดอนทราย,1,constituency,election_day,206,205,1,0,26,0,2,172,4,0,1,205,0,0.0048543689320388,0.0,0.9951456310679612,172.0,0.8390243902439024,0.7121951219512195,0.557102506913667,,False,99.75728155339806,True,True,UNUSUAL_VOTING_PATTERN,partylist,206,202,2,2,0,1,0,0,1,0,0,0,0,27,0,105,1,0,0,0,0,0,1,1,0,0,0,0,42,0,0,1,3,1,0,0,0,0,0,0,0,0,0,10,1,1,0,0,1,0,0,0,1,0,0,0,0,4,0,0,0,202,0,0.0097087378640776,0.0097087378640776,0.9805825242718448,105.0,0.5198019801980198,0.3118811881188119,1.5137012550399045,99.32038834951456,False,False,NORMAL,0,53,7.7173634,99.9632741,ศาลาประจำหมู่บ้านบ้านเขากอย,True,1,0,6
ควนขนุน,ดอนทราย,4,constituency,election_day,255,250,1,4,30,1,9,204,6,0,0,250,0,0.0039215686274509,0.0156862745098039,0.9803921568627452,204.0,0.816,0.696,0.6516290050403301,,False,99.49019607843135,False,True,UNUSUAL_VOTING_PATTERN,partylist,255,246,3,6,0,1,0,0,2,0,1,0,0,30,0,109,3,0,0,0,0,1,0,0,0,0,0,0,70,0,1,2,10,0,1,0,0,0,0,0,2,0,0,3,1,1,0,0,0,0,1,0,0,3,0,2,0,2,0,0,0,246,0,0.0117647058823529,0.0235294117647058,0.9647058823529412,109.0,0.4430894308943089,0.1585365853658536,1.640972426624032,98.94117647058825,False,False,NORMAL,0,56,7.7173634,99.9632741,ศาลาประจำหมู่บ้านบ้านลำรุณ,True,1,0,6
ควนขนุน,ดอนทราย,6,constituency,election_day,284,272,5,7,29,0,12,215,13,1,2,272,0,0.0176056338028169,0.0246478873239436,0.9577464788732394,215.0,0.7904411764705882,0.6838235294117647,0.7643010702569123,,False,98.62676056338027,False,True,UNUSUAL_VOTING_PATTERN,partylist,284,279,2,3,0,1,0,0,1,0,1,0,0,32,0,126,1,0,1,0,0,1,0,0,0,1,0,0,76,1,1,1,8,0,0,0,0,0,0,0,3,0,1,8,1,1,0,0,0,0,0,0,0,3,0,2,0,7,0,0,1,279,0,0.0070422535211267,0.0105633802816901,0.9823943661971832,126.0,0.4516129032258064,0.1792114695340501,1.6732146247223272,99.43661971830986,False,True,UNUSUAL_VOTING_PATTERN,0,58,7.722331100000001,99.9800438,ศาลาประจำหมู่บ้านบ้านเกาะทอง,True,1,0,-1
ควนขนุน,ดอนทราย,7,constituency,election_day,528,519,5,4,44,2,22,434,17,0,0,519,0,0.0094696969696969,0.0075757575757575,0.9829545454545454,434.0,0.8362235067437379,0.7514450867052023,0.6261629835976079,,False,99.375,True,True,UNUSUAL_VOTING_PATTERN,partylist,528,504,20,4,0,0,1,0,1,1,5,1,1,68,0,257,2,0,0,2,0,1,1,0,0,1,0,1,114,0,1,2,9,0,0,0,0,0,0,0,1,0,0,16,6,2,0,0,0,0,0,1,0,3,1,1,0,1,0,1,2,504,0,0.0378787878787878,0.0075757575757575,0.9545454545454546,257.0,0.5099206349206349,0.2837301587301587,1.567561988928463,97.95454545454544,False,False,NORMAL,0,59,7.7186105,99.9665503,ศาลาประจำหมู่บ้านบ้านควนดินแดง,True,1,0,6
ควนขนุน,ดอนทราย,10,constituency,election_day,379,369,3,7,58,2,22,276,11,0,0,369,0,0.0079155672823219,0.0184696569920844,0.9736147757255936,276.0,0.7479674796747967,0.5907859078590786,0.8091640969255932,,False,99.2348284960422,False,True,UNUSUAL_VOTING_PATTERN,partylist,379,367,6,6,0,0,0,0,0,0,1,0,0,42,0,214,1,0,0,0,0,0,0,1,0,0,0,0,74,1,0,0,2,0,0,0,0,0,0,0,1,0,2,10,6,1,0,0,0,0,0,0,0,8,0,0,0,3,0,0,0,367,0,0.0158311345646438,0.0158311345646438,0.9683377308707124,214.0,0.5831062670299727,0.3814713896457766,1.3269363065104889,98.89182058047491,False,False,NORMAL,0,62,7.7714851,100.0555474,ศาลาประจำหมู่บ้านบ้านไสโพธิ์,True,1,0,-1
ศรีบรรพต,ตะแพน,4,constituency,election_day,144,142,2,0,62,0,3,72,5,0,0,142,0,0.0138888888888888,0.0,0.9861111111111112,72.0,0.5070422535211268,0.0704225352112676,0.9055079106285387,,False,99.30555555555556,False,True,UNUSUAL_VOTING_PATTERN,partylist,144,143,1,0,0,0,0,0,0,0,1,0,0,24,0,86,1,0,0,0,0,0,1,0,0,0,0,0,23,0,0,0,0,0,0,0,0,0,0,0,0,0,0,6,0,0,1,0,0,0,0,0,0,0,0,0,0,0,0,0,0,143,0,0.0069444444444444,0.0,0.9930555555555556,86.0,0.6013986013986014,0.4335664335664335,1.1711377548201092,99.65277777777776,False,True,UNUSUAL_VOTING_PATTERN,0,67,7.6452374,99.8090063,ศาลาประจำหมู่บ้าน บ้านห้วยครก หมู่ที่ 4,True,1,0,-1
ศรีบรรพต,ตะแพน,7,constituency,election_day,614,602,4,8,238,2,98,230,31,2,1,602,0,0.006514657980456,0.013029315960912,0.980456026058632,238.0,0.3953488372093023,0.0132890365448504,1.23130118890161,,False,99.41368078175896,False,False,NORMAL,partylist,614,602,6,6,0,0,0,0,0,0,1,0,0,65,0,435,3,1,1,0,2,5,0,0,0,0,0,0,46,2,1,1,4,0,1,1,0,0,0,0,2,0,2,16,5,1,0,0,0,0,0,0,0,6,0,0,0,0,1,0,0,602,0,0.009771986970684,0.009771986970684,0.980456026058632,435.0,0.7225913621262459,0.6146179401993356,1.1248076985383864,99.3159609120521,False,True,UNUSUAL_VOTING_PATTERN,0,70,7.6497788,99.9285556,โรงอาหารโรงเรียนบ้านหัสคุณ,True,1,0,-1
ควนขนุน,ทะเลน้อย,4,constituency,election_day,377,363,13,1,69,2,20,263,8,0,1,363,0,0.0344827586206896,0.0026525198938992,0.9628647214854112,263.0,0.7245179063360881,0.5344352617079889,0.8377462738086486,,False,98.22281167108754,False,False,NORMAL,partylist,377,355,18,4,0,0,0,2,2,0,0,0,0,30,1,131,8,0,0,0,0,1,0,0,0,0,0,0,139,1,1,2,1,0,0,1,1,0,0,0,2,1,0,17,2,1,0,0,0,2,0,2,1,6,0,0,0,0,0,0,0,355,0,0.0477453580901856,0.0106100795755968,0.9416445623342176,139.0,0.3915492957746478,0.0225352112676056,1.6134320880106734,97.40053050397876,False,True,UNUSUAL_VOTING_PATTERN,0,76,7.3838149,100.2598974,ศาลาประจำหมู่บ้านบ้านบนออก,True,1,1,2
ควนขนุน,ทะเลน้อย,5,constituency,election_day,508,491,12,5,211,11,26,222,19,0,2,491,0,0.0236220472440944,0.0098425196850393,0.966535433070866,222.0,0.4521384928716904,0.0224032586558044,1.1107935414529342,,False,98.62204724409447,False,False,NORMAL,partylist,508,476,29,3,0,1,0,0,0,0,0,1,0,58,1,202,4,0,1,1,0,1,3,0,0,2,0,0,110,0,2,1,2,1,0,1,1,0,0,0,1,0,0,56,9,2,0,1,0,0,0,1,1,8,0,2,0,2,0,0,0,476,0,0.0570866141732283,0.0059055118110236,0.937007874015748,202.0,0.4243697478991596,0.1932773109243697,1.7456328995849122,97.0275590551181,False,True,UNUSUAL_VOTING_PATTERN,0,77,7.3838149,100.2598974,ศาลาประจำหมู่บ้านบ้านปลายตรอก,True,1,1,2
ควนขนุน,ทะเลน้อย,9,constituency,election_day,408,393,5,10,121,15,26,213,18,0,0,393,0,0.0122549019607843,0.0245098039215686,0.9632352941176472,213.0,0.5419847328244275,0.2340966921119593,1.140212049628712,,False,98.89705882352942,False,False,NORMAL,partylist,408,382,19,7,0,5,0,0,2,0,1,1,1,49,0,164,1,0,1,0,0,2,0,0,0,0,0,0,99,0,1,2,1,0,1,0,0,0,0,1,0,0,4,22,7,1,0,0,0,1,1,2,0,6,0,3,0,2,0,1,0,382,0,0.0465686274509803,0.017156862745098,0.9362745098039216,164.0,0.4293193717277487,0.1701570680628272,1.7616805786463503,97.32843137254902,False,True,UNUSUAL_VOTING_PATTERN,0,81,7.3838149,100.2598974,ศาลาประจำหมู่บ้านบ้านบนตก,True,1,1,2
ควนขนุน,ทะเลน้อย,10,constituency,election_day,387,374,12,1,98,4,21,236,14,0,1,374,0,0.0310077519379844,0.0025839793281653,0.96640826873385,236.0,0.6310160427807486,0.3689839572192513,0.9905176419411492,,False,98.39793281653746,False,False,NORMAL,partylist,387,356,29,2,0,1,0,1,1,0,0,0,1,36,2,148,3,0,0,1,0,3,1,0,0,1,0,0,115,0,1,1,2,0,1,0,0,0,0,1,3,0,1,17,6,0,0,0,0,1,0,0,1,6,0,0,0,1,0,0,0,356,0,0.0749354005167958,0.0051679586563307,0.9198966408268734,148.0,0.4157303370786517,0.0926966292134831,1.671034290224986,96.1498708010336,False,True,UNUSUAL_VOTING_PATTERN,0,82,7.3838149,100.2598974,ศาลาประจำหมู่บ้านบ้านบนกลาง,True,1,1,2
ควนขนุน,นาขยาด,5,constituency,election_day,471,434,14,23,115,11,60,212,34,1,1,434,0,0.0297239915074309,0.048832271762208,0.921443736730361,212.0,0.488479262672811,0.2235023041474654,1.2960923116043266,,False,97.53715498938428,False,True,UNUSUAL_VOTING_PATTERN,partylist,471,438,20,13,0,2,0,0,1,0,1,0,0,72,1,221,3,0,2,0,0,3,0,1,0,0,0,0,69,1,0,5,6,0,0,0,0,0,0,0,2,1,0,31,7,0,0,0,0,1,1,0,1,3,0,1,0,1,1,0,0,438,0,0.0424628450106157,0.0276008492569002,0.929936305732484,221.0,0.5045662100456622,0.3401826484018265,1.6393276298670207,97.3248407643312,False,False,NORMAL,0,87,7.591457699999999,100.0019597,ศาลาประจำหมู่บ้านบ้านนาท่อม,True,1,1,-1
ศรีนครินทร์,บ้านนา,5,constituency,election_day,314,298,6,10,118,0,31,124,23,2,0,298,0,0.019108280254777,0.0318471337579617,0.9490445859872612,124.0,0.4161073825503356,0.0201342281879194,1.198395619094321,,False,98.40764331210192,False,False,NORMAL,partylist,314,288,17,9,1,0,0,0,0,0,0,0,0,44,1,135,3,0,0,0,0,3,0,0,0,0,0,0,65,0,0,1,5,0,0,1,0,1,0,0,0,0,1,15,1,1,0,0,0,0,0,0,2,3,0,0,0,4,0,1,0,288,0,0.054140127388535,0.0286624203821656,0.9171974522292994,135.0,0.46875,0.2430555555555555,1.6159516728195435,96.71974522292994,False,True,UNUSUAL_VOTING_PATTERN,0,99,7.569812799999999,99.8929252,ศาลาประจำหมู่บ้านบ้านต้นไทร,True,1,1,9
ศรีนครินทร์,บ้านนา,9,constituency,election_day,329,317,5,7,140,0,25,117,35,0,0,317,0,0.0151975683890577,0.0212765957446808,0.9635258358662614,140.0,0.4416403785488959,0.0725552050473186,1.1724242744751523,,False,98.8145896656535,False,False,NORMAL,partylist,329,309,9,11,0,1,0,1,0,0,1,0,0,68,0,99,3,0,0,0,0,5,0,0,1,0,0,1,37,0,1,0,2,0,0,0,0,0,0,0,3,0,0,76,4,0,0,2,0,0,0,0,1,2,0,0,0,0,0,1,0,309,0,0.0273556231003039,0.033434650455927,0.939209726443769,99.0,0.3203883495145631,0.0744336569579288,1.7562344498203488,97.96352583586626,False,True,UNUSUAL_VOTING_PATTERN,0,103,7.5640073,99.8794744,ศาลาประจำหมู่บ้านบ้านวงค์,True,1,1,9
ศรีนครินทร์,บ้านนา,10,constituency,election_day,341,336,3,2,137,1,80,94,23,0,1,336,0,0.0087976539589442,0.0058651026392961,0.9853372434017597,137.0,0.4077380952380952,0.1279761904761904,1.2820349870104828,,False,99.44281524926686,False,True,UNUSUAL_VOTING_PATTERN,partylist,341,327,12,2,0,0,0,0,0,0,0,0,0,40,0,215,4,0,2,0,0,3,0,0,0,0,0,0,23,0,1,1,2,0,0,0,0,0,0,0,1,0,2,24,1,2,0,0,0,1,1,0,1,1,0,1,0,0,0,1,0,327,0,0.0351906158357771,0.0058651026392961,0.9589442815249268,215.0,0.6574923547400612,0.5351681957186545,1.3097821743783251,98.1231671554252,False,False,NORMAL,0,104,7.5640073,99.8794744,ศาลาอเนกประสงค์บ้านป่าสน,True,1,0,9
ศรีนครินทร์,บ้านนา,12,constituency,election_day,387,362,14,11,202,2,38,100,18,1,1,362,0,0.0361757105943152,0.0284237726098191,0.9354005167958656,202.0,0.5580110497237569,0.281767955801105,1.1280299755089038,,False,97.62273901808786,False,False,NORMAL,partylist,387,361,21,5,0,1,0,0,0,0,1,1,0,43,0,229,3,0,1,0,0,2,0,0,0,0,0,1,36,0,0,2,3,1,0,0,0,0,0,0,2,0,3,18,5,0,2,1,0,0,0,0,1,3,0,0,0,2,0,0,0,361,0,0.0542635658914728,0.0129198966408268,0.9328165374677002,229.0,0.6343490304709142,0.5152354570637119,1.4145030939365315,97.02842377260984,False,True,UNUSUAL_VOTING_PATTERN,0,106,7.5640073,99.8794744,ที่ทำการกลุ่มแม่บ้านลำในใต้,True,1,1,9
ป่าพะยอม,บ้านพร้าว,1,constituency,election_day,438,416,0,22,116,3,76,153,64,0,4,416,0,0.0,0.0502283105022831,0.9497716894977168,153.0,0.3677884615384615,0.0889423076923077,1.4027556216827897,,False,98.99543378995432,True,True,UNUSUAL_VOTING_PATTERN,partylist,438,419,7,12,1,2,0,0,0,0,1,0,0,109,0,213,3,0,0,0,0,3,0,2,0,0,0,0,45,0,4,0,3,0,0,0,0,0,0,0,1,0,0,23,3,1,0,1,0,0,0,0,0,0,0,0,0,4,0,0,0,419,0,0.0159817351598173,0.0273972602739726,0.95662100456621,213.0,0.5083532219570406,0.2482100238663484,1.446523376866445,98.65296803652969,False,True,UNUSUAL_VOTING_PATTERN,0,107,7.814176799999999,99.9520961,เต๊นท์บริเวณตลาดใหม่ป่าพะยอม,True,1,1,10
ป่าพะยอม,บ้านพร้าว,2,constituency,election_day,392,366,3,23,104,4,62,161,34,0,1,366,0,0.0076530612244897,0.0586734693877551,0.9336734693877552,161.0,0.4398907103825136,0.1557377049180328,1.3057849087362678,,False,98.4438775510204,False,True,UNUSUAL_VOTING_PATTERN,partylist,392,368,11,13,0,0,1,0,1,0,3,0,0,65,0,197,3,0,0,0,0,0,0,0,0,0,0,0,51,0,0,0,8,1,0,0,2,0,0,0,1,1,1,10,5,1,0,0,0,1,0,0,2,4,0,0,0,5,0,0,0,363,5,0.0280612244897959,0.0331632653061224,0.9387755102040816,197.0,0.5353260869565217,0.358695652173913,1.5326545790031734,76.57497781721385,False,False,SCORE_BALLOT_MISMATCH,0,108,7.8144408,99.9409196,ศาลาประจำหมู่บ้านบ้านพร้าว,True,1,1,10
ป่าพะยอม,บ้านพร้าว,5,constituency,election_day,318,297,8,13,118,8,53,87,27,2,2,297,0,0.0251572327044025,0.040880503144654,0.9339622641509434,118.0,0.3973063973063973,0.1043771043771043,1.4166412975031877,,False,97.9245283018868,False,True,UNUSUAL_VOTING_PATTERN,partylist,318,306,9,3,1,0,0,0,0,0,0,0,0,45,0,207,2,0,2,1,0,1,0,0,0,0,0,0,19,0,1,0,4,0,0,0,0,0,0,0,0,0,0,14,3,0,0,0,0,2,0,1,1,0,1,0,0,1,0,0,0,306,0,0.0283018867924528,0.0094339622641509,0.9622641509433962,207.0,0.6764705882352942,0.5294117647058824,1.210305223330762,98.39622641509436,False,False,NORMAL,0,111,7.836562000000001,99.9709605,ศาลาประจำหมู่บ้านบ้านบ่อทราย,True,1,1,-1
ป่าพะยอม,บ้านพร้าว,6,constituency,election_day,243,225,7,11,40,3,38,132,10,1,1,225,0,0.0288065843621399,0.0452674897119341,0.925925925925926,132.0,0.5866666666666667,0.4088888888888889,1.1643893185977274,,False,97.65432098765432,False,True,UNUSUAL_VOTING_PATTERN,partylist,243,231,8,4,0,0,1,0,0,0,1,0,1,26,0,153,2,0,0,0,0,3,0,0,0,0,0,0,24,0,0,2,1,0,0,0,0,0,0,0,1,0,1,4,6,0,0,0,0,2,0,0,0,0,0,0,0,0,0,1,2,231,0,0.0329218106995884,0.0164609053497942,0.9506172839506172,153.0,0.6623376623376623,0.5497835497835498,1.3048525483560636,98.0246913580247,False,False,NORMAL,0,112,7.8144408,99.9409196,ศาลาประจำหมู่บ้านบ้านไสอ้อ,True,1,1,10
ควนขนุน,ปันแต,2,constituency,election_day,129,127,1,1,100,0,0,25,2,0,0,127,0,0.0077519379844961,0.0077519379844961,0.9844961240310076,100.0,0.7874015748031497,0.5905511811023622,0.5735161527449373,,False,99.45736434108528,False,True,UNUSUAL_VOTING_PATTERN,partylist,129,126,2,1,0,0,0,0,0,0,0,0,0,15,1,77,0,0,0,0,0,0,0,0,0,0,0,0,8,1,2,0,1,0,0,0,0,0,0,0,0,0,0,19,1,0,0,0,0,0,0,0,0,1,0,0,0,0,0,0,0,126,0,0.0155038759689922,0.0077519379844961,0.9767441860465116,77.0,0.6111111111111112,0.4603174603174603,1.2723141466499877,99.06976744186048,False,False,NORMAL,0,119,7.791803600000001,100.0351252,ศาลาประจำหมู่บ้านบ้านปันแต,True,1,0,-1
ควนขนุน,ปันแต,4,constituency,election_day,251,236,3,12,63,12,23,135,3,0,0,236,0,0.0119521912350597,0.047808764940239,0.9402390438247012,135.0,0.5720338983050848,0.3050847457627119,1.105947625018469,,False,98.44621513944224,False,True,UNUSUAL_VOTING_PATTERN,partylist,251,240,9,2,0,0,0,0,1,0,2,0,0,16,0,141,1,0,1,0,0,1,0,0,0,0,0,0,59,0,0,0,5,0,0,0,0,0,0,0,0,0,1,8,2,0,0,0,0,0,0,0,0,2,0,0,0,0,0,0,0,240,0,0.0358565737051792,0.0079681274900398,0.9561752988047808,141.0,0.5875,0.3416666666666667,1.2658352638896389,98.04780876494024,False,False,NORMAL,0,121,7.804978500000001,100.0569463,ศาลาประจำหมู่บ้านบ้านปากสระ,True,1,1,-1
ควนขนุน,ปันแต,11,constituency,election_day,384,374,8,2,215,0,15,130,11,1,2,374,0,0.0208333333333333,0.0052083333333333,0.9739583333333334,215.0,0.5748663101604278,0.2272727272727272,0.9620885514650444,,False,98.85416666666666,False,False,NORMAL,partylist,384,358,23,3,0,0,0,1,0,0,1,0,0,32,0,212,1,0,0,0,0,5,0,0,0,0,1,0,45,0,0,4,1,1,0,2,0,1,0,0,0,0,0,30,8,2,0,1,0,0,1,1,2,3,0,0,0,3,0,0,0,358,0,0.0598958333333333,0.0078125,0.9322916666666666,212.0,0.5921787709497207,0.4664804469273743,1.520717263593315,96.84895833333331,False,True,UNUSUAL_VOTING_PATTERN,0,128,7.734939400000001,100.0100936,ศาลาประจำหมู่บ้านบ้านทุ่งลาน,True,1,0,0
ป่าพะยอม,ป่าพะยอม,3,constituency,election_day,357,327,10,20,46,2,54,198,25,1,1,327,0,0.0280112044817927,0.0560224089635854,0.9159663865546218,198.0,0.6055045871559633,0.4403669724770642,1.1402424191745864,,False,97.47899159663866,False,True,UNUSUAL_VOTING_PATTERN,partylist,357,342,11,4,0,0,0,1,0,0,0,0,0,38,5,172,7,0,0,0,0,0,0,1,0,0,0,0,59,0,0,2,31,0,0,0,0,0,0,0,0,0,1,10,7,2,0,0,0,0,0,1,0,2,0,0,0,3,0,0,0,342,0,0.0308123249299719,0.011204481792717,0.957983193277311,172.0,0.5029239766081871,0.3304093567251462,1.6348220261291462,98.23529411764706,False,False,NORMAL,0,133,7.841230299999999,99.9385037,โรงเรียนอนุบาลป่าพะยอม,True,1,1,11
ป่าพะยอม,ป่าพะยอม,4,constituency,election_day,511,462,16,33,92,5,108,214,37,4,2,462,0,0.0313111545988258,0.0645792563600782,0.9041095890410958,214.0,0.4632034632034632,0.2294372294372294,1.3334518759990337,,False,97.14285714285714,True,True,UNUSUAL_VOTING_PATTERN,partylist,511,486,14,11,2,0,0,0,2,0,3,0,0,66,3,282,7,0,1,0,0,0,0,0,0,0,0,1,55,0,0,1,10,0,1,0,0,0,0,0,2,0,0,11,13,3,0,0,0,3,0,2,3,8,0,2,0,3,0,2,0,486,0,0.0273972602739726,0.0215264187866927,0.9510763209393346,282.0,0.5802469135802469,0.4444444444444444,1.599716723728947,98.19960861056752,False,False,NORMAL,0,134,7.8521588,99.9353318,ศาลาประจำหมู่บ้านบ้านทุง,True,1,1,11
ป่าพะยอม,ป่าพะยอม,6,constituency,election_day,531,487,14,30,78,10,91,268,38,0,2,487,0,0.0263653483992467,0.0564971751412429,0.9171374764595104,268.0,0.5503080082135524,0.3634496919917864,1.2368546082727456,,False,97.5517890772128,False,True,UNUSUAL_VOTING_PATTERN,partylist,531,499,12,20,0,0,0,0,0,0,4,2,0,64,0,336,3,0,1,0,0,3,1,0,0,0,0,0,37,0,1,1,9,1,1,0,0,1,0,0,0,0,1,11,3,1,0,2,0,1,0,2,1,6,0,2,0,4,0,0,0,499,0,0.0225988700564971,0.0376647834274952,0.9397363465160076,336.0,0.6733466933867736,0.5450901803607214,1.3273409679075907,98.11676082862525,False,True,UNUSUAL_VOTING_PATTERN,0,136,7.838677,99.863101,ศาลาประจำหมู่บ้านบ้านนาทราย,True,1,1,17
ควนขนุน,พนมวังก์,5,constituency,election_day,398,374,15,9,197,1,27,130,18,0,1,374,0,0.0376884422110552,0.0226130653266331,0.9396984924623116,197.0,0.5267379679144385,0.1791443850267379,1.0724245136047532,,False,97.66331658291458,False,False,NORMAL,partylist,398,371,19,8,0,1,0,0,1,0,1,0,1,39,0,187,4,0,2,0,0,6,2,0,0,0,0,0,43,0,0,1,11,0,0,0,2,0,0,0,0,0,0,53,2,4,0,0,0,3,0,0,0,3,0,2,3,0,0,0,0,371,0,0.0477386934673366,0.0201005025125628,0.9321608040201004,187.0,0.5040431266846361,0.3611859838274933,1.7159593832201805,97.2110552763819,False,True,UNUSUAL_VOTING_PATTERN,0,143,7.3838149,100.2598974,ศาลาประจำหมู่บ้านบ้านพนมวังก์,True,1,1,2
ควนขนุน,พนมวังก์,6,constituency,election_day,628,607,6,15,173,2,44,350,38,0,0,607,0,0.0095541401273885,0.0238853503184713,0.96656050955414,350.0,0.5766062602965404,0.2915980230642504,1.0577627906633655,,False,99.04458598726114,False,False,NORMAL,partylist,628,596,23,9,0,5,0,0,0,0,2,0,1,72,0,200,4,0,1,0,1,3,0,1,0,0,0,0,216,0,0,1,5,1,0,0,0,0,0,0,2,0,0,55,4,3,1,1,0,0,1,1,2,8,0,0,0,5,0,0,0,596,0,0.036624203821656,0.0143312101910828,0.9490445859872612,216.0,0.3624161073825503,0.0268456375838926,1.6726820968462115,97.88216560509554,False,True,UNUSUAL_VOTING_PATTERN,0,144,7.6731922,100.0191857,ศาลาประจำหมู่บ้านบ้านทุ่งขึงหนัง,True,1,1,-1
ควนขนุน,พนางตุง,1,constituency,election_day,412,392,16,4,169,1,14,192,15,0,1,392,0,0.0388349514563106,0.0097087378640776,0.9514563106796116,192.0,0.4897959183673469,0.0586734693877551,0.9866711513147476,,False,97.86407766990293,False,False,NORMAL,partylist,412,384,18,10,0,0,0,1,0,0,1,1,0,50,1,104,6,0,0,1,0,5,0,0,0,0,0,0,122,0,0,2,5,0,1,0,0,0,0,0,4,0,0,63,9,2,0,1,0,0,0,1,0,3,0,0,0,0,0,0,1,384,0,0.0436893203883495,0.0242718446601941,0.9320388349514565,122.0,0.3177083333333333,0.046875,1.8257482318307143,97.33009708737865,False,True,UNUSUAL_VOTING_PATTERN,0,147,7.7777536,100.1167953,ศาลาประจำหมู่บ้านบ้านทะเลน้อย,True,1,1,7
ควนขนุน,พนางตุง,2,constituency,election_day,352,336,10,6,106,2,12,198,18,0,0,336,0,0.0284090909090909,0.0170454545454545,0.9545454545454546,198.0,0.5892857142857143,0.2738095238095238,0.9818930592069424,,False,98.23863636363636,False,False,NORMAL,partylist,352,326,22,4,0,1,0,0,2,0,0,0,1,47,0,94,0,0,0,0,0,2,0,0,0,0,0,0,110,0,0,0,2,1,0,0,0,0,0,0,2,1,0,48,6,1,0,1,0,0,0,3,1,2,1,0,0,0,0,0,0,326,0,0.0625,0.0113636363636363,0.9261363636363636,110.0,0.3374233128834356,0.0490797546012269,1.7013912431413405,96.64772727272728,False,True,UNUSUAL_VOTING_PATTERN,0,148,7.7777536,100.1167953,ศาลาประจำหมู่บ้าน หมู่ที่ 2 บ้านทะเลน้อย,True,1,1,7
ควนขนุน,พนางตุง,7,constituency,election_day,483,464,11,8,23,2,15,412,10,0,2,464,0,0.0227743271221532,0.0165631469979296,0.9606625258799172,412.0,0.8879310344827587,0.8383620689655172,0.495063044538564,,False,98.53002070393374,True,True,UNUSUAL_VOTING_PATTERN,partylist,483,455,25,3,1,0,0,1,1,0,1,0,0,41,0,209,5,0,1,0,0,4,0,0,0,0,0,0,148,0,0,2,3,0,1,0,0,0,0,0,2,1,1,5,7,0,0,1,0,1,0,0,1,13,2,1,0,2,0,0,0,455,0,0.05175983436853,0.0062111801242236,0.9420289855072465,209.0,0.4593406593406593,0.134065934065934,1.536038048660175,97.287784679089,False,True,UNUSUAL_VOTING_PATTERN,0,153,7.767323999999999,100.08837,ศาลาประจำหมู่บ้านบ้านค่าย,True,1,1,-1
ควนขนุน,พนางตุง,10,constituency,election_day,632,609,16,7,85,8,42,443,26,4,1,609,0,0.0253164556962025,0.0110759493670886,0.9636075949367088,443.0,0.7274220032840722,0.5878489326765188,0.925857498143312,,False,98.5126582278481,False,False,NORMAL,partylist,632,592,31,9,0,3,1,0,0,0,3,0,0,60,1,338,10,0,0,0,0,3,1,2,0,0,0,1,102,0,0,0,7,1,1,0,0,0,0,0,5,0,4,28,0,0,0,2,0,1,0,1,0,4,0,0,0,0,0,0,2,581,11,0.0490506329113924,0.0142405063291139,0.9367088607594936,338.0,0.5709459459459459,0.3986486486486486,1.4616004991026554,75.40455011974,False,False,INCOMPLETE_DOCUMENT,0,156,7.789683200000001,100.0953331,โรงเรียนบ้านธรรมเถียร,True,1,1,-1
ควนขนุน,พนางตุง,13,constituency,election_day,510,485,16,9,152,3,24,266,37,0,3,485,0,0.0313725490196078,0.0176470588235294,0.9509803921568628,266.0,0.5484536082474227,0.2350515463917525,1.101037992519418,,False,98.07843137254902,False,False,NORMAL,partylist,510,466,34,10,0,0,0,0,1,0,1,0,0,89,1,161,1,1,0,0,0,4,0,0,0,1,1,0,110,0,2,0,4,0,0,1,0,0,0,0,3,0,0,63,7,1,0,0,0,0,1,1,0,6,0,0,0,6,0,0,0,466,0,0.0666666666666666,0.0196078431372549,0.9137254901960784,161.0,0.3454935622317596,0.1094420600858369,1.7524258949438891,96.27450980392156,True,True,UNUSUAL_VOTING_PATTERN,0,159,7.7615069,100.1367166,ศาลาเอนกประสงค์ หมู่ที่ 13,True,1,1,-1
ควนขนุน,มะกอกเหนือ,2,constituency,election_day,93,92,0,1,14,1,3,66,8,0,0,92,0,0.0,0.010752688172043,0.989247311827957,66.0,0.717391304347826,0.5652173913043478,0.8979256989207716,,False,99.78494623655914,False,True,UNUSUAL_VOTING_PATTERN,partylist,93,90,1,2,0,0,0,0,0,0,0,0,0,15,0,36,1,0,1,0,0,0,0,0,0,0,0,0,27,0,0,1,0,1,0,0,0,0,0,0,1,0,1,3,0,0,0,0,0,0,0,0,0,2,0,0,0,1,0,0,0,90,0,0.010752688172043,0.021505376344086,0.967741935483871,36.0,0.4,0.1,1.5742856546614403,99.03225806451611,False,False,NORMAL,0,165,7.739052,100.0712741,ศาลาประจำหมู่บ้านบ้านปากคลองเก่า,True,1,0,12
ควนขนุน,มะกอกเหนือ,3,constituency,election_day,113,107,1,5,40,0,12,53,2,0,0,107,0,0.0088495575221238,0.0442477876106194,0.9469026548672568,53.0,0.4953271028037383,0.1214953271028037,1.0355781452899828,,False,98.6725663716814,False,True,UNUSUAL_VOTING_PATTERN,partylist,113,108,1,4,0,0,0,0,0,0,1,0,1,11,0,60,0,0,0,0,0,0,0,0,0,0,0,0,21,0,0,0,2,0,0,0,0,0,0,0,0,0,0,5,6,0,0,0,0,0,0,0,0,1,0,0,0,0,0,0,0,108,0,0.0088495575221238,0.0353982300884955,0.9557522123893806,60.0,0.5555555555555556,0.3611111111111111,1.3843855450412683,98.84955752212387,False,True,UNUSUAL_VOTING_PATTERN,0,166,7.7544444,100.0663889,ศาลาประจำหมู่บ้านบ้านเขาอ้อ,True,1,1,12
ควนขนุน,มะกอกเหนือ,4,constituency,election_day,259,254,1,4,83,2,15,133,19,1,1,254,0,0.0038610038610038,0.0154440154440154,0.9806949806949808,133.0,0.5236220472440944,0.1968503937007874,1.147052406851504,,False,99.4980694980695,False,False,NORMAL,partylist,259,249,2,8,0,1,0,0,1,0,3,0,0,40,0,102,2,0,0,0,0,2,0,0,0,0,0,0,58,0,0,0,3,0,0,0,0,0,0,0,0,0,1,26,2,0,0,0,3,0,0,0,2,2,0,0,0,0,0,1,0,249,0,0.0077220077220077,0.0308880308880308,0.9613899613899614,102.0,0.4096385542168674,0.1767068273092369,1.6767396750855252,98.996138996139,False,True,UNUSUAL_VOTING_PATTERN,0,167,7.7416636,100.0695367,ศาลาประจำหมู่บ้านบ้านค่ายเสือ,True,1,0,12
ควนขนุน,มะกอกเหนือ,7,constituency,election_day,485,472,1,12,169,5,73,177,40,1,7,472,0,0.002061855670103,0.0247422680412371,0.9731958762886598,177.0,0.375,0.0169491525423728,1.3570665629976002,,False,99.4020618556701,False,True,UNUSUAL_VOTING_PATTERN,partylist,485,466,8,11,0,1,0,0,1,0,2,0,0,73,1,233,3,0,1,0,0,1,0,0,0,0,0,0,74,0,1,0,6,0,0,0,0,0,0,0,5,0,0,48,5,0,0,1,1,1,0,1,1,1,0,1,0,3,0,1,0,466,0,0.0164948453608247,0.022680412371134,0.9608247422680412,233.0,0.5,0.3412017167381974,1.5896000797518992,98.72164948453609,False,False,NORMAL,0,170,7.7335541,100.051063,ศาลาการเปรียญวัดบ้านสวน,True,1,0,-1
ควนขนุน,มะกอกเหนือ,10,constituency,election_day,162,156,3,3,78,1,18,43,15,0,1,156,0,0.0185185185185185,0.0185185185185185,0.9629629629629628,78.0,0.5,0.2243589743589743,1.2408666603567455,,False,98.70370370370372,False,False,NORMAL,partylist,162,153,6,3,0,1,0,0,0,0,1,0,1,26,0,65,5,0,0,0,0,1,0,0,0,0,0,0,18,0,1,2,5,2,0,0,0,0,0,0,0,0,1,17,2,1,0,0,0,0,0,0,1,2,0,0,0,0,0,1,0,153,0,0.037037037037037,0.0185185185185185,0.9444444444444444,65.0,0.4248366013071895,0.2549019607843137,1.9070617279827489,97.7777777777778,False,True,UNUSUAL_VOTING_PATTERN,0,173,7.7416636,100.0695367,ที่อ่านหนังสือประจำหมู่บ้านบ้านไสเลียบ,True,1,1,12
ศรีนครินทร์,ลำสินธ์ุ,1,constituency,election_day,561,534,8,19,259,2,79,140,53,1,0,534,0,0.0142602495543672,0.0338680926916221,0.9518716577540108,259.0,0.4850187265917603,0.2228464419475655,1.2466007953838656,,False,98.6096256684492,False,False,NORMAL,partylist,561,533,11,17,0,2,0,1,1,0,0,0,0,97,0,252,6,0,2,1,0,6,0,0,0,0,0,0,52,0,0,2,9,0,0,1,0,0,0,0,6,0,0,75,4,1,0,2,2,0,1,4,2,3,0,0,0,0,0,0,1,533,0,0.0196078431372549,0.0303030303030303,0.9500891265597148,252.0,0.4727954971857411,0.2908067542213883,1.698465089432302,98.41354723707664,False,True,UNUSUAL_VOTING_PATTERN,0,186,7.565728799999999,99.9318053,ศาลาประจำหมู่บ้านบ้านคลองหมวย,True,1,1,15
ศรีนครินทร์,ลำสินธ์ุ,7,constituency,election_day,604,587,15,2,278,2,34,257,15,0,1,587,0,0.0248344370860927,0.0033112582781456,0.9718543046357616,278.0,0.4735945485519591,0.0357751277683134,1.0045060316872598,,False,98.69205298013246,False,False,NORMAL,partylist,604,567,33,4,0,0,0,0,6,0,0,0,0,32,0,389,5,1,0,0,0,9,0,1,2,1,0,0,52,0,1,2,1,1,0,0,0,0,0,0,6,0,3,23,4,1,0,3,0,2,1,0,4,13,0,2,0,1,1,0,0,567,0,0.0546357615894039,0.0066225165562913,0.9387417218543046,389.0,0.6860670194003528,0.5943562610229277,1.37702274995147,97.13576158940398,False,True,UNUSUAL_VOTING_PATTERN,0,192,7.508669999999999,99.921707,ศาลาประจำหมู่บ้านบ้านขาม,True,1,0,-1
ศรีนครินทร์,ลำสินธ์ุ,9,constituency,election_day,233,225,7,1,100,0,10,105,9,0,1,225,0,0.0300429184549356,0.0042918454935622,0.965665236051502,105.0,0.4666666666666667,0.0222222222222222,1.0072838355763511,,False,98.41201716738198,False,False,NORMAL,partylist,233,214,19,0,0,2,0,0,1,0,0,0,0,37,0,97,4,0,2,0,0,5,0,0,0,0,0,0,30,0,0,1,3,0,1,0,0,0,0,1,1,0,1,22,3,0,0,0,0,0,0,0,0,1,0,0,0,2,0,0,0,214,0,0.0815450643776824,0.0,0.9184549356223176,97.0,0.4532710280373832,0.2803738317757009,1.7597484125525502,95.92274678111588,True,True,UNUSUAL_VOTING_PATTERN,0,194,7.5045591,99.9073986,ศาลาประจำหมู่บ้านบ้านโหล๊ะอม,True,1,1,14
กงหรา2,สมหวัง,4,constituency,election_day,358,332,20,6,88,0,60,166,16,1,1,332,0,0.0558659217877094,0.0167597765363128,0.9273743016759776,166.0,0.5,0.2349397590361445,1.1888165778609738,,False,96.87150837988828,False,True,UNUSUAL_VOTING_PATTERN,partylist,358,322,31,5,0,0,0,0,1,0,0,0,0,29,0,198,3,0,1,1,1,4,0,0,0,0,0,0,40,1,0,2,2,1,0,1,1,1,0,0,2,1,2,12,4,3,0,0,0,0,1,1,0,5,0,1,1,0,2,0,0,322,0,0.0865921787709497,0.0139664804469273,0.8994413407821229,198.0,0.6149068322981367,0.4906832298136646,1.5672124179112503,95.39106145251397,True,True,UNUSUAL_VOTING_PATTERN,0,198,7.5076504,99.9837692,โรงเรียนวัดหวัง,True,1,1,-1
กงหรา2,สมหวัง,6,constituency,election_day,374,345,20,9,176,4,56,68,38,0,3,345,0,0.053475935828877,0.0240641711229946,0.9224598930481284,176.0,0.5101449275362319,0.3130434782608696,1.2944989383648529,,False,96.84491978609626,False,True,UNUSUAL_VOTING_PATTERN,partylist,374,347,16,11,0,0,1,0,1,0,2,0,0,43,0,239,0,0,1,1,0,1,0,1,0,1,0,0,19,1,0,3,3,0,1,0,0,0,1,0,3,0,3,10,3,1,0,1,0,0,1,0,1,3,0,0,0,1,1,0,0,347,0,0.0427807486631016,0.0294117647058823,0.927807486631016,239.0,0.6887608069164265,0.5648414985590778,1.3227025869275424,97.27272727272728,False,True,UNUSUAL_VOTING_PATTERN,0,200,7.4978326,100.015403,ศาลาประจำหมู่บ้านบ้านไสคุณเปลือย,True,1,1,-1
ศรีนครินทร์,อ่างทอง,4,constituency,election_day,538,530,1,7,84,2,31,396,15,1,1,530,0,0.0018587360594795,0.0130111524163568,0.9851301115241636,396.0,0.7471698113207547,0.5886792452830188,0.8213877811191767,,False,99.64684014869889,False,True,UNUSUAL_VOTING_PATTERN,partylist,538,516,14,8,1,1,0,0,2,0,1,0,0,2,1,308,4,0,0,2,0,2,0,0,0,0,0,0,117,0,1,1,5,0,0,0,0,0,0,42,0,2,0,12,4,1,0,1,0,0,0,0,0,6,0,0,0,0,0,0,0,516,0,0.0260223048327137,0.0148698884758364,0.9591078066914498,308.0,0.5968992248062015,0.3701550387596899,1.3126461833795218,98.40148698884758,False,False,NORMAL,0,206,7.5505741,99.9603319,ศาลาอเนกประสงค์บ้านโหล๊ะหนุน,True,1,0,-1
ศรีนครินทร์,อ่างทอง,5,constituency,election_day,300,290,8,2,128,0,18,132,12,0,0,290,0,0.0266666666666666,0.0066666666666666,0.9666666666666668,132.0,0.4551724137931034,0.0137931034482758,1.0235523057298337,,False,98.53333333333332,False,False,NORMAL,partylist,300,295,5,0,0,0,1,2,2,0,5,0,0,23,0,165,2,0,0,1,0,3,0,2,0,0,0,0,33,1,1,1,16,0,0,0,0,0,0,0,1,0,3,22,3,0,0,0,0,2,0,1,0,5,0,0,0,0,0,0,0,295,0,0.0166666666666666,0.0,0.9833333333333332,165.0,0.559322033898305,0.447457627118644,1.7030437131329286,99.16666666666669,False,True,UNUSUAL_VOTING_PATTERN,0,207,7.5564909,99.9744535,ศาลาอเนกประสงค์บ้านปากแพรก,True,1,0,16
ศรีนครินทร์,อ่างทอง,8,constituency,election_day,250,242,6,2,130,0,20,82,10,0,0,242,0,0.024,0.008,0.968,130.0,0.5371900826446281,0.1983471074380165,1.0382313078264602,,False,98.64,False,False,NORMAL,partylist,250,229,21,0,0,0,0,0,1,0,0,0,0,28,0,135,2,0,0,0,0,2,0,2,0,0,0,0,24,0,0,0,3,0,0,0,0,0,0,0,2,1,0,22,2,0,0,0,0,0,0,0,1,4,0,0,0,0,0,0,0,229,0,0.084,0.0,0.916,135.0,0.5895196506550219,0.4672489082969432,1.4356323380851972,95.8,True,True,UNUSUAL_VOTING_PATTERN,0,210,7.5564909,99.9744535,ศาลาอเนกประสงค์บ้านเกาะขัน,True,1,1,16
ศรีบรรพต,เขาปู่,3,constituency,election_day,198,181,4,13,36,0,16,120,9,0,0,181,0,0.0202020202020202,0.0656565656565656,0.914141414141414,120.0,0.6629834254143646,0.4640883977900552,0.9573802817071078,,False,97.67676767676768,True,True,UNUSUAL_VOTING_PATTERN,partylist,198,187,7,4,0,0,0,0,0,0,2,0,0,22,0,117,2,0,0,0,0,1,0,0,1,0,0,0,22,0,0,1,2,0,0,1,0,0,0,0,1,0,0,12,2,0,0,0,0,0,0,0,0,1,0,0,0,0,0,0,0,187,0,0.0353535353535353,0.0202020202020202,0.9444444444444444,117.0,0.6256684491978609,0.5080213903743316,1.3351499240148066,97.82828282828284,False,False,NORMAL,0,230,7.729098599999999,99.8041245,ศาลาประจำหมู่บ้าน บ้านควนลม หมู่ที่ 3,True,1,1,-1
ศรีบรรพต,เขาปู่,4,constituency,election_day,298,282,8,8,57,2,22,185,14,1,1,282,0,0.0268456375838926,0.0268456375838926,0.9463087248322148,185.0,0.6560283687943262,0.4539007092198581,1.0229149402442272,,False,98.12080536912752,False,False,NORMAL,partylist,298,274,11,13,0,0,0,0,0,0,0,0,0,35,1,153,1,0,0,0,0,10,0,0,1,3,0,0,31,0,0,1,1,0,0,0,0,1,0,0,5,1,1,17,3,0,0,0,0,2,1,0,0,5,0,0,0,0,1,0,0,274,0,0.0369127516778523,0.0436241610738255,0.9194630872483222,153.0,0.5583941605839416,0.4306569343065693,1.6138193017874227,97.28187919463087,False,True,UNUSUAL_VOTING_PATTERN,0,231,7.7451902,99.8041245,ศาลาประจำหมู่บ้าน บ้านทุ่งยูง หมู่ที่ 4,True,1,1,-1
ศรีบรรพต,เขาปู่,5,constituency,election_day,253,233,3,17,70,4,27,119,9,0,4,233,0,0.0118577075098814,0.067193675889328,0.9209486166007904,119.0,0.5107296137339056,0.2103004291845493,1.2194361613303824,,False,98.06324110671936,False,True,UNUSUAL_VOTING_PATTERN,partylist,253,233,9,11,0,0,0,0,1,0,1,0,0,30,0,153,1,0,0,0,0,1,0,0,0,0,0,0,13,0,0,3,4,0,0,0,0,0,0,0,1,0,0,10,6,0,0,0,0,1,0,0,2,4,0,1,0,1,0,0,0,233,0,0.0355731225296442,0.0434782608695652,0.9209486166007904,153.0,0.6566523605150214,0.5278969957081545,1.354102149139523,97.35177865612648,False,True,UNUSUAL_VOTING_PATTERN,0,232,7.717472799999999,99.8431866,ศาลาประจำหมู่บ้าน บ้านด่าน หมู่ที่ 5,True,1,1,-1
ศรีบรรพต,เขาปู่,9,constituency,election_day,290,278,4,8,113,5,21,122,16,0,1,278,0,0.0137931034482758,0.0275862068965517,0.9586206896551724,122.0,0.4388489208633093,0.0323741007194244,1.1793154615965695,,False,98.75862068965516,False,False,NORMAL,partylist,290,278,2,10,0,0,0,0,0,0,0,1,0,47,0,176,2,0,1,0,0,5,0,0,0,0,0,0,27,0,0,1,3,0,0,0,0,0,0,0,0,0,0,6,5,1,0,1,0,0,0,0,0,1,0,0,0,0,0,0,1,278,0,0.0068965517241379,0.0344827586206896,0.9586206896551724,176.0,0.6330935251798561,0.4640287769784172,1.2697909591725147,98.96551724137932,False,True,UNUSUAL_VOTING_PATTERN,0,236,7.704519400000001,99.8236533,ศาลาประจำหมู่บ้าน บ้านในวัง หมู่ที่ 9,True,1,0,18
ศรีบรรพต,เขาย่า,9,constituency,election_day,375,359,3,13,45,0,45,249,18,0,2,359,0,0.008,0.0346666666666666,0.9573333333333334,249.0,0.6935933147632312,0.5682451253481894,0.9533547525487474,,False,98.90666666666668,False,True,UNUSUAL_VOTING_PATTERN,partylist,375,360,10,5,0,1,0,0,0,0,2,0,0,38,0,199,4,0,1,1,1,1,0,0,1,0,0,0,61,2,0,2,7,0,0,0,2,1,0,0,1,0,0,10,11,3,0,1,0,2,0,0,0,8,0,1,0,0,0,0,0,361,1,0.0266666666666666,0.0133333333333333,0.96,199.0,0.5527777777777778,0.3833333333333333,1.6290681845711623,78.12222222222223,False,False,INCOMPLETE_DOCUMENT,0,247,7.7206497,99.8865912,ศาลาประจำหมู่บ้าน บ้านสำนักวา หมู่ที่ 9,True,1,1,-1
ศรีบรรพต,เขาย่า,10,constituency,election_day,446,428,13,5,93,0,33,287,15,0,0,428,0,0.0291479820627802,0.0112107623318385,0.9596412556053812,287.0,0.6705607476635514,0.4532710280373832,0.9147104588266776,,False,98.31838565022422,False,False,NORMAL,partylist,446,416,22,8,0,1,0,0,0,1,1,0,0,32,2,286,2,0,1,1,0,2,0,0,0,2,1,0,47,0,0,0,1,0,0,0,0,0,0,0,4,1,1,10,5,0,0,0,0,1,0,0,2,10,0,1,0,1,0,0,0,416,0,0.0493273542600896,0.0179372197309417,0.9327354260089686,286.0,0.6875,0.5745192307692307,1.2805658257983492,97.17488789237667,False,True,UNUSUAL_VOTING_PATTERN,0,248,7.737366799999999,99.9101915,ศาลาประจำหมู่บ้าน บ้านหูหนาน หมู่ที่ 10,True,1,0,-1
ควนขนุน,แพรกหา,8,constituency,election_day,385,366,5,14,74,2,49,221,18,2,0,366,0,0.0129870129870129,0.0363636363636363,0.9506493506493506,221.0,0.6038251366120219,0.4016393442622951,1.1021053309305375,,False,98.6233766233766,False,False,NORMAL,partylist,385,371,8,6,1,0,0,0,0,0,1,0,0,34,2,220,1,0,0,0,0,5,0,1,0,0,1,0,68,0,0,3,3,0,0,0,1,0,0,0,0,1,0,12,0,0,0,0,0,1,0,1,0,6,0,0,0,2,1,0,0,365,6,0.0207792207792207,0.0155844155844155,0.9636363636363636,220.0,0.5929919137466307,0.4097035040431266,1.3755090505258132,77.03209997549621,False,False,INCOMPLETE_DOCUMENT,0,256,7.674832,100.003384,ศาลาประจำหมู่บ้านบ้านควนน้อย,True,1,1,19
ควนขนุน,แหลมโตนด,6,constituency,election_day,224,213,10,1,133,6,23,47,3,1,0,213,0,0.0446428571428571,0.0044642857142857,0.9508928571428572,133.0,0.6244131455399061,0.4037558685446009,1.0536107949037483,,False,97.67857142857144,False,True,UNUSUAL_VOTING_PATTERN,partylist,224,217,7,0,0,1,0,0,0,0,0,0,0,17,0,140,3,0,0,0,0,2,0,0,0,0,0,0,11,0,0,0,2,0,0,0,0,0,0,0,1,0,1,28,3,0,0,0,0,0,1,0,1,4,0,2,0,0,0,0,0,217,0,0.03125,0.0,0.96875,140.0,0.6451612903225806,0.5161290322580645,1.3431744293017776,98.4375,False,False,NORMAL,0,262,7.828554299999999,100.0247788,ศาลาประจำหมู่บ้านบ้านทุ่งใน,True,1,0,20
ควนขนุน,แหลมโตนด,7,constituency,election_day,323,314,6,3,103,5,29,169,8,0,0,314,0,0.0185758513931888,0.0092879256965944,0.9721362229102168,169.0,0.5382165605095541,0.2101910828025477,1.078487668790837,,False,98.88544891640868,False,False,NORMAL,partylist,323,313,8,2,0,0,0,0,0,0,0,0,0,28,1,233,2,0,0,0,0,1,1,0,0,0,0,0,12,0,0,1,3,0,0,0,2,0,0,0,1,0,1,17,6,0,0,0,0,0,0,0,1,2,0,0,0,1,0,0,0,313,0,0.0247678018575851,0.0061919504643962,0.9690402476780186,233.0,0.744408945686901,0.6549520766773163,1.0830004129783066,98.63777089783282,True,True,UNUSUAL_VOTING_PATTERN,0,263,7.3838149,100.2598974,ศาลาประจำหมู่บ้านบ้านบนลาน,True,1,0,2
ควนขนุน,แหลมโตนด,9,constituency,election_day,232,228,1,3,72,28,43,75,6,1,3,228,0,0.0043103448275862,0.0129310344827586,0.9827586206896552,75.0,0.3289473684210526,0.0131578947368421,1.4784189007725077,,False,99.52586206896552,True,True,UNUSUAL_VOTING_PATTERN,partylist,232,223,6,3,0,2,0,0,0,0,0,0,0,23,0,156,1,0,0,0,0,2,0,0,0,0,0,0,15,0,0,0,3,1,0,0,0,0,0,0,1,0,0,14,0,0,0,0,0,0,0,3,1,0,0,0,0,1,0,0,0,223,0,0.0258620689655172,0.0129310344827586,0.961206896551724,156.0,0.6995515695067265,0.5964125560538116,1.1613165150354845,98.44827586206895,False,False,NORMAL,0,265,7.3838149,100.2598974,ศาลาประจำหมู่บ้านบ้านในตลาด,True,1,0,2
ควนขนุน,โตนดด้วน,1,constituency,election_day,262,250,3,9,37,2,21,168,8,1,13,250,0,0.0114503816793893,0.0343511450381679,0.9541984732824428,168.0,0.672,0.524,1.0825367144969094,,False,98.74045801526718,False,False,NORMAL,partylist,262,248,7,7,0,0,0,0,1,0,0,0,1,28,0,112,4,0,0,0,0,1,1,0,0,1,0,0,68,0,0,1,7,1,0,0,0,0,0,0,0,0,0,11,1,1,0,0,0,0,0,5,0,3,0,0,0,1,0,0,0,248,0,0.0267175572519083,0.0267175572519083,0.9465648854961832,112.0,0.4516129032258064,0.1774193548387097,1.619934606089356,98.1297709923664,False,True,UNUSUAL_VOTING_PATTERN,0,266,7.7160528,100.0191857,ศาลาประจำหมู่บ้านบ้านไสคำ,True,1,1,0
ควนขนุน,โตนดด้วน,2,constituency,election_day,596,579,8,9,158,2,39,345,30,2,3,579,0,0.0134228187919463,0.0151006711409395,0.971476510067114,345.0,0.5958549222797928,0.3229706390328152,1.064418038313505,,False,99.02684563758388,False,False,NORMAL,partylist,596,559,37,0,0,0,0,0,0,0,6,0,2,86,0,248,5,1,0,1,0,1,1,0,0,0,0,0,145,1,1,2,3,0,1,1,0,0,0,1,3,2,2,34,4,0,0,0,0,1,0,2,0,3,0,1,0,1,0,0,0,559,0,0.0620805369127516,0.0,0.9379194630872484,248.0,0.443649373881932,0.184257602862254,1.615793921741359,96.89597315436242,False,True,UNUSUAL_VOTING_PATTERN,0,267,7.713701899999998,100.0255558,ศาลาประจำหมู่บ้านบ้านโคกโดน,True,1,1,0
ควนขนุน,โตนดด้วน,6,constituency,election_day,226,216,3,7,79,1,10,117,9,0,0,216,0,0.0132743362831858,0.0309734513274336,0.9557522123893806,117.0,0.5416666666666666,0.1759259259259259,0.99953024637769,,False,98.71681415929204,False,False,NORMAL,partylist,226,208,12,6,0,0,1,0,0,0,1,0,0,31,0,110,0,0,0,0,0,0,0,0,0,0,0,0,49,0,0,0,0,0,0,0,0,0,0,0,1,0,0,8,0,0,0,0,0,0,1,0,2,1,0,1,0,1,0,1,0,208,0,0.0530973451327433,0.0265486725663716,0.9203539823008848,110.0,0.5288461538461539,0.2932692307692308,1.3364444985561996,96.81415929203538,False,True,UNUSUAL_VOTING_PATTERN,0,271,7.7160528,100.0191857,ศาลาประจำหมู่บ้านบ้านหนักกุล,True,1,1,0
ควนขนุน,โตนดด้วน,8,constituency,election_day,341,332,6,3,56,0,11,247,17,0,1,332,0,0.0175953079178885,0.0087976539589442,0.9736070381231672,247.0,0.7439759036144579,0.5753012048192772,0.8027853042236678,,False,98.9442815249267,False,False,NORMAL,partylist,341,328,11,2,0,0,0,1,0,0,2,0,0,38,1,135,3,0,0,1,0,3,1,0,0,1,0,0,116,0,0,2,2,0,0,0,2,0,0,0,1,0,1,11,0,0,0,0,0,1,0,0,0,3,0,1,0,2,0,0,0,328,0,0.032258064516129,0.0058651026392961,0.9618768328445748,135.0,0.4115853658536585,0.0579268292682926,1.5398042738368165,98.26979472140762,False,True,UNUSUAL_VOTING_PATTERN,0,273,7.7160528,100.0191857,ศาลาประจำหมู่บ้านบ้านไสโดน,True,1,0,0
ควนขนุน,โตนดด้วน,11,constituency,election_day,374,363,4,7,24,1,24,295,17,1,1,363,0,0.0106951871657754,0.0187165775401069,0.9705882352941176,295.0,0.8126721763085399,0.7465564738292011,0.7198327493450053,,False,99.0909090909091,False,True,UNUSUAL_VOTING_PATTERN,partylist,374,356,11,7,0,0,0,0,1,0,0,0,0,42,0,166,5,0,1,0,0,0,0,0,0,1,0,0,101,0,0,0,3,0,0,2,0,0,0,0,1,0,1,12,2,0,0,0,1,1,0,0,0,6,0,1,0,9,0,0,0,356,0,0.0294117647058823,0.0187165775401069,0.9518716577540108,166.0,0.4662921348314606,0.1825842696629213,1.5317865117640537,98.15508021390374,False,False,NORMAL,0,276,7.7160528,100.0191857,ศาลาประจำหมู่บ้าน หมู่ที่ 11 บ้านไสเหรียง,True,1,0,0
