dataset,cluster_col,cluster_id,unit_count,issue_count,issue_rate,latitude_mean,longitude_mean,districts,subdistricts,invalid_ratio_const_mean,no_vote_ratio_const_mean,turnout_const_mean,winner_ratio_const_mean,winner_margin_const_mean,vote_entropy_const_mean,integrity_score_const_mean,invalid_ratio_party_mean,no_vote_ratio_party_mean,turnout_party_mean,winner_ratio_party_mean,winner_margin_party_mean,vote_entropy_party_mean,integrity_score_party_mean,cross_mismatch_mean
cross_form,geo_dbscan_cluster,14,4,3,0.75,7.56349425,99.9233161,ควนขนุน; ป่าพะยอม; ศรีนครินทร์,ชุมพล; พนมวังก์; เกาะเต่า,0.020552557839378375,0.0265626509232815,0.95288479123734,0.5303190206969605,0.2167748982463221,1.1208561726812867,98.44111908956545,0.04226631099200643,0.0252440014117256,0.9324896875962679,0.5238673798237556,0.3400551350215779,1.6062317565787434,97.38180442216516,0.0
cross_form,geo_dbscan_cluster,2,9,5,0.5555555555555556,7.470920488888889,99.9871412,ควนขนุน,ควนขนุน(เทศบาล); ชะมวง,0.015201182669311789,0.01884248652472251,0.9659563308059655,0.6435402910828768,0.42879032481278845,0.9915129787093873,98.86309113603996,0.024273272660117758,0.016787159529882186,0.95893956781,0.4994334470203763,0.2616894228656926,1.5209537389999963,98.45059317639647,0.0
cross_form,geo_dbscan_cluster,9,6,3,0.5,7.8143968,99.94278235000002,ควนขนุน,พนางตุง; มะกอกเหนือ,0.013831270766361233,0.016220883018724253,0.9699478462149145,0.5785563306389783,0.30291750030180054,1.0727504140516178,98.98401880130746,0.029761300302457033,0.019527742369793433,0.9507109573277494,0.45639139708400417,0.23913788640268138,1.631047142926777,98.12138013748127,0.0
cross_form,geo_dbscan_cluster,4,4,2,0.5,7.615725099999999,99.9576849,ควนขนุน,ชะมวง; ดอนทราย,0.017268312680390377,0.021068422320143124,0.9616632649994664,0.6713221214086192,0.472233670833316,0.9471995951206897,98.71521591957762,0.028288091176606422,0.01320929079864265,0.9585026180247507,0.47197874473791535,0.24965096125371067,1.5801270253653357,98.32140962519682,0.0
cross_form,geo_dbscan_cluster,16,4,2,0.5,7.83128825,99.868644225,ควนขนุน; ป่าพะยอม; ศรีนครินทร์,ชุมพล; บ้านนา; ลานข่อย; แหลมโตนด,0.015092709773170725,0.024541800042770675,0.9603654901840585,0.4911449726737544,0.16218412368814347,1.1406034632998483,98.75452851048605,0.0276169809769806,0.021834056607111525,0.9505489624159078,0.5718343976873796,0.41920757698150213,1.459505789248863,98.18246981900874,0.0
cross_form,geo_dbscan_cluster,8,10,4,0.4,7.56524359,99.88162080000001,ควนขนุน,พนมวังก์; พนางตุง,0.02561172062991397,0.017113748219086837,0.957274531150999,0.5654162496090614,0.2641912678856043,1.0308249996625265,98.37713900412255,0.03719466883868554,0.012999806562461653,0.9498055245988526,0.4882354940038473,0.27047707474129135,1.5868599899611044,97.88027042681648,0.0
cross_form,geo_dbscan_cluster,15,5,2,0.4,7.5564909,99.9744535,ศรีนครินทร์,ชุมพล,0.025680253256417818,0.02354873505858348,0.9507710116849987,0.5096642933189255,0.2112422703206064,1.1553677116143233,98.24501263600744,0.032168680315277635,0.0211747291383689,0.9466565905463533,0.5641994360775584,0.3927997468285442,1.5566779514620221,97.96807140146873,0.0
cross_form,geo_dbscan_cluster,17,5,2,0.4,7.703421560000001,99.8247694,ศรีนครินทร์,บ้านนา; ลำสินธ์ุ,0.02633513902234384,0.0072513037753522995,0.9664135572023038,0.4865365812765117,0.11779806485739241,1.1038314495745565,98.53821697337577,0.04626239865299268,0.008797724643768021,0.9449398767032392,0.5851482691703882,0.4411240487633788,1.5001992411615137,97.51092557447501,0.0
cross_form,geo_dbscan_cluster,3,8,3,0.375,7.6050041,99.9493424,ควนขนุน,ชะมวง; ดอนทราย,0.017408878875096387,0.014204297090164575,0.9683868240347389,0.6848878655786034,0.509920994217671,0.9272006368063854,98.84547011444188,0.031109658225607285,0.01277415531588735,0.9561161864585053,0.5279803297844555,0.3407380584523445,1.5249904911069478,98.18903398240188,0.0
cross_form,geo_dbscan_cluster,-1,133,41,0.3082706766917293,7.729407815512217,99.97186819335388,กงหรา2; ควนขนุน; ป่าพะยอม; ศรีนครินทร์; ศรีบรรพต,ควนขนุน; ควนขนุน(เทศบาล); ชะมวง; ชุมพล; ดอนทราย; ตะแพน; ทะเลน้อย; นาขยาด; บ้านนา; บ้านพร้าว; ปันแต; ป่าพะยอม; พนมวังก์; พนางตุง; มะกอกเหนือ; มะกอกเหนือ(เทศบาล); ลานข่อย; ลำสินธ์ุ; สมหวัง; อ่างทอง; เกาะเต่า; เขาปู่; เขาย่า; แพรกหา; แหลมโตนด; โตนดด้วน,0.018977177671902174,0.021452887685865618,0.9595699346422321,0.5460609870063771,0.26254353947160763,1.111721408518388,98.62208336268758,0.03112523226828734,0.013887707877463839,0.9549870598542486,0.5623087637797799,0.38915634220467143,1.4836122503779219,97.8410458548989,0.0
cross_form,geo_dbscan_cluster,1,4,1,0.25,7.7641611,100.001997525,กงหรา2,ชะรัด; สมหวัง,0.03347091507635995,0.033113864722151054,0.9334152202014889,0.4263902237720164,0.04980440449470262,1.2147422700095272,97.66417695173897,0.0348908072649348,0.0178273839034922,0.947281808831573,0.6475409334116575,0.5177107514525116,1.363025320384474,97.89891195868341,0.0
cross_form,geo_dbscan_cluster,10,5,1,0.2,7.84571594,99.93499262,ควนขนุน,พนางตุง; แพรกหา; แหลมโตนด,0.020268857838786063,0.01866538053179758,0.9610657616294164,0.5490636560565042,0.2480093349508766,1.0843978842385882,98.61324949742473,0.02732652264841414,0.015466591423636,0.9572068859279499,0.5868089350573832,0.40098569875161977,1.3666166124561687,94.00089190433569,0.0
cross_form,geo_dbscan_cluster,18,5,1,0.2,7.65883336,100.00718923999999,ศรีบรรพต,ตะแพน; เขาปู่,0.0148997936510542,0.01683164416400252,0.9682685621849434,0.47550347117993186,0.13960382539855296,1.1867631688812492,98.91837743416723,0.01850879122343268,0.01221392289818076,0.9692772858783865,0.6215959458417349,0.48342635277248336,1.3962383232151658,98.83028198086474,0.0
cross_form,geo_dbscan_cluster,19,5,1,0.2,7.829606419999999,100.02502098800001,ศรีบรรพต,เขาปู่,0.02076131208806336,0.025300044725752542,0.953938643186184,0.49408373672990963,0.1624891015092466,1.168594863546653,98.45593350108177,0.031006038273548697,0.0208236205886181,0.9481703411378332,0.5824600474157277,0.4138532603355016,1.469237660966583,98.0332256745502,0.0
cross_form,geo_dbscan_cluster,6,7,1,0.14285714285714285,7.780032285714285,100.11545562857144,ควนขนุน; ป่าพะยอม,นาขยาด; บ้านพร้าว; โตนดด้วน,0.018660072500634155,0.024481212368733428,0.9568587151306323,0.5615396755519105,0.29123983723928826,1.1296459362425362,98.57737212759362,0.031001981534186384,0.016338947889265754,0.9526590705765478,0.5553823803379527,0.36319861957810234,1.4486419624496298,98.12312196550536,0.0
cross_form,geo_dbscan_cluster,0,29,4,0.13793103448275862,7.733444331034482,100.00227317586207,กงหรา2; ควนขนุน; ป่าพะยอม; ศรีบรรพต,ควนขนุน; ชะรัด; ดอนทราย; บ้านพร้าว; สมหวัง; เขาปู่; เขาย่า; แพรกหา,0.022761953524140458,0.021237059991686062,0.9560009864841734,0.5411090614378858,0.266302372095003,1.1355872588671203,98.43716112395926,0.031718620005102525,0.012131872276577568,0.9561495077183199,0.5836473187081496,0.4305870227058404,1.4829848926079119,97.47219783773822,0.0
cross_form,geo_dbscan_cluster,11,9,1,0.1111111111111111,7.744549033333333,100.06796119999998,ควนขนุน; ป่าพะยอม,บ้านพร้าว; ป่าพะยอม; แพรกหา,0.0247716318279987,0.021010069618790577,0.9542182985532105,0.5953449447185234,0.3657617478307784,1.0904425354769018,98.34121701622425,0.0300896975500426,0.01434563370228159,0.9555646687476759,0.5944784809801225,0.453685273505308,1.4668850496860943,98.20860244845224,0.0
cross_form,geo_dbscan_cluster,7,7,0,0.0,7.678287457142859,99.95740805714286,ควนขนุน,ปันแต; พนมวังก์,0.01082641614146464,0.016767417318220658,0.9724061665403145,0.5409512785448652,0.2243521831654027,1.0690898802001783,99.12333084656234,0.02728901132276826,0.011713689315122127,0.9609972993621094,0.5746621863180124,0.4052428829084357,1.4444397111668876,98.40127564755915,0.0
cross_form,geo_dbscan_cluster,12,5,0,0.0,7.854725480000001,99.80063428000001,ป่าพะยอม,ลานข่อย,0.01995835822787098,0.01615205885370458,0.9638895829184243,0.46237113928313367,0.095573474734545,1.1423999829566722,98.67904091153237,0.024478499309850098,0.01091238588387028,0.9646091148062796,0.6163129951601523,0.4712297868183395,1.4089767231976633,98.5578273168301,0.0
cross_form,geo_dbscan_cluster,13,5,0,0.0,7.504385340000001,99.90754411999998,ป่าพะยอม,เกาะเต่า,0.013791906870779403,0.02028808931379572,0.9659200038154248,0.5712954050121971,0.3078131247909672,1.1069991008342073,98.90464287018513,0.02556121050087128,0.017354033252013998,0.9570847562471145,0.6123083528686245,0.46782749514286015,1.3838684133078738,98.37485880991615,0.0
cross_form,geo_dbscan_cluster,5,4,0,0.0,7.717675175,99.96409315,ควนขนุน,ดอนทราย; ทะเลน้อย,0.023409354903363773,0.0147282538538302,0.9618623912428059,0.6009715176036043,0.31090273584421796,0.9986301945218837,98.53496717775519,0.03891901615796855,0.009177884402823326,0.951903099439208,0.4993960942220025,0.3051204979540836,1.6113167172070018,97.87049150404508,0.0
