district,subdistrict,unit_index,form_type,vote_phase,latitude,longitude,latlong_location,ballot_total,ballot_valid,ballot_invalid,ballot_no_vote,กรีน,กล้าธรรม,ก้าวอิสระ,ครูไทยเพื่อประชาชน,คลองไทย,ความหวังใหม่,ทางเลือกไทย,ท้องที่ไทย,ประชากรไทย,ประชาชน,ประชาชาติ,ประชาธิปัตย์,ประชาธิปไดยใหม่,ประชาอาสาชาติ,ประชาไทย,ปวงชนไทย,พร้อม,พลวัต,พลังธรรมใหม่,พลังประชารัฐ,พลังสังคมใหม่,พลังเพื่อไทย,พลังไทยรักชาติ,ฟิวชัน,ภูมิใจไทย,มิติใหม่,รวมพลังประชาชน,รวมใจไทย,รวมไทยสร้างชาติ,รักชาติ,วิชชั่นใหม่,สร้างอนาคตไทย,สังคมประชาธิปไดยไทย,อนาคตไทย,เครือข่ายชาวนาแห่งประเทศไทย,เป็นธรรม,เพื่อชาติไทย,เพื่อชีวิตใหม่,เพื่อบ้านเมือง,เพื่อไทย,เศรษฐกิจ,เสรีรวมไทย,แผ่นดินธรรม,แรงงานสร้างชาติ,โอกาสใหม่,ใหม่,ไทยก้าวหน้า,ไทยก้าวใหม่,ไทยชนะ,ไทยทรัพย์ทวี,ไทยธรรม,ไทยพร้อม,ไทยพิทักษ์ธรรม,ไทยภักดี,ไทยรวมไทย,ไทยสร้างไทย,ไทรวมพลัง
ควนขนุน,ควนขนุน(เทศบาล),1,partylist,election_day,7.734476799999999,100.0124479,อาคารอเนกประสงค์ สำนักงานเทศบาลตำบลควนขนุน,256,238,11,7,0,0,0,0,4,0,0,0,0,34,0,108,1,0,0,0,0,0,0,1,0,0,0,0,56,0,1,0,9,0,0,0,0,0,0,0,2,1,1,12,1,1,0,0,0,0,1,1,0,1,0,0,0,3,0,0,0
ควนขนุน,ควนขนุน(เทศบาล),2,partylist,election_day,7.733656099999999,100.007411,อาคารหอประชุม โรงเรียนบ้านควนขนุน,337,320,8,9,0,1,0,0,0,0,1,0,0,45,0,137,2,0,0,0,1,0,0,0,0,0,0,0,87,0,0,0,8,1,0,1,0,0,0,0,2,0,0,15,7,0,0,0,1,0,0,2,0,1,0,0,0,8,0,0,0
ควนขนุน,ควนขนุน(เทศบาล),3,partylist,election_day,7.737481399999999,100.0066003,ศาลาการเปรียญ วัดสุวรรณวิชัย,403,390,8,5,0,0,0,0,1,0,0,0,0,51,0,146,4,0,0,0,0,1,0,0,0,0,0,0,117,0,0,0,11,0,0,1,0,0,0,0,2,0,2,31,5,3,0,0,0,2,0,1,0,3,0,0,0,8,0,1,0
ควนขนุน,ควนขนุน(เทศบาล),4,partylist,election_day,7.7484794,100.0080005,อาคารพ่อท่านนะ วัดสุวรรณวิชัย,206,199,3,4,0,2,0,0,0,0,1,0,0,34,0,79,2,0,0,0,0,0,1,0,0,0,0,0,51,0,0,0,6,0,0,0,1,0,0,0,1,0,0,13,2,1,0,0,0,0,0,0,0,1,0,0,0,4,0,0,0
ควนขนุน,ควนขนุน,1,partylist,election_day,7.7485644,100.007979,ศาลาประจำหมู่บ้านบ้านควนบก,384,365,11,8,0,0,0,0,2,0,1,0,0,46,0,215,3,0,0,1,0,1,1,0,0,1,0,0,41,0,1,2,6,0,0,0,0,0,0,0,3,2,0,29,2,1,0,0,1,1,0,0,5,0,0,0,0,0,0,0,0
ควนขนุน,ควนขนุน,2,partylist,election_day,7.7484794,100.0080005,ศาลา อพป.บ้านดอนนูด,305,301,4,0,0,1,0,0,1,6,0,0,0,15,0,202,8,0,0,0,0,2,0,0,0,1,0,0,30,0,0,2,5,0,0,0,1,0,0,0,2,0,0,10,4,1,0,0,0,0,1,0,1,7,0,0,0,0,0,0,1
ควนขนุน,ควนขนุน,3,partylist,election_day,7.747440399999999,99.9966606,ศาลาประจำหมู่บ้านบ้านโคกวัด,639,612,17,10,0,0,0,2,0,0,0,0,0,70,1,371,7,0,0,0,0,4,1,2,0,1,0,0,99,2,0,0,5,0,1,0,1,0,0,0,3,0,2,23,3,2,0,0,0,1,0,3,0,3,0,0,0,4,0,1,0
ควนขนุน,ควนขนุน,4,partylist,election_day,7.7516832,100.0132899,ศาลาประจำหมู่บ้านบ้านโคกวา,707,671,32,4,0,1,0,0,1,4,5,0,1,89,0,371,12,0,2,0,0,4,0,0,0,0,1,1,99,0,1,3,2,0,0,1,1,1,0,0,7,1,1,27,11,2,0,1,0,1,2,0,1,12,0,1,0,4,0,0,0
ควนขนุน,ควนขนุน,5,partylist,election_day,7.764699,100.0024084,ศาลาประจำหมู่บ้านบ้านเพิง,381,368,8,5,0,1,0,0,1,0,1,0,1,33,0,214,2,0,1,0,0,10,0,0,0,0,0,0,61,0,0,0,11,0,0,0,0,0,0,0,0,1,0,19,3,0,0,0,0,3,1,1,2,1,0,0,0,1,0,0,0
ควนขนุน,ควนขนุน,6,partylist,election_day,7.7625474,100.0007649,ศาลาประจำหมู่บ้านบ้านควนพลี,623,599,22,2,2,0,0,0,1,0,1,0,0,87,3,347,2,0,0,0,0,5,0,1,0,1,2,1,74,0,3,1,3,1,1,0,0,0,0,0,4,0,1,40,4,4,0,0,0,1,0,0,1,5,0,0,0,1,0,1,1
ควนขนุน,ควนขนุน,7,partylist,election_day,7.764699,100.0024084,ศาลาประจำหมู่บ้านบ้านโพธิ์,374,361,8,5,0,0,0,0,1,1,2,0,0,62,2,157,5,0,1,1,0,2,1,0,0,0,0,0,89,0,1,0,4,0,0,0,0,0,0,0,3,0,0,17,4,1,0,0,0,0,1,0,0,3,0,1,0,2,0,0,0
ควนขนุน,ควนขนุน,8,partylist,election_day,7.764699,100.0024084,ศาลาประจำหมู่บ้านบ้านข่อยม้า,208,204,4,0,0,0,0,0,0,0,2,0,0,20,0,101,0,0,0,0,1,1,0,0,0,0,0,0,48,0,0,2,6,0,0,0,0,0,0,0,3,0,1,11,3,0,0,0,0,0,0,0,1,0,0,0,0,4,0,0,0
ควนขนุน,ควนขนุน,9,partylist,election_day,7.735698699999999,100.0077949,ศาลาประจำหมู่บ้าน หมู่ที่ 9 บ้านควนขนุน,80,78,1,1,0,0,0,0,0,0,0,0,0,15,0,23,2,1,0,0,0,0,0,0,0,0,0,0,24,0,0,0,4,0,0,0,0,0,0,0,0,0,0,6,2,0,0,0,0,0,0,0,0,0,0,0,0,1,0,0,0
ควนขนุน,ชะมวง,1,partylist,election_day,7.3838149,100.2598974,ศาลาประจำหมู่บ้านบ้านชะมวง,573,564,7,2,0,0,0,0,0,0,0,0,0,80,0,316,2,0,3,0,0,6,0,1,1,0,1,0,101,1,0,2,10,0,0,0,0,0,0,0,0,0,3,22,0,1,0,1,0,2,0,1,0,6,0,0,0,4,0,0,0
ควนขนุน,ชะมวง,2,partylist,election_day,7.7408104,99.9839132,ศาลาการเปรียญวัดพิกุลทอง,194,177,11,6,0,0,0,0,0,0,1,0,0,14,0,83,3,0,0,0,0,2,0,0,0,0,0,0,46,0,0,0,6,0,0,0,0,0,0,0,3,0,0,12,2,1,0,0,0,0,0,0,0,2,0,2,0,0,0,0,0
ควนขนุน,ชะมวง,3,partylist,election_day,7.7885424,99.9643809,ศาลาประจำหมู่บ้านบ้านศาลาตำเสา,545,523,13,9,0,1,0,0,0,0,1,0,1,51,1,305,0,0,0,0,0,7,0,0,0,1,0,0,96,0,1,1,2,1,0,1,0,0,0,0,2,1,0,26,5,5,0,0,0,1,0,0,0,9,0,0,0,4,0,0,0
ควนขนุน,ชะมวง,4,partylist,election_day,7.7419453,99.9723573,ศาลาประจำหมู่บ้านบ้านหนักขัน,185,180,2,3,1,0,0,0,0,0,2,0,0,27,2,80,3,0,0,1,0,2,0,0,0,0,0,0,53,0,1,0,0,0,0,0,0,0,0,0,0,0,1,4,0,0,0,0,0,0,1,0,0,2,0,0,0,0,0,0,0
ควนขนุน,ชะมวง,5,partylist,election_day,7.753196000000001,99.9551971,ศาลาประจำหมู่บ้านบ้านไสเตียน,511,490,16,5,0,2,0,0,1,0,0,0,0,45,0,278,4,0,1,1,0,4,0,0,0,0,0,0,91,0,0,4,2,1,0,0,1,0,0,0,3,0,2,38,2,1,0,0,0,0,0,0,0,7,0,0,0,1,0,1,0
ควนขนุน,ชะมวง,6,partylist,election_day,7.3838149,100.2598974,ศาลาประจำหมู่บ้านบ้านค่ายไพออก,326,317,4,5,0,0,0,0,1,0,1,0,0,33,2,162,1,0,0,0,0,6,1,0,0,1,0,0,77,1,0,0,0,0,0,0,0,0,0,0,1,0,3,7,5,1,0,1,0,0,0,0,1,6,0,2,0,3,0,1,0
ควนขนุน,ชะมวง,7,partylist,election_day,7.3838149,100.2598974,ศาลาประจำหมู่บ้านบ้านค่ายไพตก,394,376,13,5,0,0,0,0,1,0,1,0,0,36,0,201,3,0,0,0,0,1,1,0,0,0,0,0,100,0,2,2,3,0,0,0,1,0,0,0,5,0,0,10,4,0,0,0,0,0,0,0,0,4,0,1,0,0,0,0,0
ควนขนุน,ชะมวง,8,partylist,election_day,7.7372374,99.973056,ศาลาประจำหมู่บ้านบ้านไทรโกบ,360,342,16,2,0,1,0,0,0,0,1,0,0,83,3,135,0,0,0,1,1,3,2,2,0,0,0,1,70,1,0,1,7,0,0,0,0,0,0,0,2,0,0,12,2,1,0,0,0,1,0,0,0,10,0,0,0,2,0,0,0
ควนขนุน,ชะมวง,9,partylist,election_day,7.736974900000001,99.9842367,ศาลาประจำหมู่บ้านบ้านหัวถนน,328,316,8,4,0,0,0,0,1,1,1,0,0,59,0,114,2,0,0,0,0,1,0,1,0,0,0,0,84,0,0,1,6,1,0,0,0,0,0,0,0,0,0,30,2,2,0,1,0,1,0,1,2,1,0,1,0,2,0,1,0
ควนขนุน,ชะมวง,10,partylist,election_day,7.737530199999998,99.9891287,ศาลาประจำหมู่บ้านบ้านปาบ,196,188,6,2,0,2,0,0,0,0,1,0,0,43,0,51,3,0,1,0,0,1,0,1,0,0,0,0,52,0,0,0,3,0,1,0,0,0,0,0,0,0,0,25,1,1,0,0,0,0,0,1,0,0,1,0,0,0,0,0,0
ควนขนุน,ชะมวง,11,partylist,election_day,7.771804299999999,99.9381744,ศาลาประจำหมู่บ้านบ้านสามหนอง,486,463,18,5,0,1,0,0,0,0,3,0,0,49,0,244,2,0,1,1,0,6,0,0,0,0,0,0,100,0,0,3,0,0,0,0,0,0,0,0,2,0,2,37,1,0,1,0,0,0,1,1,2,4,0,1,1,0,0,0,0
ควนขนุน,ชะมวง,12,partylist,election_day,7.7427958,99.9646715,ศาลาประจำหมู่บ้านบ้านศาลาม่วง,296,276,13,7,0,0,0,1,0,0,2,0,0,35,0,150,2,0,1,0,0,2,0,0,0,0,0,0,50,0,1,0,2,0,0,0,0,0,0,0,5,0,0,16,0,0,0,1,0,0,0,0,2,6,0,0,0,0,0,0,0
ควนขนุน,ชะมวง,13,partylist,election_day,7.7851689,99.9546944,ศาลาประจำหมู่บ้านบ้านไสตอ,462,445,10,7,0,0,0,0,3,0,1,0,0,51,2,274,11,0,0,0,0,3,1,0,0,1,0,0,43,0,2,0,5,0,0,0,0,0,0,0,1,0,3,26,4,1,0,0,0,0,1,0,0,12,0,0,0,0,0,0,0
ควนขนุน,ชะมวง,14,partylist,election_day,7.769434400000001,99.9700718,ศาลาประจำหมู่บ้านบ้านหยีใน,588,555,28,5,0,0,0,1,0,0,2,0,0,85,0,315,3,0,0,0,0,4,0,0,0,0,0,0,88,1,2,2,5,0,0,0,0,0,0,0,2,0,1,27,11,1,0,0,0,0,0,0,2,2,0,0,0,0,0,1,0
ควนขนุน,ชะมวง,15,partylist,election_day,7.7851689,99.9546944,ศาลาประจำหมู่บ้านบ้านไสตอตก,366,351,9,6,0,0,0,0,1,0,0,0,1,35,0,227,3,0,0,0,0,3,0,0,0,0,0,1,39,0,0,1,1,0,1,0,0,0,0,0,6,0,2,16,1,1,0,0,0,0,0,1,1,4,0,3,0,3,0,0,0
กงหรา2,ชะรัด,1,partylist,election_day,7.4710752,99.9927726,ศาลาประจำหมู่บ้านบ้านต้นประดู่,593,562,17,14,0,0,0,0,0,0,2,0,3,48,2,357,4,1,1,0,0,4,0,1,0,0,0,0,78,5,0,1,3,1,0,0,1,0,0,0,4,0,5,14,6,0,0,1,0,0,0,0,6,11,0,2,0,0,0,0,1
กงหรา2,ชะรัด,2,partylist,election_day,7.477495999999999,100.0135447,ศาลาประจำหมู่บ้านบ้านวังปริง,419,398,20,1,0,1,0,0,0,0,1,0,1,66,2,210,5,0,0,0,0,7,1,0,0,0,0,0,75,1,1,0,1,0,3,0,1,0,0,0,0,0,3,8,1,1,0,0,0,1,0,0,3,4,0,0,0,0,1,0,0
กงหรา2,ชะรัด,3,partylist,election_day,7.471108099999999,100.0050042,ศาลาประจำหมู่บ้านบ้านหัวหรั่ง,655,631,16,8,0,0,0,0,3,1,2,0,2,90,5,390,7,0,3,0,0,5,1,0,0,1,0,0,55,0,0,1,5,0,2,0,1,0,0,1,4,0,3,27,2,2,0,2,0,0,0,0,0,12,0,2,0,2,0,0,0
กงหรา2,ชะรัด,4,partylist,election_day,7.470731900000001,99.9856344,ศาลาประจำหมู่บ้านบ้านท่ายาง,331,308,16,7,0,2,0,0,0,0,1,0,0,44,6,171,4,0,0,1,0,2,1,0,0,0,0,0,37,0,0,1,4,0,0,0,0,0,0,0,0,0,1,23,3,0,0,0,0,0,0,0,3,2,0,2,0,0,0,0,0
กงหรา2,ชะรัด,5,partylist,election_day,7.471220799999999,99.979161,อาคารสำนักงานเทศบาลตำบลชะรัด,399,383,14,2,0,0,0,0,0,0,0,0,0,69,7,170,0,0,3,0,1,7,0,0,0,0,1,0,55,2,2,2,3,0,0,0,0,0,0,0,5,2,1,41,7,0,0,1,0,1,0,0,0,2,0,0,0,0,1,0,0
กงหรา2,ชะรัด,6,partylist,election_day,7.471220799999999,99.979161,อาคารสำนักงานเทศบาลตำบลชะรัด,429,412,15,2,0,8,0,0,0,0,4,0,0,74,1,172,3,0,1,0,0,13,1,0,0,0,0,0,75,0,1,2,2,0,0,0,0,0,0,0,4,0,0,37,4,0,0,0,0,1,0,0,1,4,0,1,0,2,0,0,1
กงหรา2,ชะรัด,7,partylist,election_day,7.470731900000001,99.9856344,ศาลาอเนกประสงค์บ้านนามะพร้าว,277,271,3,3,0,1,0,0,1,0,0,0,0,26,0,153,3,0,0,0,0,0,0,0,0,1,0,0,65,0,0,1,3,0,1,0,1,0,0,0,1,0,0,9,0,1,0,0,0,0,1,0,0,3,0,0,0,0,0,0,0
กงหรา2,ชะรัด,8,partylist,election_day,7.470731900000001,99.9856344,ศูนย์ถ่ายทอดเทคโนโลยีตำบลชะรัด,617,592,15,10,0,1,0,0,3,0,2,0,0,69,1,359,6,0,1,0,0,5,1,0,0,1,0,0,99,0,2,1,5,2,1,0,0,0,0,0,2,2,1,8,4,0,0,0,0,1,2,1,2,7,0,1,0,1,1,0,0
กงหรา2,ชะรัด,9,partylist,election_day,7.470731900000001,99.9856344,ศาลาประจำหมู่บ้านบ้านหูเล่,383,360,13,10,0,0,0,0,1,0,0,0,0,49,2,222,5,0,0,0,0,7,0,1,0,0,0,0,43,0,0,1,4,0,1,0,0,0,0,0,2,0,1,11,3,0,0,0,0,1,0,0,1,3,0,1,0,0,0,1,0
กงหรา2,ชะรัด,10,partylist,election_day,7.470731900000001,99.9856344,ศาลาประจำหมู่บ้านบ้านสะพานแต้ว,517,490,22,5,0,0,0,0,1,1,3,1,3,42,3,313,1,1,0,1,0,5,0,0,1,0,0,0,69,1,1,0,5,0,2,0,0,0,0,0,4,0,2,11,5,1,0,0,1,1,0,1,0,7,0,1,0,1,1,0,0
ศรีนครินทร์,ชุมพล,1,partylist,election_day,7.6050041,99.9493424,ศาลาประจำหมู่บ้านบ้านชุมพล,645,596,25,24,0,0,0,0,0,0,3,0,1,89,1,341,3,0,0,1,0,7,0,0,0,2,1,1,63,0,3,3,7,0,2,0,2,0,0,0,2,1,2,35,8,2,0,1,1,2,0,0,5,2,0,3,1,0,0,1,0
ศรีนครินทร์,ชุมพล,2,partylist,election_day,7.6050041,99.9493424,ศาลาประจำหมู่บ้านบ้านหนองปริง,345,328,12,5,1,1,1,0,0,0,1,0,1,45,1,212,4,0,0,0,0,6,0,0,0,0,1,0,15,0,1,1,2,0,0,0,0,0,0,0,2,0,0,19,5,2,0,0,0,0,1,1,1,3,0,0,0,0,0,1,0
ศรีนครินทร์,ชุมพล,3,partylist,election_day,7.615725099999999,99.9576849,ศาลาประจำหมู่บ้านบ้านหนองเสม็ด,363,339,16,8,0,2,0,1,0,0,0,0,0,71,0,153,5,0,2,0,0,4,1,1,0,1,0,0,30,0,2,2,7,0,0,0,0,1,0,2,1,0,1,37,7,1,0,1,0,1,0,0,2,1,0,0,0,2,0,0,0
ศรีนครินทร์,ชุมพล,4,partylist,election_day,7.5827562,99.9618832,ศาลาการเปรียญวัดลำกะ,418,375,19,24,1,6,2,0,0,0,13,1,1,66,1,85,5,0,0,1,0,11,0,0,0,3,0,0,45,3,3,8,8,0,0,1,0,2,0,0,24,0,0,38,18,1,0,0,0,0,1,0,1,23,0,0,0,2,0,1,0
ศรีนครินทร์,ชุมพล,5,partylist,election_day,7.615725099999999,99.9576849,ศาลาประจำหมู่บ้านบ้านห้วยไทร,402,384,13,5,0,1,1,0,1,0,3,0,1,50,0,248,5,0,1,0,0,6,0,1,0,1,0,0,27,0,1,1,2,0,0,0,1,0,0,0,2,0,0,22,1,1,0,0,0,1,1,0,0,4,0,1,0,0,0,0,0
ศรีนครินทร์,ชุมพล,6,partylist,election_day,7.6050041,99.9493424,ศาลาประจำหมู่บ้านบ้านหนองหาญ (หนองโหล๊ะ),493,455,22,16,0,0,0,0,1,0,1,0,0,56,1,269,7,0,0,2,0,8,2,1,0,1,0,0,53,1,2,0,6,1,0,2,0,0,0,1,1,1,0,25,2,5,0,0,0,1,0,0,1,3,0,0,0,0,0,1,0
ศรีนครินทร์,ชุมพล,7,partylist,election_day,7.6050041,99.9493424,ศาลาอเนกประสงค์บ้านทุ่งยวน,274,259,5,10,0,0,0,0,0,0,1,0,0,41,0,150,2,0,0,0,0,3,0,0,0,1,1,0,25,0,0,3,2,0,1,0,0,0,0,0,1,0,1,14,8,0,0,0,0,0,1,0,0,4,0,0,0,0,0,0,0
ศรีนครินทร์,ชุมพล,8,partylist,election_day,7.6050041,99.9493424,ศาลาประจำหมู่บ้านบ้านควนดินสอ,637,604,20,13,0,1,0,0,0,0,11,1,0,134,0,301,3,0,3,0,0,3,1,2,0,0,0,0,66,1,2,3,5,0,0,0,1,1,0,0,5,0,0,36,4,3,0,2,0,1,0,2,1,2,0,1,0,6,0,2,0
ศรีนครินทร์,ชุมพล,9,partylist,election_day,7.650070299999999,99.9772486,ศาลาอเนกประสงค์บ้านสวนโหนด,290,274,9,7,0,0,0,0,1,0,0,0,1,35,0,176,3,0,1,0,0,2,0,0,0,0,0,0,31,0,0,1,0,0,0,0,0,0,0,0,1,0,1,16,3,0,0,0,0,0,0,0,0,2,0,0,0,0,0,0,0
ศรีนครินทร์,ชุมพล,10,partylist,election_day,17.0245089,102.9780981,ศาลาประจำหมู่บ้านบ้านหนองหว้า,349,331,9,9,0,1,0,1,1,0,1,0,1,35,0,206,1,0,1,0,0,5,0,0,0,0,0,0,31,1,1,0,4,0,0,0,1,0,0,0,2,0,1,26,3,0,0,0,0,0,0,0,0,4,0,0,0,0,0,4,0
ศรีนครินทร์,ชุมพล,11,partylist,election_day,7.6050041,99.9493424,ศาลาประจำหมู่บ้านบ้านลำกะ,547,526,21,0,0,0,0,1,1,0,7,0,0,75,0,310,6,0,1,0,0,10,0,2,1,1,0,0,44,0,0,0,4,0,0,0,0,0,0,0,3,0,4,37,3,0,0,1,0,1,0,0,1,7,0,0,0,3,0,0,3
ศรีนครินทร์,ชุมพล,12,partylist,election_day,7.6050041,99.9493424,ศาลาประจำหมู่บ้านบ้านต้นธง,244,224,11,9,0,1,0,0,0,0,0,1,0,35,0,118,3,0,0,0,0,7,0,1,0,1,0,0,20,0,1,1,2,0,1,0,0,0,0,0,0,0,1,22,6,1,0,0,0,0,0,1,1,0,0,0,0,0,0,0,0
ศรีนครินทร์,ชุมพล,13,partylist,election_day,7.615725099999999,99.9576849,ศาลาประจำหมู่บ้านบ้านนารา,254,245,3,6,2,0,0,0,0,0,2,1,0,24,0,179,1,0,0,0,0,1,0,0,0,0,1,0,7,0,1,0,3,1,0,1,0,0,0,0,0,0,0,12,4,0,0,0,0,0,0,2,2,1,0,0,0,0,0,0,0
ศรีนครินทร์,ชุมพล,14,partylist,election_day,7.615725099999999,99.9576849,ศาลาประจำหมู่บ้านบ้านหนองโหรง,275,260,10,5,0,0,0,0,1,0,1,0,0,28,0,166,2,0,1,1,0,3,0,0,0,0,0,0,20,0,3,4,0,0,0,0,0,0,1,0,3,0,0,18,1,3,0,0,0,0,0,0,0,0,0,0,0,0,0,4,0
ศรีนครินทร์,ชุมพล,15,partylist,election_day,7.6050041,99.9493424,ศาลาประจำหมู่บ้านบ้านชุมทอง,247,242,5,0,0,0,0,0,1,0,4,0,0,33,0,154,2,1,1,0,0,2,1,0,0,0,0,0,17,0,0,1,1,0,0,1,0,0,0,0,2,1,1,14,1,0,0,0,0,0,0,0,0,3,0,0,0,0,0,1,0
ควนขนุน,ดอนทราย,1,partylist,election_day,7.7173634,99.9632741,ศาลาประจำหมู่บ้านบ้านเขากอย,206,202,2,2,0,1,0,0,1,0,0,0,0,27,0,105,1,0,0,0,0,0,1,1,0,0,0,0,42,0,0,1,3,1,0,0,0,0,0,0,0,0,0,10,1,1,0,0,1,0,0,0,1,0,0,0,0,4,0,0,0
ควนขนุน,ดอนทราย,2,partylist,election_day,7.7253162,99.9828919,ศาลาประจำหมู่บ้านบ้านหม้อ,372,357,10,5,1,1,0,0,1,0,3,0,0,68,0,193,4,0,1,0,0,1,0,0,0,0,0,1,52,0,0,1,3,0,0,0,1,0,0,0,0,1,1,14,3,1,0,0,0,0,1,1,0,3,0,0,0,1,0,0,0
ควนขนุน,ดอนทราย,3,partylist,election_day,7.7066667,99.9511111,ศาลาประจำหมู่บ้านบ้านเขาวัง,301,286,11,4,0,3,0,0,0,0,0,0,0,26,0,196,2,0,1,0,0,1,0,0,0,0,0,0,27,0,1,0,5,0,0,0,0,1,0,0,0,1,2,7,4,2,0,0,0,2,1,0,1,2,0,0,0,1,0,0,0
ควนขนุน,ดอนทราย,4,partylist,election_day,7.7173634,99.9632741,ศาลาประจำหมู่บ้านบ้านลำรุณ,255,246,3,6,0,1,0,0,2,0,1,0,0,30,0,109,3,0,0,0,0,1,0,0,0,0,0,0,70,0,1,2,10,0,1,0,0,0,0,0,2,0,0,3,1,1,0,0,0,0,1,0,0,3,0,2,0,2,0,0,0
ควนขนุน,ดอนทราย,5,partylist,election_day,7.7173634,99.9632741,ศาลาประจำหมู่บ้านบ้านควนเหลง,475,456,15,4,1,2,0,0,0,0,1,0,0,43,2,281,8,0,0,0,0,3,0,0,0,0,0,0,75,0,2,1,2,0,0,0,1,1,0,0,1,0,1,6,11,0,0,0,4,2,1,0,0,2,0,2,0,3,0,0,0
ควนขนุน,ดอนทราย,6,partylist,election_day,7.722331100000001,99.9800438,ศาลาประจำหมู่บ้านบ้านเกาะทอง,284,279,2,3,0,1,0,0,1,0,1,0,0,32,0,126,1,0,1,0,0,1,0,0,0,1,0,0,76,1,1,1,8,0,0,0,0,0,0,0,3,0,1,8,1,1,0,0,0,0,0,0,0,3,0,2,0,7,0,0,1
ควนขนุน,ดอนทราย,7,partylist,election_day,7.7186105,99.9665503,ศาลาประจำหมู่บ้านบ้านควนดินแดง,528,504,20,4,0,0,1,0,1,1,5,1,1,68,0,257,2,0,0,2,0,1,1,0,0,1,0,1,114,0,1,2,9,0,0,0,0,0,0,0,1,0,0,16,6,2,0,0,0,0,0,1,0,3,1,1,0,1,0,1,2
ควนขนุน,ดอนทราย,8,partylist,election_day,7.7290582,99.9418062,ศาลาประจำหมู่บ้านบ้านจันนา,262,255,5,2,0,0,0,0,0,0,0,0,0,34,1,120,3,0,0,0,0,3,0,0,0,0,0,0,63,1,0,0,2,0,0,0,1,0,0,1,0,0,0,15,3,1,0,1,0,0,0,0,0,4,0,0,0,2,0,0,0
ควนขนุน,ดอนทราย,9,partylist,election_day,7.706008700000001,99.9771524,ศาลาประจำหมู่บ้านบ้านไสอ้อย,586,568,15,3,1,9,1,0,1,0,1,0,0,68,0,368,5,0,0,0,0,3,0,0,0,0,0,0,68,1,2,1,1,0,0,0,2,2,0,0,1,1,2,15,2,2,0,1,0,2,1,0,1,3,0,0,0,3,0,0,0
ควนขนุน,ดอนทราย,10,partylist,election_day,7.7714851,100.0555474,ศาลาประจำหมู่บ้านบ้านไสโพธิ์,379,367,6,6,0,0,0,0,0,0,1,0,0,42,0,214,1,0,0,0,0,0,0,1,0,0,0,0,74,1,0,0,2,0,0,0,0,0,0,0,1,0,2,10,6,1,0,0,0,0,0,0,0,8,0,0,0,3,0,0,0
ควนขนุน,ดอนทราย,11,partylist,election_day,7.7290582,99.9418062,ศาลาประจำหมู่บ้านบ้านจันนาตก,264,252,10,2,1,0,0,0,2,0,0,0,0,23,0,151,1,0,1,0,0,3,0,0,0,0,0,0,36,0,0,1,8,0,0,0,0,0,0,0,0,0,0,5,8,0,0,0,0,1,0,2,0,5,0,1,0,3,0,0,0
ศรีบรรพต,ตะแพน,1,partylist,election_day,7.6514478,99.9629591,ศาลาประจำหมู่บ้าน บ้านสวนโหนด หมู่ที่ 1,340,329,9,2,0,2,0,0,0,0,2,0,1,31,0,208,3,0,2,0,0,3,0,0,0,0,0,0,40,0,0,0,3,0,0,1,0,0,0,1,2,0,0,19,5,0,0,0,0,0,1,1,0,4,0,0,0,0,0,0,0
ศรีบรรพต,ตะแพน,2,partylist,election_day,7.6554624,99.8766586,โรงอาหารโรงเรียนวัดตะแพน,603,582,15,6,0,0,0,0,0,0,2,0,0,98,2,272,4,0,0,0,0,4,0,0,0,0,0,0,121,0,1,1,3,1,0,1,0,0,0,0,3,2,0,40,9,0,0,2,0,0,0,1,2,8,0,0,0,3,0,1,1
ศรีบรรพต,ตะแพน,3,partylist,election_day,7.639195399999998,99.8683073,ศาลาประจำหมู่บ้าน บ้านวังยาว หมู่ที่ 3,335,323,4,8,0,0,0,1,1,0,0,0,0,55,2,208,3,0,0,0,0,8,0,0,0,0,0,0,15,0,0,1,1,0,0,0,0,0,0,0,1,0,2,15,2,2,0,1,0,0,0,0,0,3,0,0,0,1,0,0,1
ศรีบรรพต,ตะแพน,4,partylist,election_day,7.6452374,99.8090063,ศาลาประจำหมู่บ้าน บ้านห้วยครก หมู่ที่ 4,144,143,1,0,0,0,0,0,0,0,1,0,0,24,0,86,1,0,0,0,0,0,1,0,0,0,0,0,23,0,0,0,0,0,0,0,0,0,0,0,0,0,0,6,0,0,1,0,0,0,0,0,0,0,0,0,0,0,0,0,0
ศรีบรรพต,ตะแพน,5,partylist,election_day,7.618795599999999,99.8236533,ศาลาประจำหมู่บ้าน บ้านท่ายูง หมู่ที่ 5,549,522,18,9,0,5,0,1,0,1,3,0,0,111,0,297,5,0,1,0,1,6,0,0,0,0,0,0,40,0,1,1,3,2,1,0,0,0,0,0,2,1,1,20,5,1,0,0,1,0,0,1,2,7,0,0,0,2,0,0,0
ศรีบรรพต,ตะแพน,6,partylist,election_day,7.6508473,99.9437136,ศาลาประจำหมู่บ้าน บ้านหน้าควน หมู่ที่ 6,376,369,5,2,0,1,0,0,2,0,2,0,0,50,0,227,0,0,0,0,0,8,0,0,0,0,0,1,36,0,1,3,4,0,2,0,1,0,0,1,0,2,0,11,5,1,0,2,0,0,0,0,0,6,0,0,0,2,0,1,0
ศรีบรรพต,ตะแพน,7,partylist,election_day,7.6497788,99.9285556,โรงอาหารโรงเรียนบ้านหัสคุณ,614,602,6,6,0,0,0,0,0,0,1,0,0,65,0,435,3,1,1,0,2,5,0,0,0,0,0,0,46,2,1,1,4,0,1,1,0,0,0,0,2,0,2,16,5,1,0,0,0,0,0,0,0,6,0,0,0,0,1,0,0
ศรีบรรพต,ตะแพน,8,partylist,election_day,7.6775386,99.8988081,สำนักสงฆ์บ้านท่าข้าม,343,336,5,2,0,2,0,0,1,0,1,1,0,32,1,202,5,0,0,0,0,1,0,0,0,0,0,0,42,0,0,0,0,0,1,0,1,0,0,0,1,3,4,28,1,2,0,0,0,0,0,1,2,3,0,0,0,0,1,0,0
ศรีบรรพต,ตะแพน,9,partylist,election_day,7.6514478,99.9629591,อาคารโรงเรียนบ้านสวนโหนด,339,320,12,7,0,1,0,0,0,0,2,0,1,54,0,196,2,0,0,1,0,2,0,0,0,0,0,0,36,0,1,0,8,0,0,0,1,0,0,0,0,1,0,7,3,0,0,0,0,0,1,0,0,1,0,2,0,0,0,0,0
ควนขนุน,ทะเลน้อย,1,partylist,election_day,7.7777536,100.1167953,ศาลาประจำหมู่บ้านบ้านทะเลน้อย,614,578,30,6,0,2,0,1,1,0,4,0,0,56,0,287,6,0,2,0,1,10,1,0,0,2,1,0,110,1,1,2,4,1,1,0,2,0,0,0,6,1,1,59,2,1,0,0,0,0,0,0,0,7,0,0,0,2,0,2,1
ควนขนุน,ทะเลน้อย,2,partylist,election_day,7.782416400000001,100.1591213,ศาลากลางบ้านหัวเลี้ยว,330,314,12,4,0,0,0,0,3,0,0,0,0,46,0,130,0,0,0,0,0,4,1,0,0,0,1,0,98,0,0,0,2,0,0,0,0,0,0,0,0,0,0,15,2,1,0,0,0,1,0,0,0,7,0,2,0,1,0,0,0
ควนขนุน,ทะเลน้อย,3,partylist,election_day,7.7872498,100.1162419,ศาลาทวดวิรุฬเจ้าแม่อุบล,341,320,17,4,0,0,0,2,0,0,2,0,0,41,0,138,1,0,2,0,0,1,1,0,0,0,0,0,63,0,1,1,1,0,1,0,0,0,0,1,0,0,0,49,3,0,0,1,0,1,0,0,0,7,0,0,0,3,0,0,0
ควนขนุน,ทะเลน้อย,4,partylist,election_day,7.3838149,100.2598974,ศาลาประจำหมู่บ้านบ้านบนออก,377,355,18,4,0,0,0,2,2,0,0,0,0,30,1,131,8,0,0,0,0,1,0,0,0,0,0,0,139,1,1,2,1,0,0,1,1,0,0,0,2,1,0,17,2,1,0,0,0,2,0,2,1,6,0,0,0,0,0,0,0
ควนขนุน,ทะเลน้อย,5,partylist,election_day,7.3838149,100.2598974,ศาลาประจำหมู่บ้านบ้านปลายตรอก,508,476,29,3,0,1,0,0,0,0,0,1,0,58,1,202,4,0,1,1,0,1,3,0,0,2,0,0,110,0,2,1,2,1,0,1,1,0,0,0,1,0,0,56,9,2,0,1,0,0,0,1,1,8,0,2,0,2,0,0,0
ควนขนุน,ทะเลน้อย,6,partylist,election_day,7.814868300000001,100.1479182,ศาลาประจำหมู่บ้านบ้านโคกศักดิ์,296,278,15,3,0,2,0,0,0,0,1,0,0,21,0,138,2,0,1,0,0,2,2,0,0,0,0,0,64,1,0,1,4,0,2,1,0,0,0,0,2,1,0,24,3,3,0,0,0,1,0,0,0,2,0,0,0,0,0,0,0
ควนขนุน,ทะเลน้อย,7,partylist,election_day,7.876837900000001,100.0242995,ศูนย์ศิลปาชีพบ้านหัวป่าเขียว,337,315,17,5,0,1,0,0,0,0,0,0,0,27,1,173,8,0,0,0,0,2,1,0,0,0,0,0,64,0,2,1,1,0,0,1,0,0,0,0,3,0,1,22,0,0,0,2,0,0,0,0,1,2,0,0,1,1,0,0,0
ควนขนุน,ทะเลน้อย,8,partylist,election_day,7.814868300000001,100.1479182,ศาลาประจำหมู่บ้านบ้านโคกเมา,456,429,19,8,0,4,0,0,0,0,0,0,0,55,1,230,4,0,0,1,1,1,0,1,0,0,1,0,84,0,0,6,2,0,0,0,0,0,0,2,4,1,2,13,5,0,0,2,0,1,0,1,1,4,0,0,0,2,0,0,0
ควนขนุน,ทะเลน้อย,9,partylist,election_day,7.3838149,100.2598974,ศาลาประจำหมู่บ้านบ้านบนตก,408,382,19,7,0,5,0,0,2,0,1,1,1,49,0,164,1,0,1,0,0,2,0,0,0,0,0,0,99,0,1,2,1,0,1,0,0,0,0,1,0,0,4,22,7,1,0,0,0,1,1,2,0,6,0,3,0,2,0,1,0
ควนขนุน,ทะเลน้อย,10,partylist,election_day,7.3838149,100.2598974,ศาลาประจำหมู่บ้านบ้านบนกลาง,387,356,29,2,0,1,0,1,1,0,0,0,1,36,2,148,3,0,0,1,0,3,1,0,0,1,0,0,115,0,1,1,2,0,1,0,0,0,0,1,3,0,1,17,6,0,0,0,0,1,0,0,1,6,0,0,0,1,0,0,0
ควนขนุน,นาขยาด,1,partylist,election_day,7.679982700000001,99.9576849,ศาลาประจำหมู่บ้านบ้านศาลาต้นรักษ์,681,648,21,12,0,2,0,0,2,0,0,0,1,106,0,366,4,0,2,1,0,4,0,0,0,0,0,0,93,0,0,2,7,0,0,0,0,0,0,0,3,2,0,34,5,0,0,0,0,0,0,2,3,2,0,0,0,6,0,1,0
ควนขนุน,นาขยาด,2,partylist,election_day,7.670382399999999,99.9823069,ศาลาประจำหมู่บ้านบ้านพังดาน,656,619,22,15,0,1,1,0,2,0,1,1,1,78,0,377,9,1,0,0,0,4,0,1,0,0,0,0,76,0,0,1,10,0,1,0,0,0,0,0,3,2,2,23,6,1,0,0,1,0,0,0,1,10,0,0,0,5,0,0,0
ควนขนุน,นาขยาด,3,partylist,election_day,7.685908899999999,99.9794414,ศาลาประจำหมู่บ้านบ้านเกาะยาง,326,311,10,5,0,0,0,0,1,0,0,0,0,30,0,166,2,0,0,0,0,0,0,0,0,0,0,0,80,0,1,0,6,0,0,0,0,0,0,0,0,0,1,8,4,0,0,0,0,0,0,0,0,3,0,1,0,6,0,2,0
ควนขนุน,นาขยาด,4,partylist,election_day,7.679982700000001,99.9576849,ศาลาประจำหมู่บ้านบ้านหนองในวัง,380,359,13,8,0,2,0,0,0,0,1,0,0,41,0,207,4,0,1,0,0,1,0,0,0,0,0,0,75,0,1,2,4,0,0,0,0,0,0,1,1,0,1,12,2,0,0,1,0,0,0,0,0,1,0,1,0,0,0,0,0
ควนขนุน,นาขยาด,5,partylist,election_day,7.591457699999999,100.0019597,ศาลาประจำหมู่บ้านบ้านนาท่อม,471,438,20,13,0,2,0,0,1,0,1,0,0,72,1,221,3,0,2,0,0,3,0,1,0,0,0,0,69,1,0,5,6,0,0,0,0,0,0,0,2,1,0,31,7,0,0,0,0,1,1,0,1,3,0,1,0,1,1,0,0
ควนขนุน,นาขยาด,6,partylist,election_day,7.668115999999999,99.955747,ศาลาประจำหมู่บ้านบ้านขันหมู่,628,602,15,11,0,3,0,0,2,0,1,1,1,68,1,407,8,0,0,0,0,4,0,0,0,0,0,0,57,0,1,2,2,1,1,0,0,0,1,0,3,2,2,11,7,1,0,0,2,0,4,0,1,5,0,1,0,1,0,0,1
ควนขนุน,นาขยาด,7,partylist,election_day,7.6901421,99.9402381,ศาลาประจำหมู่บ้านบ้านสะพานข่อย,387,368,13,6,0,0,0,0,0,0,0,0,0,67,0,224,5,1,2,0,0,3,1,0,0,0,0,0,25,0,3,0,0,0,0,0,0,0,0,0,2,0,2,25,2,1,0,1,0,0,0,2,2,0,0,0,0,0,0,0,0
ควนขนุน,นาขยาด,8,partylist,election_day,7.707698400000001,99.9269198,ศาลาประจำหมู่บ้านบ้านโงกน้ำ,393,384,5,4,0,1,0,0,2,0,3,0,0,58,0,221,0,0,1,0,0,1,0,0,0,0,1,0,53,0,1,1,2,1,1,0,0,0,0,0,1,2,2,11,4,0,0,0,0,2,0,1,0,6,0,0,0,6,0,1,1
ควนขนุน,นาขยาด,9,partylist,election_day,7.679982700000001,99.9576849,ศาลาประจำหมู่บ้านบ้านทุ่งสำโรง,416,400,7,9,0,1,0,1,0,0,0,0,0,46,0,255,2,0,1,0,0,4,0,0,0,0,1,0,42,0,1,4,9,0,0,0,1,0,0,0,1,0,1,22,1,1,0,0,0,0,0,0,1,4,0,1,0,0,0,0,0
ควนขนุน,นาขยาด,10,partylist,election_day,7.679982700000001,99.9576849,ศาลาประจำหมู่บ้านบ้านโรงรม,366,347,13,6,0,1,1,0,1,0,0,0,1,55,0,188,3,0,0,0,0,0,0,1,0,0,0,0,39,0,1,1,2,0,1,0,0,0,0,1,5,0,2,26,8,0,0,1,0,2,0,0,2,4,0,1,0,0,0,0,0
ควนขนุน,นาขยาด,11,partylist,election_day,7.679982700000001,99.9576849,ศาลาประจำหมู่บ้านบ้านไสควายฟัน,404,388,6,10,0,1,0,0,1,0,0,0,2,52,0,260,1,0,0,0,0,4,0,0,0,0,1,0,36,0,0,1,2,0,0,0,1,0,0,0,1,0,1,13,2,0,0,0,0,1,1,0,0,5,0,1,1,0,0,0,0
ควนขนุน,นาขยาด,12,partylist,election_day,7.679982700000001,99.9576849,ศาลาประจำหมู่บ้านบ้านเขาวังทอง,456,436,15,5,0,0,0,0,1,0,4,0,0,76,0,239,3,0,0,1,0,2,0,0,0,0,0,0,75,0,2,0,6,0,0,1,0,0,0,0,2,0,0,10,4,0,0,0,0,0,1,1,1,6,0,0,0,0,0,0,1
ศรีนครินทร์,บ้านนา,1,partylist,election_day,7.586495599999999,99.8579768,ศาลาอเนกประสงค์ ร.ร.บ้านนาวง,619,576,33,10,0,0,0,0,1,0,6,0,1,75,0,306,4,0,1,2,0,8,0,0,0,1,0,0,82,1,0,4,2,4,1,1,0,0,0,0,4,1,1,35,15,1,0,1,0,0,0,2,1,8,0,0,0,7,0,0,0
ศรีนครินทร์,บ้านนา,2,partylist,election_day,7.55964,99.885151,ศาลาประจำหมู่บ้านบ้านลำใน,185,182,3,0,0,0,0,0,0,0,2,0,0,0,0,88,0,0,0,0,1,0,0,0,0,0,0,0,32,0,0,0,2,0,0,0,0,0,0,29,1,0,1,22,1,0,0,0,0,0,0,0,0,2,0,0,0,1,0,0,0
ศรีนครินทร์,บ้านนา,3,partylist,election_day,7.562269,99.9131441,ศาลาการเปรียญวัดบ้านนา,501,468,22,11,0,2,0,0,0,0,2,0,0,60,0,252,3,0,0,0,0,5,1,0,0,0,0,0,84,0,0,0,7,1,0,0,0,0,0,0,4,0,0,32,4,0,0,1,0,2,1,0,0,0,0,1,0,5,0,1,0
ศรีนครินทร์,บ้านนา,4,partylist,election_day,7.5640073,99.8794744,ศูนย์ส่งเสริมสุขภาพราษฎร,439,413,15,11,0,0,0,1,0,0,0,0,1,35,0,247,2,0,0,0,0,11,0,0,0,0,0,0,63,0,0,0,2,0,0,0,1,1,0,0,2,2,1,20,8,0,0,0,0,4,0,0,1,11,0,0,0,0,0,0,0
ศรีนครินทร์,บ้านนา,5,partylist,election_day,7.569812799999999,99.8929252,ศาลาประจำหมู่บ้านบ้านต้นไทร,314,288,17,9,1,0,0,0,0,0,0,0,0,44,1,135,3,0,0,0,0,3,0,0,0,0,0,0,65,0,0,1,5,0,0,1,0,1,0,0,0,0,1,15,1,1,0,0,0,0,0,0,2,3,0,0,0,4,0,1,0
ศรีนครินทร์,บ้านนา,6,partylist,election_day,7.5640073,99.8794744,ศาลาอเนกประสงค์บ้านตีนนา,433,414,18,1,0,0,0,0,0,0,2,0,1,48,1,210,3,0,0,0,0,2,0,1,0,0,0,0,109,0,1,1,3,0,0,0,0,0,0,1,3,2,0,20,3,0,0,0,0,0,0,0,0,3,0,0,0,0,0,0,0
ศรีนครินทร์,บ้านนา,7,partylist,election_day,7.5621172,99.8859108,ศาลาอเนกประสงค์บ้านหนองเหรียง,406,391,12,3,0,1,0,0,0,0,2,0,0,37,0,245,2,0,0,0,0,4,0,0,0,0,0,0,48,0,1,4,3,0,2,0,1,0,0,0,5,0,0,21,5,0,0,1,0,0,0,0,2,2,1,1,0,2,0,1,0
ศรีนครินทร์,บ้านนา,8,partylist,election_day,7.5640073,99.8794744,ศาลาประจำหมู่บ้านบ้านคอกเสือ,591,574,14,3,0,2,0,0,0,1,0,0,1,91,0,329,6,0,0,0,0,2,0,0,0,1,0,0,82,0,2,4,5,0,0,0,1,0,0,0,3,0,0,27,4,2,0,2,0,1,0,0,0,2,0,2,0,3,0,0,1
ศรีนครินทร์,บ้านนา,9,partylist,election_day,7.5640073,99.8794744,ศาลาประจำหมู่บ้านบ้านวงค์,329,309,9,11,0,1,0,1,0,0,1,0,0,68,0,99,3,0,0,0,0,5,0,0,1,0,0,1,37,0,1,0,2,0,0,0,0,0,0,0,3,0,0,76,4,0,0,2,0,0,0,0,1,2,0,0,0,0,0,1,0
ศรีนครินทร์,บ้านนา,10,partylist,election_day,7.5640073,99.8794744,ศาลาอเนกประสงค์บ้านป่าสน,341,327,12,2,0,0,0,0,0,0,0,0,0,40,0,215,4,0,2,0,0,3,0,0,0,0,0,0,23,0,1,1,2,0,0,0,0,0,0,0,1,0,2,24,1,2,0,0,0,1,1,0,1,1,0,1,0,0,0,1,0
ศรีนครินทร์,บ้านนา,11,partylist,election_day,7.576822099999999,99.8753746,ศาลาประจำหมู่บ้านบ้านน้ำใต้บ่อ,427,409,14,4,0,1,0,0,0,0,3,1,0,55,0,226,1,0,0,0,0,3,0,0,0,0,0,0,78,1,0,0,2,0,0,0,0,0,0,0,3,1,0,18,3,1,0,0,0,0,1,0,3,5,1,0,0,1,0,0,1
ศรีนครินทร์,บ้านนา,12,partylist,election_day,7.5640073,99.8794744,ที่ทำการกลุ่มแม่บ้านลำในใต้,387,361,21,5,0,1,0,0,0,0,1,1,0,43,0,229,3,0,1,0,0,2,0,0,0,0,0,1,36,0,0,2,3,1,0,0,0,0,0,0,2,0,3,18,5,0,2,1,0,0,0,0,1,3,0,0,0,2,0,0,0
ป่าพะยอม,บ้านพร้าว,1,partylist,election_day,7.814176799999999,99.9520961,เต๊นท์บริเวณตลาดใหม่ป่าพะยอม,438,419,7,12,1,2,0,0,0,0,1,0,0,109,0,213,3,0,0,0,0,3,0,2,0,0,0,0,45,0,4,0,3,0,0,0,0,0,0,0,1,0,0,23,3,1,0,1,0,0,0,0,0,0,0,0,0,4,0,0,0
ป่าพะยอม,บ้านพร้าว,2,partylist,election_day,7.8144408,99.9409196,ศาลาประจำหมู่บ้านบ้านพร้าว,392,368,11,13,0,0,1,0,1,0,3,0,0,65,0,197,3,0,0,0,0,0,0,0,0,0,0,0,51,0,0,0,8,1,0,0,2,0,0,0,1,1,1,10,5,1,0,0,0,1,0,0,2,4,0,0,0,5,0,0,0
ป่าพะยอม,บ้านพร้าว,3,partylist,election_day,7.7965689,99.92745370000002,ศาลาประจำหมู่บ้านบ้านตลิ่งชัน,506,481,18,7,0,0,0,0,1,0,0,0,0,79,1,264,4,0,1,0,0,3,0,0,0,0,1,0,63,0,0,5,10,0,0,0,0,0,0,0,2,0,2,18,6,4,0,0,3,2,0,1,0,5,1,0,0,3,0,2,0
ป่าพะยอม,บ้านพร้าว,4,partylist,election_day,7.830872999999999,99.930464,ศาลาประจำหมู่บ้านบ้านศาลาน้ำ,677,645,23,9,0,2,0,0,2,0,2,2,0,90,0,345,11,0,1,0,0,7,0,0,0,1,1,0,110,0,0,2,12,0,0,1,0,0,0,1,7,0,0,15,10,4,0,0,0,0,1,0,2,13,0,0,0,1,0,1,1
ป่าพะยอม,บ้านพร้าว,5,partylist,election_day,7.836562000000001,99.9709605,ศาลาประจำหมู่บ้านบ้านบ่อทราย,318,306,9,3,1,0,0,0,0,0,0,0,0,45,0,207,2,0,2,1,0,1,0,0,0,0,0,0,19,0,1,0,4,0,0,0,0,0,0,0,0,0,0,14,3,0,0,0,0,2,0,1,1,0,1,0,0,1,0,0,0
ป่าพะยอม,บ้านพร้าว,6,partylist,election_day,7.8144408,99.9409196,ศาลาประจำหมู่บ้านบ้านไสอ้อ,243,231,8,4,0,0,1,0,0,0,1,0,1,26,0,153,2,0,0,0,0,3,0,0,0,0,0,0,24,0,0,2,1,0,0,0,0,0,0,0,1,0,1,4,6,0,0,0,0,2,0,0,0,0,0,0,0,0,0,1,2
ป่าพะยอม,บ้านพร้าว,7,partylist,election_day,7.8144408,99.9409196,ศาลาประจำหมู่บ้านบ้านหาดสูง,628,603,13,12,0,2,0,0,0,0,3,0,1,81,1,346,7,0,0,0,0,5,0,1,0,2,0,0,79,0,1,0,10,2,0,0,0,0,0,0,3,1,2,34,6,1,0,0,0,0,1,0,2,10,1,0,0,1,0,0,0
ป่าพะยอม,บ้านพร้าว,8,partylist,election_day,7.8144408,99.9409196,ศาลาประจำหมู่บ้านบ้านไสกล้วย,373,360,13,0,0,0,0,1,0,0,1,0,0,46,1,217,6,0,0,0,1,1,1,0,0,0,1,0,54,0,0,1,2,0,0,0,0,0,0,0,1,0,3,7,7,0,0,0,0,0,0,1,0,8,0,0,0,0,0,0,0
ป่าพะยอม,บ้านพร้าว,9,partylist,election_day,7.7994581,99.9130875,ศาลาประจำหมู่บ้านบ้านหน้าป่า,687,657,22,8,0,0,0,0,2,0,1,5,2,69,0,420,10,0,1,0,0,3,0,0,0,0,0,0,94,1,0,2,5,0,0,1,0,1,0,0,1,1,3,11,8,4,0,0,1,0,1,0,0,6,0,2,0,2,0,0,0
ป่าพะยอม,บ้านพร้าว,10,partylist,election_day,7.8144408,99.9409196,ศาลาประจำหมู่บ้านบ้านไผ่รอบ,636,605,23,8,0,1,0,0,1,0,3,0,0,99,0,366,7,0,1,1,0,2,0,0,0,0,0,0,65,1,0,1,6,1,2,1,0,0,0,0,1,0,0,15,11,2,0,1,0,0,1,1,0,9,0,1,0,5,0,0,0
ป่าพะยอม,บ้านพร้าว,11,partylist,election_day,7.836562000000001,99.9709605,ศาลาประจำหมู่บ้านบ้านบ่อทรายใน,443,418,17,8,0,1,0,0,1,0,0,0,0,52,0,237,6,0,0,1,0,9,1,0,0,0,0,0,52,0,5,2,2,0,0,0,1,0,0,0,3,2,0,17,11,2,0,1,0,0,1,0,1,6,0,0,0,4,0,0,0
ควนขนุน,ปันแต,1,partylist,election_day,7.792807099999998,100.0611429,ศาลาประจำหมู่บ้านบ้านปลายคลอง,227,217,7,3,0,0,0,0,0,0,1,0,0,27,0,133,3,0,1,0,0,3,0,1,0,0,0,0,25,0,1,0,2,0,0,0,0,0,0,0,0,0,2,11,0,0,0,1,0,2,0,1,0,2,0,0,0,1,0,0,0
ควนขนุน,ปันแต,2,partylist,election_day,7.791803600000001,100.0351252,ศาลาประจำหมู่บ้านบ้านปันแต,129,126,2,1,0,0,0,0,0,0,0,0,0,15,1,77,0,0,0,0,0,0,0,0,0,0,0,0,8,1,2,0,1,0,0,0,0,0,0,0,0,0,0,19,1,0,0,0,0,0,0,0,0,1,0,0,0,0,0,0,0
ควนขนุน,ปันแต,3,partylist,election_day,7.804429099999999,100.0067757,ศาลาประจำหมู่บ้านบ้านสำนักกอ,493,483,5,5,0,0,0,0,0,0,2,0,0,62,0,317,5,0,2,0,0,3,0,0,0,0,0,0,57,0,0,2,3,0,0,0,0,2,0,0,1,0,0,16,3,1,0,1,0,0,0,0,1,3,0,2,0,0,0,0,0
ควนขนุน,ปันแต,4,partylist,election_day,7.804978500000001,100.0569463,ศาลาประจำหมู่บ้านบ้านปากสระ,251,240,9,2,0,0,0,0,1,0,2,0,0,16,0,141,1,0,1,0,0,1,0,0,0,0,0,0,59,0,0,0,5,0,0,0,0,0,0,0,0,0,1,8,2,0,0,0,0,0,0,0,0,2,0,0,0,0,0,0,0
ควนขนุน,ปันแต,5,partylist,election_day,7.8043368,100.0275755,ศาลาประจำหมู่บ้านบ้านควนปันแต,490,467,13,10,0,0,0,0,0,0,2,0,0,47,2,283,5,0,1,0,0,4,1,1,0,0,0,0,80,1,1,1,4,0,1,0,0,0,0,0,3,0,3,18,2,1,0,0,0,0,0,0,0,4,0,1,0,0,0,1,0
ควนขนุน,ปันแต,6,partylist,election_day,7.7882409,100.0275755,ศาลาประจำหมู่บ้านบ้านในไร่,498,477,15,6,1,0,0,0,0,0,0,0,1,59,1,267,5,0,0,0,0,6,0,0,0,1,2,0,79,0,0,1,6,0,0,0,0,0,0,0,2,0,1,25,7,1,0,1,1,0,1,0,1,7,0,0,0,1,0,0,0
ควนขนุน,ปันแต,7,partylist,election_day,7.7850935,100.0471549,ศาลาประจำหมู่บ้านบ้านโพธิ์,200,195,3,2,0,1,0,0,0,0,2,0,0,23,0,104,2,0,0,1,0,2,0,0,0,0,0,0,45,0,0,0,2,0,0,0,0,0,0,0,0,0,0,5,1,1,0,0,0,1,0,0,1,2,0,0,0,2,0,0,0
ควนขนุน,ปันแต,8,partylist,election_day,7.782078799999999,100.0611429,ศาลาประจำหมู่บ้านบ้านสุนทราออก,171,168,3,0,0,1,0,0,2,0,1,0,0,16,0,115,3,0,1,0,0,2,1,0,0,0,0,0,17,1,0,0,1,0,0,0,0,0,0,0,0,1,0,4,0,0,0,0,0,1,0,0,0,1,0,0,0,0,0,0,0
ควนขนุน,ปันแต,9,partylist,election_day,7.782478,100.0443576,ศาลาประจำหมู่บ้านบ้านสุนทราตก,349,342,5,2,0,0,0,0,0,0,1,0,0,38,0,221,4,0,1,1,0,3,0,0,0,0,0,0,44,0,0,0,2,0,0,0,0,0,0,0,0,0,1,17,1,1,0,0,1,0,2,0,0,1,0,0,1,2,0,0,0
ควนขนุน,ปันแต,10,partylist,election_day,7.7735798,100.0289689,สถานปฏิบัติธรรมบ้านไสหลวง,353,338,10,5,0,0,0,0,0,0,3,0,1,46,0,153,5,0,0,0,0,5,0,0,0,1,1,0,63,0,0,0,0,0,0,0,1,0,0,0,0,0,1,40,4,3,0,0,0,0,0,0,0,9,0,1,0,1,0,0,0
ควนขนุน,ปันแต,11,partylist,election_day,7.734939400000001,100.0100936,ศาลาประจำหมู่บ้านบ้านทุ่งลาน,384,358,23,3,0,0,0,1,0,0,1,0,0,32,0,212,1,0,0,0,0,5,0,0,0,0,1,0,45,0,0,4,1,1,0,2,0,1,0,0,0,0,0,30,8,2,0,1,0,0,1,1,2,3,0,0,0,3,0,0,0
ควนขนุน,ปันแต,12,partylist,election_day,7.791652699999999,99.9968167,ศาลาประจำหมู่บ้านบ้านหารเจ,336,328,4,4,0,0,0,0,2,0,1,0,0,45,0,192,2,0,0,0,0,0,0,0,0,0,0,0,47,0,0,0,5,1,0,1,0,0,0,0,0,2,1,22,4,0,0,0,0,1,0,0,1,1,0,0,0,0,0,0,0
ควนขนุน,ปันแต,13,partylist,election_day,7.762721,100.0576457,ศาลาประจำหมู่บ้านบ้านเขากลาง,188,180,8,0,0,0,0,0,0,0,0,0,0,12,0,102,1,0,0,0,0,1,0,0,0,0,0,0,43,1,0,1,7,0,0,0,0,0,0,0,0,0,0,8,2,0,1,0,0,0,0,0,0,1,0,0,0,0,0,0,0
ป่าพะยอม,ป่าพะยอม,1,partylist,election_day,7.8521588,99.9353318,ศาลาประจำหมู่บ้านบ้านสังแกระ,453,432,16,5,0,0,0,1,1,0,1,0,1,43,0,291,5,0,1,0,0,4,0,0,0,0,0,0,51,0,1,1,7,0,0,0,0,0,0,0,1,1,2,8,0,0,0,1,0,0,1,0,2,5,0,2,0,1,0,0,0
ป่าพะยอม,ป่าพะยอม,2,partylist,election_day,7.7542239,99.8194682,ศาลาประจำหมู่บ้านบ้านป่าพะยอม,337,318,11,8,2,0,0,0,0,0,1,0,0,35,3,176,3,0,0,0,0,1,0,1,0,0,0,0,53,0,0,2,20,0,0,0,0,0,0,0,1,1,0,7,5,2,0,0,0,0,0,0,1,3,0,0,0,1,0,0,0
ป่าพะยอม,ป่าพะยอม,3,partylist,election_day,7.841230299999999,99.9385037,โรงเรียนอนุบาลป่าพะยอม,357,342,11,4,0,0,0,1,0,0,0,0,0,38,5,172,7,0,0,0,0,0,0,1,0,0,0,0,59,0,0,2,31,0,0,0,0,0,0,0,0,0,1,10,7,2,0,0,0,0,0,1,0,2,0,0,0,3,0,0,0
ป่าพะยอม,ป่าพะยอม,4,partylist,election_day,7.8521588,99.9353318,ศาลาประจำหมู่บ้านบ้านทุง,511,486,14,11,2,0,0,0,2,0,3,0,0,66,3,282,7,0,1,0,0,0,0,0,0,0,0,1,55,0,0,1,10,0,1,0,0,0,0,0,2,0,0,11,13,3,0,0,0,3,0,2,3,8,0,2,0,3,0,2,0
ป่าพะยอม,ป่าพะยอม,5,partylist,election_day,7.851793,99.964334,ศาลาประจำหมู่บ้านบ้านประดู่หอม,397,389,7,1,1,0,0,0,0,0,1,0,1,45,0,253,5,0,2,1,0,4,0,0,0,0,0,0,40,0,1,0,7,0,0,0,1,0,0,0,3,0,6,7,5,0,0,0,0,0,0,0,1,4,0,0,0,1,0,0,0
ป่าพะยอม,ป่าพะยอม,6,partylist,election_day,7.838677,99.863101,ศาลาประจำหมู่บ้านบ้านนาทราย,531,499,12,20,0,0,0,0,0,0,4,2,0,64,0,336,3,0,1,0,0,3,1,0,0,0,0,0,37,0,1,1,9,1,1,0,0,1,0,0,0,0,1,11,3,1,0,2,0,1,0,2,1,6,0,2,0,4,0,0,0
ป่าพะยอม,ป่าพะยอม,7,partylist,election_day,7.8521588,99.9353318,ศาลาประจำหมู่บ้านบ้านโคกกอ,498,478,13,7,3,1,0,0,0,0,0,0,0,59,0,310,5,0,2,0,0,6,1,0,0,0,1,0,55,1,2,0,2,0,1,0,1,0,0,1,3,0,0,13,4,2,0,0,0,0,0,0,0,4,0,0,1,0,0,0,0
ป่าพะยอม,ป่าพะยอม,8,partylist,election_day,7.8654527,99.959434,ศาลาประจำหมู่บ้านบ้านไสกุน,571,557,7,7,0,0,0,1,0,0,3,0,0,57,1,370,5,0,0,0,0,2,0,0,0,0,0,0,54,1,0,3,2,0,0,1,1,0,0,0,5,0,3,24,6,1,0,3,0,0,0,0,2,10,0,0,0,1,0,1,0
ควนขนุน,พนมวังก์,1,partylist,election_day,7.6738819,100.0809748,ศาลาอเนกประสงค์บ้านเขานม (อบต.หลังเก่า),400,393,4,3,0,2,1,0,0,0,1,1,0,58,0,234,5,0,0,0,0,2,0,1,0,1,0,0,45,0,3,0,4,1,0,0,0,0,0,0,5,0,1,19,2,0,0,0,0,1,0,0,4,1,0,0,0,1,0,0,0
ควนขนุน,พนมวังก์,2,partylist,election_day,7.6920875,100.0469114,ศาลาประจำหมู่บ้านบ้านระหว่างควน,631,596,23,12,0,0,0,0,1,0,1,0,0,72,0,351,3,0,3,0,0,2,1,2,0,0,0,1,98,1,1,3,5,1,0,0,1,0,0,0,4,0,0,22,2,2,0,0,0,1,0,0,2,10,0,2,0,3,1,0,0
ควนขนุน,พนมวังก์,3,partylist,election_day,7.681553500000001,100.0052044,ศาลาประจำหมู่บ้านบ้านควนปริง,574,545,17,12,0,1,0,0,0,0,0,0,0,92,0,288,3,0,0,0,0,5,1,0,0,2,0,0,96,0,0,1,6,0,0,0,0,0,0,1,0,0,0,16,8,2,0,1,2,0,1,2,1,7,0,3,0,5,0,1,0
ควนขนุน,พนมวังก์,4,partylist,election_day,7.653512500000001,100.0357031,โรงเรียนทุ่งยางเปล,530,502,20,8,0,0,0,0,0,0,4,1,1,63,0,233,6,0,1,2,0,7,1,0,0,0,0,0,134,0,0,2,7,0,1,0,0,0,0,1,3,1,1,13,5,1,0,0,0,0,0,0,0,4,0,0,0,8,0,1,1
ควนขนุน,พนมวังก์,5,partylist,election_day,7.3838149,100.2598974,ศาลาประจำหมู่บ้านบ้านพนมวังก์,398,371,19,8,0,1,0,0,1,0,1,0,1,39,0,187,4,0,2,0,0,6,2,0,0,0,0,0,43,0,0,1,11,0,0,0,2,0,0,0,0,0,0,53,2,4,0,0,0,3,0,0,0,3,0,2,3,0,0,0,0
ควนขนุน,พนมวังก์,6,partylist,election_day,7.6731922,100.0191857,ศาลาประจำหมู่บ้านบ้านทุ่งขึงหนัง,628,596,23,9,0,5,0,0,0,0,2,0,1,72,0,200,4,0,1,0,1,3,0,1,0,0,0,0,216,0,0,1,5,1,0,0,0,0,0,0,2,0,0,55,4,3,1,1,0,0,1,1,2,8,0,0,0,5,0,0,0
ควนขนุน,พนมวังก์,7,partylist,election_day,7.688851199999999,100.0064228,ศาลาประจำหมู่บ้านบ้านไสยวน,516,492,14,10,0,0,0,0,0,0,1,0,0,62,0,308,4,0,2,0,0,3,1,0,0,0,1,0,67,0,0,2,4,0,0,0,0,0,0,0,1,0,3,18,4,1,0,1,0,2,0,0,0,6,0,0,0,1,0,0,0
ควนขนุน,พนมวังก์,8,partylist,election_day,7.697101200000001,100.0275755,ศาลาประจำหมู่บ้านบ้านเกาะอ้ายเฒ่า,551,523,23,5,0,1,0,1,0,0,0,0,0,61,0,316,3,0,0,0,0,4,0,0,0,1,0,0,67,0,1,2,8,0,0,0,0,0,0,0,3,1,5,28,5,3,0,0,0,1,1,1,1,4,0,3,0,2,0,0,0
ควนขนุน,พนางตุง,1,partylist,election_day,7.7777536,100.1167953,ศาลาประจำหมู่บ้านบ้านทะเลน้อย,412,384,18,10,0,0,0,1,0,0,1,1,0,50,1,104,6,0,0,1,0,5,0,0,0,0,0,0,122,0,0,2,5,0,1,0,0,0,0,0,4,0,0,63,9,2,0,1,0,0,0,1,0,3,0,0,0,0,0,0,1
ควนขนุน,พนางตุง,2,partylist,election_day,7.7777536,100.1167953,ศาลาประจำหมู่บ้าน หมู่ที่ 2 บ้านทะเลน้อย,352,326,22,4,0,1,0,0,2,0,0,0,1,47,0,94,0,0,0,0,0,2,0,0,0,0,0,0,110,0,0,0,2,1,0,0,0,0,0,0,2,1,0,48,6,1,0,1,0,0,0,3,1,2,1,0,0,0,0,0,0
ควนขนุน,พนางตุง,3,partylist,election_day,7.777721799999999,100.1033782,โรงเรียนควนพนางตุง,650,629,14,7,0,0,0,0,1,0,3,0,0,111,0,271,11,0,0,0,0,1,0,0,0,0,0,0,143,2,1,1,3,0,0,0,0,0,0,0,4,0,2,48,7,2,0,1,0,2,0,3,0,3,0,2,0,6,0,1,0
ควนขนุน,พนางตุง,4,partylist,election_day,7.7346142,100.1285201,ศาลาประจำหมู่บ้านบ้านชายคลอง,367,356,7,4,0,0,0,0,0,0,0,0,0,26,1,221,3,0,1,0,0,1,0,0,0,0,0,0,62,0,1,1,1,0,0,0,1,0,0,3,5,0,0,19,5,1,0,0,0,0,0,0,2,2,0,0,0,0,0,0,0
ควนขนุน,พนางตุง,5,partylist,election_day,7.7462876,100.1069393,ศาลาประจำหมู่บ้านบ้านท่าช้าง,659,634,19,6,0,3,0,0,0,0,3,0,3,77,0,308,6,0,0,1,0,6,1,1,0,4,0,0,131,0,1,2,8,0,1,0,2,0,0,0,11,0,1,32,13,2,0,0,0,0,1,0,2,6,0,0,0,7,0,0,1
ควนขนุน,พนางตุง,6,partylist,election_day,7.7615069,100.1367166,ศาลาประจำหมู่บ้านบ้านไสคลิ้ง,680,655,19,6,1,2,0,0,0,0,4,0,0,52,1,325,4,0,0,0,0,5,1,1,0,1,1,1,182,0,0,2,2,1,0,1,0,0,1,0,2,2,1,34,6,1,0,0,0,2,0,0,4,12,0,0,1,2,0,0,0
ควนขนุน,พนางตุง,7,partylist,election_day,7.767323999999999,100.08837,ศาลาประจำหมู่บ้านบ้านค่าย,483,455,25,3,1,0,0,1,1,0,1,0,0,41,0,209,5,0,1,0,0,4,0,0,0,0,0,0,148,0,0,2,3,0,1,0,0,0,0,0,2,1,1,5,7,0,0,1,0,1,0,0,1,13,2,1,0,2,0,0,0
ควนขนุน,พนางตุง,8,partylist,election_day,7.7801171,100.0898175,ที่ทำการกำนันตำบลพนางตุง,726,682,38,6,0,2,0,0,1,0,3,0,3,72,1,388,7,0,1,1,0,15,2,0,0,0,0,0,89,1,0,2,9,1,0,1,0,0,1,0,7,2,2,33,9,1,0,1,0,2,1,0,3,17,0,1,0,2,0,0,1
ควนขนุน,พนางตุง,9,partylist,election_day,7.734145599999999,100.0256023,ศาลาประจำหมู่บ้านบ้านปากคลองเก่า,166,160,3,3,0,0,0,0,0,0,0,0,0,24,0,76,2,0,0,0,0,1,0,0,0,0,0,0,36,0,0,0,4,0,0,0,0,0,0,0,0,0,1,10,2,0,0,0,0,0,0,0,0,2,0,2,0,0,0,0,0
ควนขนุน,พนางตุง,10,partylist,election_day,7.789683200000001,100.0953331,โรงเรียนบ้านธรรมเถียร,632,592,31,9,0,3,1,0,0,0,3,0,0,60,1,338,10,0,0,0,0,3,1,2,0,0,0,1,102,0,0,0,7,1,1,0,0,0,0,0,5,0,4,28,0,0,0,2,0,1,0,1,0,4,0,0,0,0,0,0,2
ควนขนุน,พนางตุง,11,partylist,election_day,7.7781796,100.118286,ศาลาประจำหมู่บ้านบ้านไทรงาม,338,324,8,6,0,0,1,1,0,0,2,0,1,22,0,188,3,0,1,0,0,1,0,0,0,0,1,0,84,0,0,0,4,0,0,1,0,0,0,0,0,0,0,9,0,1,0,0,0,0,1,0,0,2,0,0,0,1,0,0,0
ควนขนุน,พนางตุง,12,partylist,election_day,7.7615069,100.1367166,ศาลาเฉลิมพระเกียรติบ้านปากห้วย,548,515,27,6,0,0,1,1,0,0,1,0,2,54,1,243,6,0,0,0,0,1,0,0,0,0,0,1,136,0,1,2,1,3,0,1,0,0,0,0,5,0,2,28,8,0,0,1,0,2,0,0,0,10,0,2,0,2,0,0,0
ควนขนุน,พนางตุง,13,partylist,election_day,7.7615069,100.1367166,ศาลาเอนกประสงค์ หมู่ที่ 13,510,466,34,10,0,0,0,0,1,0,1,0,0,89,1,161,1,1,0,0,0,4,0,0,0,1,1,0,110,0,2,0,4,0,0,1,0,0,0,0,3,0,0,63,7,1,0,0,0,0,1,1,0,6,0,0,0,6,0,0,0
ควนขนุน,มะกอกเหนือ(เทศบาล),1,partylist,election_day,7.7391571,100.0863987,วัดประดู่เรียง,400,392,6,2,0,0,0,0,0,0,0,0,0,54,0,217,1,0,0,0,0,3,0,1,0,0,0,0,89,0,1,2,2,0,0,0,0,0,0,1,0,0,0,13,1,0,0,0,0,0,0,0,0,5,0,1,0,0,0,1,0
ควนขนุน,มะกอกเหนือ(เทศบาล),2,partylist,election_day,7.7416636,100.0695367,อาคารศูนย์ออกกำลังกาย (Fitness) ทต.มะกอกเหนือ,307,296,4,7,0,1,0,1,0,0,3,0,0,33,1,154,0,0,0,0,1,1,0,1,0,0,0,0,69,1,0,0,1,0,0,0,0,0,0,0,1,0,1,13,2,0,0,0,0,0,0,1,0,4,0,1,0,6,0,0,0
ควนขนุน,มะกอกเหนือ(เทศบาล),3,partylist,election_day,7.736405899999999,100.0686586,อาคารอเนกประสงค์(ข้างศูนย์พัฒนาเด็กเล็กบ้านปากคลอง),374,366,3,5,0,0,0,0,1,0,1,0,0,65,0,181,2,0,0,0,0,0,0,0,0,0,0,0,69,0,1,1,6,1,0,0,1,0,0,1,4,0,0,15,5,1,0,1,0,0,1,0,2,2,0,0,0,5,0,0,0
ควนขนุน,มะกอกเหนือ(เทศบาล),4,partylist,election_day,7.7416636,100.0695367,ศาลาเฉลิมพระเกียรติ ร.9,229,226,3,0,0,0,0,0,1,0,0,0,0,29,0,122,3,0,0,0,0,0,0,1,0,0,0,0,44,0,2,0,0,0,0,0,0,0,0,0,3,1,0,11,4,0,0,0,0,0,0,0,1,1,0,0,0,3,0,0,0
ควนขนุน,มะกอกเหนือ,1,partylist,election_day,7.7409914,100.0858852,โรงอาหารโรงเรียนประดู่เรียง,478,458,11,9,0,1,0,1,2,0,2,0,0,64,0,247,3,0,2,1,0,2,0,1,0,1,0,0,82,2,0,1,6,0,0,1,2,0,0,1,4,0,0,14,5,1,0,0,0,0,0,2,1,7,0,0,0,2,0,0,0
ควนขนุน,มะกอกเหนือ,2,partylist,election_day,7.739052,100.0712741,ศาลาประจำหมู่บ้านบ้านปากคลองเก่า,93,90,1,2,0,0,0,0,0,0,0,0,0,15,0,36,1,0,1,0,0,0,0,0,0,0,0,0,27,0,0,1,0,1,0,0,0,0,0,0,1,0,1,3,0,0,0,0,0,0,0,0,0,2,0,0,0,1,0,0,0
ควนขนุน,มะกอกเหนือ,3,partylist,election_day,7.7544444,100.0663889,ศาลาประจำหมู่บ้านบ้านเขาอ้อ,113,108,1,4,0,0,0,0,0,0,1,0,1,11,0,60,0,0,0,0,0,0,0,0,0,0,0,0,21,0,0,0,2,0,0,0,0,0,0,0,0,0,0,5,6,0,0,0,0,0,0,0,0,1,0,0,0,0,0,0,0
ควนขนุน,มะกอกเหนือ,4,partylist,election_day,7.7416636,100.0695367,ศาลาประจำหมู่บ้านบ้านค่ายเสือ,259,249,2,8,0,1,0,0,1,0,3,0,0,40,0,102,2,0,0,0,0,2,0,0,0,0,0,0,58,0,0,0,3,0,0,0,0,0,0,0,0,0,1,26,2,0,0,0,3,0,0,0,2,2,0,0,0,0,0,1,0
ควนขนุน,มะกอกเหนือ,5,partylist,election_day,7.7416636,100.0695367,ศาลาประจำหมู่บ้านบ้านนาสวน,461,440,11,10,0,1,0,0,1,1,1,0,0,55,0,257,3,0,1,2,0,3,0,1,0,0,0,0,53,0,2,1,9,0,1,0,0,0,0,0,0,0,0,36,1,1,0,0,0,0,0,0,1,7,1,0,0,1,0,0,0
ควนขนุน,มะกอกเหนือ,6,partylist,election_day,7.734133699999999,100.0518935,ศาลาเอนกประสงค์โรงเรียนวัดบ้านสวน,477,463,9,5,0,0,0,0,1,0,1,0,0,54,0,234,4,0,0,0,1,6,0,0,0,0,0,0,63,0,1,2,9,0,0,0,0,0,0,0,4,1,0,59,3,4,0,0,0,0,0,1,1,6,0,1,0,5,0,1,1
ควนขนุน,มะกอกเหนือ,7,partylist,election_day,7.7335541,100.051063,ศาลาการเปรียญวัดบ้านสวน,485,466,8,11,0,1,0,0,1,0,2,0,0,73,1,233,3,0,1,0,0,1,0,0,0,0,0,0,74,0,1,0,6,0,0,0,0,0,0,0,5,0,0,48,5,0,0,1,1,1,0,1,1,1,0,1,0,3,0,1,0
ควนขนุน,มะกอกเหนือ,8,partylist,election_day,7.713126,100.086706,วัดมะกอกเหนือ,420,405,10,5,0,2,0,1,0,0,1,0,0,39,0,189,0,0,0,0,0,4,1,0,0,0,0,1,100,1,0,2,3,0,0,0,1,0,0,0,4,0,0,42,5,0,0,0,0,0,1,1,0,5,0,0,0,2,0,0,0
ควนขนุน,มะกอกเหนือ,9,partylist,election_day,7.755263100000001,100.0397776,ศาลาประจำหมู่บ้านบ้านดอนศาลา,413,399,9,5,0,1,0,0,0,0,0,0,3,38,0,200,2,1,2,0,0,2,1,0,0,0,0,0,85,0,0,1,11,0,0,0,0,0,0,1,2,1,0,29,12,0,0,1,0,0,0,1,0,3,0,0,0,1,0,0,1
ควนขนุน,มะกอกเหนือ,10,partylist,election_day,7.7416636,100.0695367,ที่อ่านหนังสือประจำหมู่บ้านบ้านไสเลียบ,162,153,6,3,0,1,0,0,0,0,1,0,1,26,0,65,5,0,0,0,0,1,0,0,0,0,0,0,18,0,1,2,5,2,0,0,0,0,0,0,0,0,1,17,2,1,0,0,0,0,0,0,1,2,0,0,0,0,0,1,0
ป่าพะยอม,ลานข่อย,1,partylist,election_day,7.8872993,99.8553365,ศาลาประจำหมู่บ้านบ้านลานข่อย,328,311,14,3,0,0,0,0,0,0,1,0,0,51,0,177,2,0,2,0,0,5,0,0,0,0,0,0,35,2,0,0,5,0,0,0,0,0,0,0,0,0,2,17,5,0,1,0,0,0,1,0,1,3,0,0,0,1,0,0,0
ป่าพะยอม,ลานข่อย,2,partylist,election_day,7.8875764,99.87482,ศาลาการเปรียญวัดลานข่อย,438,422,9,7,0,2,0,0,4,0,2,0,0,58,1,237,5,0,0,0,0,7,0,0,0,0,1,0,58,5,2,2,4,0,0,1,0,0,0,2,2,0,2,20,2,0,0,0,0,2,0,0,0,2,0,1,0,0,0,0,0
ป่าพะยอม,ลานข่อย,3,partylist,election_day,7.8553141,99.8013351,ศาลาประจำหมู่บ้านบ้านห้วยหลุด,361,347,11,3,0,0,0,0,0,0,2,0,0,44,0,187,3,0,1,0,0,5,0,0,0,1,0,1,76,1,2,0,1,0,0,1,0,0,0,0,0,1,0,11,1,0,0,0,0,0,0,0,1,5,0,1,0,1,0,0,1
ป่าพะยอม,ลานข่อย,4,partylist,election_day,7.8808168,99.8327582,ศาลาประจำหมู่บ้านบ้านทุ่งชุมพล,355,341,10,4,0,0,0,0,0,0,2,0,0,29,0,212,1,0,0,0,0,1,0,0,0,0,0,0,44,0,0,0,3,0,0,0,0,0,0,0,1,1,0,32,6,0,0,0,0,0,1,0,0,5,0,1,0,2,0,0,0
ป่าพะยอม,ลานข่อย,5,partylist,election_day,7.821256099999999,99.8794744,ศาลาประจำหมู่บ้านบ้านห้วยเรียน,365,350,13,2,0,0,0,1,1,0,0,0,1,32,1,238,3,0,0,0,0,7,0,1,0,0,1,0,30,0,1,2,5,0,1,0,1,0,0,0,3,1,2,13,2,0,0,0,0,0,1,0,0,1,0,1,0,0,0,0,0
ป่าพะยอม,ลานข่อย,6,partylist,election_day,7.852371,99.797831,ศาลาประจำหมู่บ้านบ้านถ้ำลา,364,356,6,2,0,0,0,0,0,0,3,0,0,39,0,226,2,0,1,0,0,1,0,0,0,0,0,1,36,0,1,1,4,0,1,0,0,0,0,0,0,1,2,19,10,0,0,0,0,0,2,0,0,2,0,3,0,0,0,1,0
ป่าพะยอม,ลานข่อย,7,partylist,election_day,7.8553141,99.8013351,ศาลาประจำหมู่บ้านบ้านมาดนั่ง,628,600,22,6,0,3,0,0,3,0,2,0,1,66,0,394,11,0,0,0,0,9,0,0,0,2,0,0,46,0,0,1,3,0,1,1,0,0,0,0,4,0,3,29,5,0,0,1,1,1,0,0,1,6,0,1,0,2,1,1,1
ป่าพะยอม,ลานข่อย,8,partylist,election_day,7.8684401,99.902977,ศาลาประจำหมู่บ้านบ้านห้วยศรีเกษร,361,349,7,5,0,0,2,0,3,0,1,1,0,32,1,223,1,0,2,0,0,5,0,0,0,0,0,0,38,0,0,0,3,1,0,0,0,0,0,0,4,0,2,20,3,2,0,0,0,0,0,0,0,1,0,1,0,2,0,1,0
ป่าพะยอม,ลานข่อย,9,partylist,election_day,7.8553141,99.8013351,ศาลาประจำหมู่บ้านบ้านห้วยรำพึง,513,488,17,8,0,2,0,0,2,0,0,0,0,80,2,291,3,0,0,0,0,4,1,0,0,1,0,1,54,1,0,3,2,1,0,1,0,0,0,0,0,3,1,19,4,0,0,0,0,1,0,2,0,9,0,0,0,0,0,0,0
ป่าพะยอม,ลานข่อย,10,partylist,election_day,7.8553141,99.8013351,ศาลาประจำหมู่บ้านบ้านควนยาว,507,489,11,7,0,2,0,0,1,0,3,0,0,66,0,282,8,0,1,0,0,3,1,0,0,0,0,0,74,0,0,1,4,0,1,0,0,0,0,0,7,1,0,10,7,1,0,0,1,0,0,1,0,10,0,0,0,3,0,0,1
ป่าพะยอม,ลานข่อย,11,partylist,election_day,,,,342,336,6,0,0,0,0,0,0,0,1,0,1,45,0,219,6,0,0,0,0,2,0,0,0,0,0,0,28,1,0,2,1,1,1,1,3,0,0,0,0,0,0,16,1,1,0,0,0,0,0,0,1,3,0,1,0,1,0,0,0
ป่าพะยอม,ลานข่อย,12,partylist,election_day,,,,595,572,13,10,0,0,0,1,1,0,3,0,0,46,1,375,7,0,0,0,0,10,0,0,0,1,0,0,32,0,0,2,3,0,0,0,0,0,0,1,5,1,1,57,9,1,0,0,0,2,1,0,1,9,0,1,0,1,0,0,0
ศรีนครินทร์,ลำสินธ์ุ,1,partylist,election_day,7.565728799999999,99.9318053,ศาลาประจำหมู่บ้านบ้านคลองหมวย,561,533,11,17,0,2,0,1,1,0,0,0,0,97,0,252,6,0,2,1,0,6,0,0,0,0,0,0,52,0,0,2,9,0,0,1,0,0,0,0,6,0,0,75,4,1,0,2,2,0,1,4,2,3,0,0,0,0,0,0,1
ศรีนครินทร์,ลำสินธ์ุ,2,partylist,election_day,7.5045591,99.9073986,ศาลาประจำหมู่บ้านบ้านสวนหมาก,399,380,15,4,0,0,0,0,1,0,1,0,0,55,0,202,2,0,0,0,0,6,0,0,0,0,0,0,60,0,2,1,5,0,1,0,1,1,0,1,1,0,0,28,5,1,0,0,0,1,0,0,0,5,0,0,0,0,0,0,0
ศรีนครินทร์,ลำสินธ์ุ,3,partylist,election_day,7.533063,99.937284,ศาลาประจำหมู่บ้านบ้านลำสินธุ์,536,508,28,0,1,0,0,0,5,0,0,0,0,95,0,271,6,0,1,0,0,4,0,0,0,0,0,0,38,0,1,1,1,0,0,0,0,0,0,0,5,0,0,59,3,1,0,0,0,0,0,0,2,10,0,2,0,1,0,1,0
ศรีนครินทร์,ลำสินธ์ุ,4,partylist,election_day,7.5045591,99.9073986,ศาลาประจำหมู่บ้านบ้านห้วยทำผัง,221,209,10,2,0,0,0,0,0,0,0,0,0,26,0,101,3,0,0,0,1,4,0,0,0,0,2,0,27,0,1,0,3,0,0,0,1,0,0,0,1,0,0,31,0,3,0,0,0,1,0,0,1,3,0,0,0,0,0,0,0
ศรีนครินทร์,ลำสินธ์ุ,5,partylist,election_day,7.507218399999999,99.9070129,ศาลาประจำหมู่บ้านบ้านโหล๊ะไฟ,417,401,14,2,0,2,0,0,1,0,1,0,0,29,0,271,4,0,1,0,0,9,0,1,0,0,0,0,38,0,0,1,5,1,1,0,0,0,0,0,3,1,1,17,2,1,0,0,1,0,0,1,3,3,0,2,0,1,0,0,0
ศรีนครินทร์,ลำสินธ์ุ,6,partylist,election_day,7.501031,99.9085119,ศาลาประจำหมู่บ้านบ้านโตน,591,567,19,5,0,1,1,0,0,0,2,0,0,59,0,388,3,0,1,0,0,7,1,1,1,1,0,0,39,0,2,1,3,0,1,0,0,0,0,0,2,0,2,30,9,1,0,0,0,0,0,1,2,8,0,0,0,0,0,0,0
ศรีนครินทร์,ลำสินธ์ุ,7,partylist,election_day,7.508669999999999,99.921707,ศาลาประจำหมู่บ้านบ้านขาม,604,567,33,4,0,0,0,0,6,0,0,0,0,32,0,389,5,1,0,0,0,9,0,1,2,1,0,0,52,0,1,2,1,1,0,0,0,0,0,0,6,0,3,23,4,1,0,3,0,2,1,0,4,13,0,2,0,1,1,0,0
ศรีนครินทร์,ลำสินธ์ุ,8,partylist,election_day,7.533063,99.937284,ศาลาประจำหมู่บ้านบ้านลำสินธุ์เหนือ,563,535,17,11,0,1,0,0,1,1,1,0,1,86,0,294,7,0,1,0,0,6,0,0,0,0,0,0,49,0,2,4,5,2,0,1,0,0,0,0,2,3,0,47,3,1,1,0,0,1,0,0,0,4,0,0,0,8,1,2,0
ศรีนครินทร์,ลำสินธ์ุ,9,partylist,election_day,7.5045591,99.9073986,ศาลาประจำหมู่บ้านบ้านโหล๊ะอม,233,214,19,0,0,2,0,0,1,0,0,0,0,37,0,97,4,0,2,0,0,5,0,0,0,0,0,0,30,0,0,1,3,0,1,0,0,0,0,1,1,0,1,22,3,0,0,0,0,0,0,0,0,1,0,0,0,2,0,0,0
กงหรา2,สมหวัง,1,partylist,election_day,7.5077431,100.0024084,ศาลาประจำหมู่บ้านบ้านคลองลำ,316,301,9,6,0,6,0,1,2,0,0,0,0,41,0,189,3,0,1,0,0,2,0,0,0,0,0,0,32,0,1,0,1,0,0,0,0,0,0,0,5,0,3,6,3,0,0,0,0,1,0,0,0,0,0,0,0,2,0,2,0
กงหรา2,สมหวัง,2,partylist,election_day,7.5077431,100.0024084,ศาลาประชาร่วมใจ (ช่องเตย),665,631,23,11,0,1,0,0,2,0,2,1,2,67,0,446,4,0,0,0,0,4,0,0,0,0,0,0,47,0,0,3,6,0,0,0,1,0,0,0,4,0,2,19,8,0,0,1,1,1,1,1,2,3,0,0,0,2,0,0,0
กงหรา2,สมหวัง,3,partylist,election_day,7.52108,100.008,ศาลาประจำหมู่บ้านบ้านสมหวังตก,396,376,18,2,0,4,0,0,3,0,2,0,0,40,0,230,5,0,1,0,0,2,0,0,0,0,0,0,53,0,0,1,0,0,0,1,0,0,0,0,5,0,0,18,6,1,0,0,0,1,0,1,1,1,0,0,0,0,0,0,0
กงหรา2,สมหวัง,4,partylist,election_day,7.5076504,99.9837692,โรงเรียนวัดหวัง,358,322,31,5,0,0,0,0,1,0,0,0,0,29,0,198,3,0,1,1,1,4,0,0,0,0,0,0,40,1,0,2,2,1,0,1,1,1,0,0,2,1,2,12,4,3,0,0,0,0,1,1,0,5,0,1,1,0,2,0,0
กงหรา2,สมหวัง,5,partylist,election_day,7.507084499999999,99.9848915,ศาลาการเปรียญวัดสมหวัง,413,394,9,10,1,1,0,0,1,1,1,0,0,50,0,230,7,0,0,0,0,3,0,0,0,0,0,0,58,0,1,3,3,0,0,1,0,0,0,0,4,0,0,21,0,2,0,0,0,1,0,1,0,3,0,0,0,1,0,0,0
กงหรา2,สมหวัง,6,partylist,election_day,7.4978326,100.015403,ศาลาประจำหมู่บ้านบ้านไสคุณเปลือย,374,347,16,11,0,0,1,0,1,0,2,0,0,43,0,239,0,0,1,1,0,1,0,1,0,1,0,0,19,1,0,3,3,0,1,0,0,0,1,0,3,0,3,10,3,1,0,1,0,0,1,0,1,3,0,0,0,1,1,0,0
กงหรา2,สมหวัง,7,partylist,election_day,7.4922222,100.0025,ศาลาประจำหมู่บ้านบ้านพรุนาแด้,427,404,19,4,0,2,1,0,1,0,1,0,1,37,0,289,3,0,0,1,0,6,0,0,0,0,0,0,36,1,0,1,3,0,0,0,0,0,0,0,4,0,1,7,0,0,0,0,0,0,0,1,3,2,0,1,0,2,0,0,0
กงหรา2,สมหวัง,8,partylist,election_day,7.550502400000001,100.0024084,ศาลาประจำหมู่บ้านบ้านทุ่งเลียบ,197,187,4,6,0,1,0,0,1,0,0,0,0,19,1,131,1,0,0,0,0,1,0,0,1,0,0,0,16,4,0,0,1,0,1,0,0,0,0,0,0,1,0,2,4,0,0,0,0,1,0,0,0,1,0,0,0,0,0,0,0
ศรีนครินทร์,อ่างทอง,1,partylist,election_day,7.5629896,99.9241575,ศาลาประจำหมู่บ้านบ้านประดู่,450,421,22,7,0,2,1,1,1,0,6,0,0,51,0,246,3,0,1,1,0,5,1,0,0,1,0,0,53,0,0,4,4,0,0,0,0,0,0,1,3,0,3,19,2,5,0,0,0,1,0,0,2,3,0,0,0,1,0,0,0
ศรีนครินทร์,อ่างทอง,2,partylist,election_day,7.5564909,99.9744535,ศาลาอเนกประสงค์บ้านสวนหลวง,379,366,10,3,0,2,0,1,0,0,2,0,0,65,0,223,2,0,2,0,0,1,1,0,0,0,0,0,36,0,1,0,4,1,1,1,1,0,0,1,0,0,1,6,8,0,0,1,0,0,0,1,0,3,0,1,0,0,0,0,0
ศรีนครินทร์,อ่างทอง,3,partylist,election_day,7.5564909,99.9744535,ศาลาประจำหมู่บ้านบ้านอ่างทอง,498,476,16,6,1,0,0,1,0,0,5,0,0,49,0,324,4,0,0,0,0,2,0,0,0,0,0,0,36,2,1,3,4,0,0,0,0,0,0,0,4,0,2,18,7,0,0,1,0,0,1,0,2,7,0,0,0,2,0,0,0
ศรีนครินทร์,อ่างทอง,4,partylist,election_day,7.5505741,99.9603319,ศาลาอเนกประสงค์บ้านโหล๊ะหนุน,538,516,14,8,1,1,0,0,2,0,1,0,0,2,1,308,4,0,0,2,0,2,0,0,0,0,0,0,117,0,1,1,5,0,0,0,0,0,0,42,0,2,0,12,4,1,0,1,0,0,0,0,0,6,0,0,0,0,0,0,0
ศรีนครินทร์,อ่างทอง,5,partylist,election_day,7.5564909,99.9744535,ศาลาอเนกประสงค์บ้านปากแพรก,300,295,5,0,0,0,1,2,2,0,5,0,0,23,0,165,2,0,0,1,0,3,0,2,0,0,0,0,33,1,1,1,16,0,0,0,0,0,0,0,1,0,3,22,3,0,0,0,0,2,0,1,0,5,0,0,0,0,0,0,0
ศรีนครินทร์,อ่างทอง,6,partylist,election_day,7.5629896,99.9241575,ศาลาประจำหมู่บ้านบ้านเกาะเหรียง,223,217,3,3,1,0,0,0,0,0,3,0,2,17,0,138,1,0,0,0,0,0,1,0,0,0,0,0,21,0,0,1,0,0,0,0,0,0,0,0,2,0,3,9,3,1,0,0,0,1,0,0,2,9,0,1,0,0,0,1,0
ศรีนครินทร์,อ่างทอง,7,partylist,election_day,7.5564909,99.9744535,ศาลาอเนกประสงค์บ้านต้นตอ,299,282,10,7,0,4,0,0,0,0,10,0,0,45,0,157,3,0,0,0,0,2,0,1,0,0,0,0,32,0,0,0,9,0,0,0,0,0,0,0,1,0,0,14,1,1,0,0,0,0,0,0,0,1,0,0,0,1,0,0,0
ศรีนครินทร์,อ่างทอง,8,partylist,election_day,7.5564909,99.9744535,ศาลาอเนกประสงค์บ้านเกาะขัน,250,229,21,0,0,0,0,0,1,0,0,0,0,28,0,135,2,0,0,0,0,2,0,2,0,0,0,0,24,0,0,0,3,0,0,0,0,0,0,0,2,1,0,22,2,0,0,0,0,0,0,0,1,4,0,0,0,0,0,0,0
ป่าพะยอม,เกาะเต่า,1,partylist,election_day,7.8113025,99.8459774,ศาลาประจำหมู่บ้านบ้านไร่เจ็ดสิบ,530,495,26,9,0,0,0,0,1,0,1,0,0,56,0,282,7,0,0,0,0,10,2,0,0,0,0,0,63,1,0,1,4,0,0,0,1,1,1,0,2,2,6,31,2,1,0,1,0,2,2,1,0,13,0,1,0,0,0,0,0
ป่าพะยอม,เกาะเต่า,2,partylist,election_day,7.8554397,99.9101915,ศาลาประจำหมู่บ้านบ้านห้วยกรวด,334,320,9,5,0,4,0,0,0,0,1,0,0,36,0,208,1,0,0,0,0,4,0,0,0,0,0,0,38,0,0,1,7,0,0,0,0,0,0,0,0,0,0,11,5,0,0,0,0,0,0,0,0,3,0,0,0,1,0,0,0
ป่าพะยอม,เกาะเต่า,3,partylist,election_day,7.791444299999999,99.8295765,ศาลาประจำหมู่บ้านบ้านบางหล่อ,339,327,5,7,0,2,0,0,1,0,0,0,0,37,1,221,3,0,1,0,0,1,0,0,0,0,0,0,32,1,1,0,2,0,0,0,1,0,0,0,2,1,0,11,5,0,1,0,0,0,0,0,0,2,0,1,0,0,0,0,0
ป่าพะยอม,เกาะเต่า,4,partylist,election_day,7.791444299999999,99.8295765,ศูนย์สาธิตการตลาดบ้านบางหล่อ,556,532,14,10,0,3,0,0,1,0,1,0,0,67,0,344,5,0,0,0,0,4,0,0,0,0,0,0,52,0,1,5,7,0,0,0,1,0,0,0,2,0,0,21,6,0,0,0,1,1,0,0,1,7,0,1,0,1,0,0,0
ป่าพะยอม,เกาะเต่า,5,partylist,election_day,7.8265429,99.8689005,ศาลาประจำหมู่บ้านบ้านคลองใหญ่,381,370,6,5,0,0,0,0,3,0,2,0,0,46,0,216,4,0,0,0,0,4,0,0,0,1,0,0,63,0,2,1,6,0,0,0,0,0,0,0,4,0,0,10,1,2,0,0,0,1,0,0,0,2,0,0,0,0,0,2,0
ป่าพะยอม,เกาะเต่า,6,partylist,election_day,7.8321524,99.8957282,ศาลาประจำหมู่บ้านบ้านไสเลียบ,411,390,13,8,0,0,0,0,0,0,1,0,0,48,2,240,3,1,0,0,0,0,0,0,0,0,0,0,57,0,0,3,5,0,0,0,0,0,0,0,2,0,1,15,3,0,0,0,0,0,0,1,0,4,0,0,0,2,0,2,0
ป่าพะยอม,เกาะเต่า,7,partylist,election_day,7.8321524,99.8957282,ศูนย์เรียนรู้บ้านไสเลียบ,352,340,8,4,0,1,0,0,0,0,0,0,0,42,0,219,0,0,0,0,0,1,0,0,0,0,0,0,42,0,1,0,6,0,0,1,0,0,1,0,3,0,0,4,7,0,0,0,0,3,0,0,1,7,0,0,0,1,0,0,0
ป่าพะยอม,เกาะเต่า,8,partylist,election_day,7.77781,99.8342437,ศาลาประจำหมู่บ้านบ้านปากเหมือง,500,492,6,2,1,1,0,0,2,0,2,0,0,69,2,274,6,0,0,0,0,5,0,0,0,0,0,0,67,0,2,2,10,1,0,0,1,0,0,0,4,1,0,18,5,2,0,2,0,0,1,0,1,9,0,1,0,3,0,0,0
ป่าพะยอม,เกาะเต่า,9,partylist,election_day,7.7700709,99.8878507,ศาลาประจำหมู่บ้านบ้านประชาสามัคคี,424,403,12,9,0,0,0,0,2,0,1,0,0,41,0,228,10,0,0,0,0,3,0,1,0,1,0,0,65,0,2,1,3,0,0,0,0,0,0,0,3,0,2,27,6,0,0,1,0,2,0,1,1,2,0,0,0,0,0,0,0
ป่าพะยอม,เกาะเต่า,10,partylist,election_day,7.784332600000001,99.8515593,ศาลาประจำหมู่บ้านบ้านหนำวัว,380,364,11,5,1,4,0,0,0,0,2,0,1,65,0,184,10,0,0,0,0,4,1,0,0,0,0,0,42,0,1,0,7,0,0,1,0,0,0,0,3,0,0,23,5,0,0,0,0,1,1,0,1,6,0,0,0,1,0,0,0
ป่าพะยอม,เกาะเต่า,11,partylist,election_day,7.849026500000001,99.8403959,ศาลาประจำหมู่บ้านบ้านควนตะแบก,503,483,16,4,0,5,0,2,0,0,0,0,0,73,0,263,4,0,1,0,0,1,0,0,0,1,1,0,79,1,1,1,10,0,0,1,0,0,0,1,3,0,0,28,3,1,0,0,0,0,0,0,0,3,0,0,0,0,0,0,0
ป่าพะยอม,เกาะเต่า,12,partylist,election_day,7.819731300000001,99.9013657,ศาลาประจำหมู่บ้านบ้านห้วยปริง,579,553,21,5,0,2,0,0,0,0,2,0,0,70,0,370,8,0,1,0,0,3,0,0,0,0,1,0,37,0,1,3,2,1,0,0,0,1,0,0,3,2,0,26,6,3,0,0,0,2,1,1,2,5,0,0,0,0,0,0,0
ป่าพะยอม,เกาะเต่า,13,partylist,election_day,7.8504642,99.8934354,ศาลาประจำหมู่บ้านบ้านเกาะยวน,658,635,19,4,1,3,0,0,3,0,4,2,1,63,0,360,8,0,0,1,0,7,1,0,0,0,0,0,103,3,0,2,6,0,0,0,0,0,0,0,6,0,1,29,11,1,1,2,0,1,0,0,2,12,0,1,0,0,0,0,0
ป่าพะยอม,เกาะเต่า,14,partylist,election_day,7.76993,99.835768,ศาลาประจำหมู่บ้านบ้านห้วยไม้ไผ่,493,471,14,8,1,1,0,0,1,0,4,0,1,57,0,309,4,0,1,0,0,3,0,0,0,1,0,0,46,0,1,0,1,0,0,0,1,0,0,0,2,1,0,18,8,0,0,1,0,1,0,0,0,8,0,0,0,0,0,0,0
ป่าพะยอม,เกาะเต่า,15,partylist,election_day,7.838677,99.863101,ศาลาประจำหมู่บ้านบ้านนา,600,579,19,2,0,1,0,0,1,0,1,0,0,77,0,381,8,0,1,0,0,5,1,0,0,1,0,0,56,0,2,0,4,0,0,0,1,0,0,1,2,0,2,18,7,1,0,0,0,1,1,1,1,3,0,0,0,0,0,0,1
ป่าพะยอม,เกาะเต่า,16,partylist,election_day,,,,371,360,11,0,0,5,0,0,1,0,0,0,0,38,0,227,6,0,0,3,0,4,0,0,0,1,0,1,35,0,0,4,1,0,1,0,1,0,0,0,2,0,0,15,1,2,0,2,0,2,0,0,0,6,0,0,0,1,1,0,0
ป่าพะยอม,เกาะเต่า,17,partylist,election_day,,,,380,356,14,10,0,1,0,0,0,0,4,0,1,54,1,211,4,0,0,0,0,5,0,0,0,0,1,0,34,1,2,1,4,0,0,0,0,0,0,0,1,1,2,14,4,1,0,0,0,0,1,2,0,3,0,0,0,1,0,1,1
ศรีบรรพต,เขาปู่,1,partylist,election_day,7.704519400000001,99.8236533,ศาลาประจำหมู่บ้าน บ้านหน้าวัด หมู่ที่ 1,359,345,7,7,0,0,0,0,1,0,1,0,0,53,2,192,3,0,0,0,0,2,0,0,1,0,1,0,41,0,0,1,5,0,0,0,0,0,0,1,2,0,0,23,6,0,0,0,0,0,1,1,0,2,0,1,0,4,1,0,0
ศรีบรรพต,เขาปู่,2,partylist,election_day,7.664779900000001,99.8385881,ศาลาประจำหมู่บ้าน บ้านใสประดู่ หมู่ที่ 2,494,466,21,7,1,0,0,0,2,0,0,0,1,92,0,257,5,0,1,0,0,6,0,0,0,0,3,0,40,1,2,1,2,0,0,0,0,0,0,0,1,0,6,28,6,0,0,0,0,1,0,1,0,6,0,1,0,1,0,0,1
ศรีบรรพต,เขาปู่,3,partylist,election_day,7.729098599999999,99.8041245,ศาลาประจำหมู่บ้าน บ้านควนลม หมู่ที่ 3,198,187,7,4,0,0,0,0,0,0,2,0,0,22,0,117,2,0,0,0,0,1,0,0,1,0,0,0,22,0,0,1,2,0,0,1,0,0,0,0,1,0,0,12,2,0,0,0,0,0,0,0,0,1,0,0,0,0,0,0,0
ศรีบรรพต,เขาปู่,4,partylist,election_day,7.7451902,99.8041245,ศาลาประจำหมู่บ้าน บ้านทุ่งยูง หมู่ที่ 4,298,274,11,13,0,0,0,0,0,0,0,0,0,35,1,153,1,0,0,0,0,10,0,0,1,3,0,0,31,0,0,1,1,0,0,0,0,1,0,0,5,1,1,17,3,0,0,0,0,2,1,0,0,5,0,0,0,0,1,0,0
ศรีบรรพต,เขาปู่,5,partylist,election_day,7.717472799999999,99.8431866,ศาลาประจำหมู่บ้าน บ้านด่าน หมู่ที่ 5,253,233,9,11,0,0,0,0,1,0,1,0,0,30,0,153,1,0,0,0,0,1,0,0,0,0,0,0,13,0,0,3,4,0,0,0,0,0,0,0,1,0,0,10,6,0,0,0,0,1,0,0,2,4,0,1,0,1,0,0,0
ศรีบรรพต,เขาปู่,6,partylist,election_day,7.7169567,99.8655158,ศาลาประจำหมู่บ้าน บ้านเหรียงงาม หมู่ที่ 6,499,471,18,10,1,2,0,0,1,0,0,0,0,94,0,249,6,0,0,0,0,9,0,0,0,0,0,1,52,0,0,1,2,1,0,1,1,0,0,0,2,0,2,28,5,2,0,1,1,1,1,0,1,4,0,1,0,0,0,1,0
ศรีบรรพต,เขาปู่,7,partylist,election_day,7.741928,99.8292338,ศาลาประจำหมู่บ้าน บ้านเขาป้าแหร้ หมู่ที่ 7,361,348,11,2,0,0,0,0,0,0,0,0,0,38,0,193,3,0,1,0,0,4,0,0,0,0,0,0,56,1,0,1,3,0,0,0,0,0,0,0,2,0,1,28,4,0,0,1,1,1,1,0,0,6,0,1,0,2,0,0,0
ศรีบรรพต,เขาปู่,8,partylist,election_day,7.699030199999999,99.8292338,ศาลาประจำหมู่บ้าน บ้านป่าตอ หมู่ที่ 8,435,405,17,13,0,3,0,0,2,0,0,0,1,47,0,261,1,0,1,0,0,1,1,1,0,1,0,0,44,1,0,0,6,0,0,1,0,0,6,0,2,1,2,11,3,0,0,1,1,0,0,2,0,2,0,0,0,1,0,1,0
ศรีบรรพต,เขาปู่,9,partylist,election_day,7.704519400000001,99.8236533,ศาลาประจำหมู่บ้าน บ้านในวัง หมู่ที่ 9,290,278,2,10,0,0,0,0,0,0,0,1,0,47,0,176,2,0,1,0,0,5,0,0,0,0,0,0,27,0,0,1,3,0,0,0,0,0,0,0,0,0,0,6,5,1,0,1,0,0,0,0,0,1,0,0,0,0,0,0,1
ศรีบรรพต,เขาปู่,10,partylist,election_day,7.704519400000001,99.8236533,ศาลาประจำหมู่บ้าน บ้านโหล๊ะปราง หมู่ที่ 10,283,271,8,4,0,0,0,0,0,0,2,0,0,31,0,148,7,0,0,0,0,2,0,0,0,0,0,0,49,1,0,2,1,0,0,0,0,0,0,0,1,1,1,13,2,1,0,0,5,1,0,0,0,3,0,0,0,0,0,0,0
ศรีบรรพต,เขาปู่,11,partylist,election_day,7.704519400000001,99.8236533,ศาลาประจำหมู่บ้าน บ้านเขาปู่ หมู่ที่ 11,357,348,5,4,0,1,0,0,0,0,0,0,0,49,2,171,4,0,0,0,0,4,1,0,0,0,0,0,63,0,2,2,7,0,1,0,0,0,1,1,3,0,0,19,9,2,0,0,0,0,0,0,1,3,0,1,0,1,0,0,0
ศรีบรรพต,เขาย่า,1,partylist,election_day,7.728210699999999,99.9004167,ศาลาประจำหมู่บ้าน บ้านสำนักปราง หมู่ที่ 1,404,385,15,4,0,2,0,0,1,0,3,0,1,65,1,192,3,0,0,0,0,0,1,0,0,0,0,0,65,0,0,4,3,0,0,0,1,0,0,1,3,0,2,19,6,2,0,0,0,2,0,1,0,6,0,0,0,0,0,1,0
ศรีบรรพต,เขาย่า,2,partylist,election_day,7.747962100000001,99.9157776,ศาลาประจำหมู่บ้าน บ้านสะพานยาง หมู่ที่ 2,396,378,13,5,0,1,0,0,0,0,0,0,0,40,0,235,4,0,1,0,0,5,0,0,0,0,0,0,55,0,0,0,4,0,0,0,0,0,0,0,3,2,0,8,2,0,0,0,1,0,0,1,2,10,0,0,0,4,0,0,0
ศรีบรรพต,เขาย่า,3,partylist,election_day,7.7458666,99.890643,ศาลาประจำหมู่บ้าน บ้านม่วง หมู่ที่ 3,537,524,9,4,2,1,0,0,2,0,3,0,0,58,0,362,5,0,2,0,0,3,1,1,0,0,0,1,42,2,3,2,6,0,0,1,0,0,0,0,2,1,0,6,8,0,0,0,0,1,0,0,0,7,0,1,0,1,0,0,0
ศรีบรรพต,เขาย่า,4,partylist,election_day,7.7197137,99.9199675,ศาลาประจำหมู่บ้าน บ้านเขาย่าออก หมู่ที่ 4,474,453,17,4,0,2,0,1,0,0,3,0,1,53,1,276,8,0,1,0,0,5,0,0,0,0,0,0,50,0,1,2,4,1,0,2,1,0,0,0,0,1,1,24,2,2,0,0,0,0,1,0,1,3,0,2,0,3,0,1,0
ศรีบรรพต,เขาย่า,5,partylist,election_day,7.7576419,99.9032094,ศาลาประจำหมู่บ้าน บ้านโหล๊ะเร็ดตกหมู่ที่ 5,451,431,19,1,0,0,0,0,0,0,1,0,1,58,0,281,0,0,2,0,0,3,0,0,0,1,1,0,46,0,0,1,1,0,0,0,0,0,0,0,0,0,0,19,3,1,0,0,0,1,0,0,2,6,0,0,0,2,0,0,1
ศรีบรรพต,เขาย่า,6,partylist,election_day,7.710689700000001,99.9046058,ศาลาประจำหมู่บ้าน บ้านเขาย่าตก หมู่ที่ 6,496,476,17,3,0,0,0,0,2,0,1,0,0,45,0,325,2,0,0,0,0,5,0,0,0,0,0,1,39,1,1,0,3,0,0,1,0,0,0,0,2,1,0,22,5,0,1,1,0,1,1,2,1,7,0,0,0,6,0,0,0
ศรีบรรพต,เขาย่า,7,partylist,election_day,7.729908200000001,99.8850586,ศาลาประจำหมู่บ้าน บ้านโพรงงู หมู่ที่ 7,552,525,16,11,2,1,0,0,1,0,0,0,1,75,0,292,3,0,0,0,1,10,0,1,0,0,0,1,46,1,1,1,11,1,0,0,0,0,0,0,4,0,1,34,9,4,0,1,0,0,2,0,2,16,0,0,0,2,1,0,0
ศรีบรรพต,เขาย่า,8,partylist,election_day,7.776026099999999,99.9199675,ศาลาประจำหมู่บ้าน บ้านโหล๊ะเร็ดออก หมู่ที่ 8,537,519,13,5,2,1,0,0,0,0,1,0,0,48,0,344,6,0,1,0,0,5,0,0,0,0,1,0,53,0,0,3,4,0,0,0,0,0,0,0,2,0,0,29,5,0,0,1,0,2,0,3,2,5,0,1,0,0,0,0,0
ศรีบรรพต,เขาย่า,9,partylist,election_day,7.7206497,99.8865912,ศาลาประจำหมู่บ้าน บ้านสำนักวา หมู่ที่ 9,375,360,10,5,0,1,0,0,0,0,2,0,0,38,0,199,4,0,1,1,1,1,0,0,1,0,0,0,61,2,0,2,7,0,0,0,2,1,0,0,1,0,0,10,11,3,0,1,0,2,0,0,0,8,0,1,0,0,0,0,0
ศรีบรรพต,เขาย่า,10,partylist,election_day,7.737366799999999,99.9101915,ศาลาประจำหมู่บ้าน บ้านหูหนาน หมู่ที่ 10,446,416,22,8,0,1,0,0,0,1,1,0,0,32,2,286,2,0,1,1,0,2,0,0,0,2,1,0,47,0,0,0,1,0,0,0,0,0,0,0,4,1,1,10,5,0,0,0,0,1,0,0,2,10,0,1,0,1,0,0,0
ควนขนุน,แพรกหา,1,partylist,election_day,7.666126299999999,100.0230734,ศาลาประจำหมู่บ้านบ้านม่วงเตี้ย,622,593,21,8,0,0,0,0,0,0,5,0,0,87,1,273,5,0,0,0,0,3,0,2,1,0,0,0,162,0,0,3,7,1,0,1,0,0,0,0,4,0,0,22,5,3,0,0,0,0,0,0,1,4,0,1,0,0,0,2,0
ควนขนุน,แพรกหา,2,partylist,election_day,7.6506734,99.988483,ศาลาประจำหมู่บ้านบ้านไสขาม,346,330,8,8,0,0,0,0,1,0,0,0,2,28,0,207,2,0,0,0,0,2,0,0,0,0,0,0,37,0,0,1,5,0,0,0,0,0,0,0,0,0,0,32,3,3,1,1,0,0,0,0,0,3,0,0,0,1,0,1,0
ควนขนุน,แพรกหา,3,partylist,election_day,7.6503234,99.9875214,ศาลาประจำหมู่บ้านบ้านแพรกหา,575,549,20,6,0,1,0,1,0,0,2,4,0,70,1,323,8,0,0,2,0,2,2,0,1,0,0,0,68,0,0,1,8,0,1,0,1,0,0,1,1,1,0,36,6,0,0,0,0,0,1,1,0,6,0,0,0,0,0,0,0
ควนขนุน,แพรกหา,4,partylist,election_day,7.6641667,100.0083333,ศาลา อพป.บ้านเขาโต๊ะบุญ,680,642,23,15,0,0,0,1,0,0,1,1,0,83,0,368,9,0,0,1,0,2,1,1,1,0,0,0,100,1,1,1,6,0,0,2,0,0,0,0,3,2,1,31,6,0,1,1,0,0,0,1,2,12,0,1,0,1,0,0,0
ควนขนุน,แพรกหา,5,partylist,election_day,7.6511029,100.0082279,ศาลาประจำหมู่บ้านบ้านเขาพังอิฐ,677,643,25,9,1,0,0,0,0,0,7,0,1,80,0,358,5,0,0,0,0,10,0,0,0,0,0,0,111,0,0,2,15,0,0,0,0,0,0,2,1,0,2,22,5,0,0,2,0,1,1,1,3,8,0,1,1,1,0,0,2
ควนขนุน,แพรกหา,6,partylist,election_day,7.6520326,100.0080005,ศาลาประจำหมู่บ้านบ้านเขาป้าเจ้,417,403,9,5,0,0,0,0,2,0,1,0,0,49,0,262,0,0,0,0,0,1,0,0,0,0,0,0,68,0,2,0,2,0,0,0,0,0,0,0,1,0,1,4,3,0,0,1,0,0,0,0,1,3,0,0,0,1,0,0,1
ควนขนุน,แพรกหา,7,partylist,election_day,7.6520326,100.0080005,ศาลาประจำหมู่บ้านบ้านไสหยี,434,414,12,8,0,0,0,0,1,0,0,0,0,68,0,226,4,0,0,1,0,1,0,0,1,0,0,0,85,1,0,0,3,0,0,0,0,0,0,0,1,1,1,14,1,0,0,0,0,0,0,0,1,2,0,1,0,1,0,0,0
ควนขนุน,แพรกหา,8,partylist,election_day,7.674832,100.003384,ศาลาประจำหมู่บ้านบ้านควนน้อย,385,371,8,6,1,0,0,0,0,0,1,0,0,34,2,220,1,0,0,0,0,5,0,1,0,0,1,0,68,0,0,3,3,0,0,0,1,0,0,0,0,1,0,12,0,0,0,0,0,1,0,1,0,6,0,0,0,2,1,0,0
ควนขนุน,แหลมโตนด,1,partylist,election_day,7.828554299999999,100.0247788,ศาลาประจำหมู่บ้านบ้านกองเกวียน,512,492,17,3,0,1,0,0,1,0,2,0,0,53,2,299,4,0,0,0,0,6,0,1,0,1,0,0,37,0,2,1,8,0,1,0,1,0,0,0,3,4,2,40,5,3,0,1,0,1,0,0,2,5,0,2,0,3,0,0,1
ควนขนุน,แหลมโตนด,2,partylist,election_day,7.812371,100.049519,ศาลาประจำหมู่บ้านบ้านแหลมโตนด,386,364,14,8,0,2,1,0,1,0,1,0,0,31,0,211,7,0,0,0,0,2,0,0,0,0,0,0,57,0,0,1,10,0,1,0,0,0,0,0,0,0,0,19,7,0,0,0,0,0,1,0,0,8,0,0,0,4,0,0,0
ควนขนุน,แหลมโตนด,3,partylist,election_day,7.838152273124791,100.0744355760674,ศาลาประจำหมู่บ้านบ้านมาบเนียน,326,313,9,4,0,0,0,0,0,0,0,0,0,34,1,206,2,0,1,0,0,1,0,0,0,0,0,1,31,1,1,0,5,0,0,0,0,0,0,0,1,1,0,19,1,0,0,0,0,0,0,0,0,5,0,0,0,1,0,1,0
ควนขนุน,แหลมโตนด,4,partylist,election_day,7.838233,100.0031462,ศาลาประจำหมู่บ้านบ้านเตง(โคกถิน),590,555,29,6,0,2,0,1,0,0,1,0,1,60,2,306,5,0,0,1,0,7,0,0,0,1,0,0,92,0,1,1,3,0,0,0,1,0,0,0,3,0,3,35,6,1,0,1,3,1,1,3,4,8,0,0,0,1,0,0,0
ควนขนุน,แหลมโตนด,5,partylist,election_day,7.828554299999999,100.0247788,ศาลาประจำหมู่บ้านบ้านหนองสามก้อน,305,290,10,5,0,1,1,0,1,0,0,1,0,41,0,180,7,0,0,0,0,5,0,0,0,0,0,0,23,0,0,2,4,0,0,0,0,0,1,0,2,0,1,13,3,0,0,0,0,0,0,0,0,2,0,0,0,1,0,1,0
ควนขนุน,แหลมโตนด,6,partylist,election_day,7.828554299999999,100.0247788,ศาลาประจำหมู่บ้านบ้านทุ่งใน,224,217,7,0,0,1,0,0,0,0,0,0,0,17,0,140,3,0,0,0,0,2,0,0,0,0,0,0,11,0,0,0,2,0,0,0,0,0,0,0,1,0,1,28,3,0,0,0,0,0,1,0,1,4,0,2,0,0,0,0,0
ควนขนุน,แหลมโตนด,7,partylist,election_day,7.3838149,100.2598974,ศาลาประจำหมู่บ้านบ้านบนลาน,323,313,8,2,0,0,0,0,0,0,0,0,0,28,1,233,2,0,0,0,0,1,1,0,0,0,0,0,12,0,0,1,3,0,0,0,2,0,0,0,1,0,1,17,6,0,0,0,0,0,0,0,1,2,0,0,0,1,0,0,0
ควนขนุน,แหลมโตนด,8,partylist,election_day,7.828554299999999,100.0247788,ศาลประจำหมู่บ้านบ้านเสือสะอาด,276,263,13,0,1,0,0,1,0,0,0,0,0,37,0,143,3,0,0,0,0,6,0,0,0,1,0,0,47,0,0,0,5,0,0,0,0,0,0,0,1,0,1,9,3,0,0,1,0,0,1,0,2,0,0,0,0,0,0,0,1
ควนขนุน,แหลมโตนด,9,partylist,election_day,7.3838149,100.2598974,ศาลาประจำหมู่บ้านบ้านในตลาด,232,223,6,3,0,2,0,0,0,0,0,0,0,23,0,156,1,0,0,0,0,2,0,0,0,0,0,0,15,0,0,0,3,1,0,0,0,0,0,0,1,0,0,14,0,0,0,0,0,0,0,3,1,0,0,0,0,1,0,0,0
ควนขนุน,โตนดด้วน,1,partylist,election_day,7.7160528,100.0191857,ศาลาประจำหมู่บ้านบ้านไสคำ,262,248,7,7,0,0,0,0,1,0,0,0,1,28,0,112,4,0,0,0,0,1,1,0,0,1,0,0,68,0,0,1,7,1,0,0,0,0,0,0,0,0,0,11,1,1,0,0,0,0,0,5,0,3,0,0,0,1,0,0,0
ควนขนุน,โตนดด้วน,2,partylist,election_day,7.713701899999998,100.0255558,ศาลาประจำหมู่บ้านบ้านโคกโดน,596,559,37,0,0,0,0,0,0,0,6,0,2,86,0,248,5,1,0,1,0,1,1,0,0,0,0,0,145,1,1,2,3,0,1,1,0,0,0,1,3,2,2,34,4,0,0,0,0,1,0,2,0,3,0,1,0,1,0,0,0
ควนขนุน,โตนดด้วน,3,partylist,election_day,7.7243442,100.0433388,ศาลาประจำหมู่บ้านบ้านหนองฟ้าผ่า,246,235,11,0,0,0,0,0,0,0,2,0,0,23,0,129,2,0,1,0,0,1,0,0,0,0,0,0,51,0,0,2,2,0,0,0,0,0,0,0,1,0,2,13,2,0,0,0,0,0,0,1,1,1,1,0,0,0,0,0,0
ควนขนุน,โตนดด้วน,4,partylist,election_day,7.7285293,100.0221358,ศาลาประจำหมู่บ้านบ้านป่าตอ,231,226,4,1,0,0,0,0,0,0,1,0,0,29,0,111,2,0,0,0,0,1,1,0,0,0,0,0,52,0,0,0,8,0,0,0,1,0,0,0,1,0,0,15,1,0,0,0,0,0,0,0,1,1,0,0,0,1,0,0,0
ควนขนุน,โตนดด้วน,5,partylist,election_day,7.7160528,100.0191857,ศาลาประจำหมู่บ้านบ้านวังจระเข้,558,535,14,9,0,0,0,0,1,0,2,0,0,58,0,284,4,0,0,0,0,2,0,0,0,1,0,0,139,0,3,2,6,0,0,0,0,0,0,0,1,1,1,20,3,0,0,0,0,0,1,1,0,3,0,0,0,2,0,0,0
ควนขนุน,โตนดด้วน,6,partylist,election_day,7.7160528,100.0191857,ศาลาประจำหมู่บ้านบ้านหนักกุล,226,208,12,6,0,0,1,0,0,0,1,0,0,31,0,110,0,0,0,0,0,0,0,0,0,0,0,0,49,0,0,0,0,0,0,0,0,0,0,0,1,0,0,8,0,0,0,0,0,0,1,0,2,1,0,1,0,1,0,1,0
ควนขนุน,โตนดด้วน,7,partylist,election_day,7.691745399999999,100.0315103,ศาลาประจำหมู่บ้านบ้านโคกโพธิ์,705,680,13,12,0,3,0,0,3,0,6,0,2,79,1,292,4,0,0,0,0,8,2,0,0,0,0,0,211,0,0,3,10,0,0,0,0,0,0,0,5,0,1,22,5,1,0,0,0,0,0,3,3,8,0,1,0,6,0,1,0
ควนขนุน,โตนดด้วน,8,partylist,election_day,7.7160528,100.0191857,ศาลาประจำหมู่บ้านบ้านไสโดน,341,328,11,2,0,0,0,1,0,0,2,0,0,38,1,135,3,0,0,1,0,3,1,0,0,1,0,0,116,0,0,2,2,0,0,0,2,0,0,0,1,0,1,11,0,0,0,0,0,1,0,0,0,3,0,1,0,2,0,0,0
ควนขนุน,โตนดด้วน,9,partylist,election_day,7.7160528,100.0191857,ศาลาประจำหมู่บ้านบ้านโตนดด้วน หมู่ที่ 9,431,406,16,9,0,4,0,0,0,0,0,1,0,57,1,190,3,0,2,0,0,1,0,0,0,0,0,1,94,0,0,2,12,0,0,0,0,0,0,1,1,0,1,20,3,0,0,1,0,1,0,2,2,3,0,0,0,2,0,1,0
ควนขนุน,โตนดด้วน,10,partylist,election_day,7.7160528,100.0191857,ศาลาประจำหมู่บ้านบ้านตีนคลอง,280,271,7,2,0,0,0,0,1,0,0,0,1,25,0,156,1,0,0,0,0,1,0,0,0,0,1,0,48,0,1,1,6,1,0,0,0,0,0,0,1,0,0,9,5,0,0,0,0,0,0,0,1,6,0,2,0,4,0,0,0
ควนขนุน,โตนดด้วน,11,partylist,election_day,7.7160528,100.0191857,ศาลาประจำหมู่บ้าน หมู่ที่ 11 บ้านไสเหรียง,374,356,11,7,0,0,0,0,1,0,0,0,0,42,0,166,5,0,1,0,0,0,0,0,0,1,0,0,101,0,0,0,3,0,0,2,0,0,0,0,1,0,1,12,2,0,0,0,1,1,0,0,0,6,0,1,0,9,0,0,0
,,1,partylist,out_of_district_advance,,,,765,729,5,31,0,5,0,0,0,0,4,0,0,387,1,170,5,0,0,0,0,0,0,1,0,1,0,0,91,1,2,1,12,0,0,1,0,0,0,0,2,0,0,27,6,1,0,0,0,1,1,1,0,1,0,0,0,4,0,3,0
,,2,partylist,out_of_district_advance,,,,762,731,9,22,2,6,0,0,0,0,6,0,0,323,1,218,4,0,1,0,0,2,1,0,0,0,2,0,95,0,3,1,12,0,0,0,1,0,0,0,0,1,0,23,16,3,0,1,0,1,1,3,1,1,0,0,0,1,0,1,0
,,3,partylist,out_of_district_advance,,,,765,745,6,14,0,3,0,0,0,0,2,0,1,345,1,227,4,0,1,0,0,0,0,0,0,0,1,0,98,0,1,1,9,0,0,0,0,0,0,0,2,0,0,30,9,3,0,0,0,0,0,4,0,1,0,0,0,1,0,1,0
,,4,partylist,out_of_district_advance,,,,520,498,2,20,0,1,0,0,0,0,0,0,0,242,0,141,3,0,0,0,0,0,0,1,0,0,0,0,60,0,2,0,7,1,0,1,0,1,0,0,1,0,0,20,5,1,0,0,0,2,1,0,1,1,0,0,0,3,0,3,0
,,5,partylist,out_of_district_advance,,,,765,731,3,31,0,2,0,1,1,0,3,0,0,376,1,177,4,0,1,1,0,0,0,0,0,0,0,0,101,0,1,0,9,1,0,0,1,0,0,0,5,0,0,28,5,2,0,1,0,0,1,5,0,0,0,0,0,2,0,2,0
,,6,partylist,out_of_district_advance,,,,763,727,2,34,0,0,0,0,1,0,4,0,0,360,1,226,0,0,0,0,0,3,0,0,0,0,0,0,81,0,4,1,4,1,0,0,0,0,0,0,0,0,0,16,8,3,0,0,0,3,1,2,0,1,0,0,0,4,0,2,1
,,7,partylist,out_of_district_advance,,,,765,733,4,28,1,1,0,0,0,1,0,0,0,399,0,180,4,0,0,0,0,0,0,1,0,1,0,0,83,0,0,2,10,0,0,0,0,1,0,1,1,0,0,31,2,3,0,0,1,1,0,3,0,1,0,1,0,3,0,1,0
,,8,partylist,out_of_district_advance,,,,765,736,5,24,0,2,0,0,1,0,0,0,0,346,0,227,4,0,0,0,0,3,0,0,0,1,0,0,88,0,1,1,9,1,0,0,0,0,0,0,2,0,0,27,7,2,0,0,0,0,4,2,0,2,0,1,0,2,0,3,0
,,9,partylist,out_of_district_advance,,,,765,739,3,23,1,3,2,0,1,0,1,0,0,374,0,207,5,0,4,0,0,0,1,0,0,0,0,0,82,0,3,1,10,0,0,1,0,0,0,0,2,0,0,23,6,1,0,0,1,0,0,2,0,2,0,0,0,3,0,3,0
,,10,partylist,out_of_district_advance,,,,770,741,8,21,1,0,0,0,0,0,2,1,0,345,0,244,9,0,0,0,0,1,0,2,0,2,0,0,79,1,2,1,9,0,0,0,0,0,0,0,1,0,0,22,11,2,0,0,0,0,1,1,0,0,0,0,0,4,0,0,0
,,1,partylist,in_district_advance,,,,9,9,0,0,0,0,0,0,0,0,0,0,0,1,0,5,0,0,0,0,0,0,0,0,0,0,0,0,1,0,0,0,0,0,0,0,0,0,0,0,0,0,0,0,0,0,0,0,0,0,0,0,0,1,0,1,0,0,0,0,0
