district,subdistrict,unit_index,latitude,longitude,ballot_total,ballot_valid,ballot_invalid,ballot_no_vote,กรีน,กล้าธรรม,ก้าวอิสระ,ครูไทยเพื่อประชาชน,คลองไทย,ความหวังใหม่,ทางเลือกไทย,ท้องที่ไทย,ประชากรไทย,ประชาชน,ประชาชาติ,ประชาธิปัตย์,ประชาธิปไดยใหม่,ประชาอาสาชาติ,ประชาไทย,ปวงชนไทย,พร้อม,พลวัต,พลังธรรมใหม่,พลังประชารัฐ,พลังสังคมใหม่,พลังเพื่อไทย,พลังไทยรักชาติ,ฟิวชัน,ภูมิใจไทย,มิติใหม่,รวมพลังประชาชน,รวมใจไทย,รวมไทยสร้างชาติ,รักชาติ,วิชชั่นใหม่,สร้างอนาคตไทย,สังคมประชาธิปไดยไทย,อนาคตไทย,เครือข่ายชาวนาแห่งประเทศไทย,เป็นธรรม,เพื่อชาติไทย,เพื่อชีวิตใหม่,เพื่อบ้านเมือง,เพื่อไทย,เศรษฐกิจ,เสรีรวมไทย,แผ่นดินธรรม,แรงงานสร้างชาติ,โอกาสใหม่,ใหม่,ไทยก้าวหน้า,ไทยก้าวใหม่,ไทยชนะ,ไทยทรัพย์ทวี,ไทยธรรม,ไทยพร้อม,ไทยพิทักษ์ธรรม,ไทยภักดี,ไทยรวมไทย,ไทยสร้างไทย,ไทรวมพลัง
กงหรา2,ชะรัด,55,74.7157804,999.8978155,4620,4407,151,62,0,13,0,0,9,2,15,1,9,577,29,2517,38,2,9,2,1,55,5,2,1,3,1,0,651,9,7,10,35,3,10,0,4,0,0,1,26,4,17,189,35,5,0,4,1,6,3,2,16,55,0,10,0,6,4,1,2
กงหรา2,สมหวัง,36,60.0918583,800.0017889,3146,2962,129,55,1,15,2,1,12,1,8,1,3,326,1,1952,26,0,4,3,1,23,0,1,1,1,0,0,301,7,2,13,19,1,2,3,2,1,1,0,27,2,11,95,28,7,0,2,1,5,3,5,7,18,0,2,1,8,3,2,0
ควนขนุน,ควนขนุน,45,69.7885105,900.041715,3701,3559,107,35,2,3,0,2,7,11,12,0,2,437,6,2001,41,1,4,2,1,29,3,3,0,4,3,2,565,2,6,10,46,1,2,1,3,1,0,0,25,4,5,182,36,11,0,1,1,7,5,4,11,31,0,2,0,17,0,2,2
ควนขนุน,ควนขนุน(เทศบาล),10,30.954093699999998,400.0344597,1202,1147,30,25,0,3,0,0,5,0,2,0,0,164,0,470,9,0,0,0,1,1,1,1,0,0,0,0,311,0,1,0,34,1,0,2,1,0,0,0,7,1,3,71,15,5,0,0,1,2,1,4,0,6,0,0,0,23,0,1,0
ควนขนุน,ชะมวง,120,115.2420536,1500.3842686,5810,5563,174,73,1,7,0,2,8,1,17,0,2,726,10,2935,42,0,7,4,1,51,5,5,1,3,1,2,1090,4,9,17,52,3,2,1,2,0,0,0,32,1,17,308,40,16,1,4,0,5,3,5,10,75,1,10,1,19,0,4,0
ควนขนุน,ดอนทราย,66,84.9606249,1099.6867316,3912,3772,99,41,4,18,2,0,9,1,13,1,1,461,3,2120,31,0,4,2,0,17,2,2,0,2,0,2,697,4,8,10,53,1,1,0,5,4,0,1,9,3,9,109,46,12,0,2,5,7,5,4,3,36,1,8,0,30,0,1,3
ควนขนุน,ทะเลน้อย,55,76.3892539,1001.751884,4054,3803,205,46,0,16,0,6,9,0,8,2,2,419,6,1741,37,0,7,3,2,27,10,1,0,5,3,0,946,3,9,17,20,2,6,4,4,0,0,5,21,4,9,294,39,9,0,6,0,8,1,6,5,55,0,7,1,14,0,3,1
ควนขนุน,นาขยาด,78,92.09360170000001,1199.5327223,5564,5300,160,104,0,14,2,1,13,0,11,2,6,749,2,3131,44,2,9,2,0,30,1,3,0,0,3,0,720,1,11,19,56,2,4,1,2,0,1,2,24,9,14,226,52,4,0,3,3,6,7,6,12,49,0,7,1,25,1,4,3
ควนขนุน,ปันแต,91,101.1991392,1300.4613214,4069,3919,107,43,1,2,0,1,5,0,16,0,2,438,4,2317,37,0,7,2,0,35,2,2,0,2,4,0,612,4,4,9,39,2,1,3,1,3,0,0,6,3,10,223,35,10,1,4,2,5,4,2,6,37,0,4,1,10,0,1,0
ควนขนุน,พนมวังก์,36,61.1439949,800.4818751,4228,4018,143,67,0,10,1,1,2,0,10,2,3,519,0,2117,32,0,9,2,1,32,6,4,0,4,1,1,766,1,5,12,50,3,1,0,3,0,0,2,18,2,10,224,32,16,1,3,2,8,3,4,10,43,0,10,3,25,1,2,1
ควนขนุน,พนางตุง,91,100.948101,1301.3999869,6523,6178,265,80,2,11,3,4,6,0,22,1,10,725,7,2926,64,1,4,3,0,49,5,4,0,6,3,3,1455,3,6,14,53,7,4,5,3,0,2,3,50,6,14,420,79,12,0,8,0,10,4,9,13,82,3,8,1,28,0,1,5
ควนขนุน,มะกอกเหนือ,55,77.3955555,1000.6615984,3361,3231,68,62,0,8,0,2,6,1,12,0,5,415,1,1623,23,1,7,3,1,21,2,2,0,1,0,1,581,3,5,10,54,3,1,1,3,0,0,2,20,2,3,279,41,7,0,2,4,1,1,6,7,36,1,2,0,15,0,4,2
ควนขนุน,มะกอกเหนือ(เทศบาล),10,30.9588902,400.2941307,1310,1280,16,14,0,1,0,1,2,0,4,0,0,181,1,674,6,0,0,0,1,4,0,3,0,0,0,0,271,1,4,3,9,1,0,0,1,0,0,2,8,1,1,52,12,1,0,1,0,0,1,1,3,12,0,2,0,14,0,1,0
ควนขนุน,แพรกหา,36,61.2612899,800.035024,4136,3945,126,65,2,1,0,2,4,0,17,5,3,499,4,2237,34,0,0,4,0,26,3,4,4,0,1,0,699,2,3,11,49,1,1,3,2,0,0,3,11,5,5,173,29,6,2,5,0,2,2,4,8,44,0,4,1,7,1,3,3
ควนขนุน,แหลมโตนด,45,69.57060327312479,900.7460107760675,3174,3030,113,31,1,9,2,2,3,0,4,1,1,324,6,1874,34,0,1,1,0,32,1,1,0,3,0,1,325,1,4,6,43,1,2,0,4,0,1,0,13,5,9,194,34,4,0,3,3,2,4,6,11,34,0,4,0,12,0,2,2
ควนขนุน,โตนดด้วน,66,84.8706904,1100.2568406,4250,4052,143,55,0,7,1,1,7,0,20,1,6,496,3,1933,33,1,4,2,0,19,6,0,0,4,1,1,1074,1,5,15,59,2,1,3,3,0,0,2,16,3,9,175,26,2,0,1,1,4,2,14,10,38,1,7,0,29,0,3,0
ป่าพะยอม,บ้านพร้าว,66,85.9864048,1099.3696203,5341,5093,164,84,2,8,2,1,8,0,15,7,4,761,3,2965,61,0,6,3,1,37,2,3,0,3,3,0,656,2,11,15,63,4,2,3,3,1,0,1,21,5,12,168,76,19,0,3,4,7,5,4,8,61,3,3,0,26,0,4,3
ป่าพะยอม,ป่าพะยอม,36,62.7078533,799.3508363,3655,3501,91,63,8,1,0,3,3,0,13,2,2,407,12,2190,40,0,7,1,0,20,2,2,0,0,1,1,404,2,5,10,88,1,3,1,3,1,0,1,15,2,13,91,43,11,0,6,0,4,1,5,10,42,0,6,1,14,0,3,0
ป่าพะยอม,ลานข่อย,78,78.6190161,998.3485375,5157,4961,139,57,0,9,2,2,15,0,20,1,3,588,6,3061,52,0,7,0,0,59,2,1,0,5,2,3,551,10,6,14,38,3,5,5,4,0,0,3,26,9,15,263,55,5,1,1,2,6,6,3,5,56,0,11,0,13,1,3,3
ป่าพะยอม,เกาะเต่า,153,117.200521,1497.9833985,7791,7470,224,97,4,33,0,2,16,0,26,2,4,939,6,4537,91,1,5,4,0,64,5,1,0,6,3,1,911,7,17,25,85,2,1,3,7,2,2,2,44,8,14,319,85,14,2,9,1,17,7,7,10,95,0,5,0,11,1,5,2
ศรีนครินทร์,ชุมพล,120,123.5602686,1502.3427087,5783,5442,200,141,4,13,4,3,7,0,48,4,6,817,4,3068,52,1,11,5,0,78,5,8,1,11,4,1,494,6,20,28,53,2,4,5,5,4,1,3,49,3,12,371,74,19,0,5,1,7,4,6,15,59,0,5,1,13,0,15,3
ศรีนครินทร์,บ้านนา,78,90.8012005,1198.5873289,4972,4712,190,70,1,8,0,2,1,1,19,2,4,596,2,2581,34,0,4,2,1,48,1,1,1,2,0,2,739,2,6,17,38,6,3,2,3,2,0,30,31,6,9,328,54,7,2,8,0,8,3,2,12,42,2,5,0,25,0,5,2
ศรีนครินทร์,ลำสินธ์ุ,45,67.6624515,899.2658008999999,4125,3914,166,45,1,8,1,1,16,1,5,0,1,516,0,2265,40,1,8,1,1,56,1,3,3,2,2,0,385,0,9,13,35,4,4,2,2,1,0,2,27,4,7,332,33,10,1,5,3,5,2,6,14,50,0,6,0,13,2,3,1
ศรีนครินทร์,อ่างทอง,36,60.4590078,799.6809144,2937,2802,101,34,3,9,2,5,6,0,32,0,2,280,1,1696,21,0,3,4,0,17,3,5,0,1,0,0,352,3,4,10,45,1,1,1,1,0,0,44,13,3,12,122,30,8,0,3,0,4,1,2,7,38,0,2,0,4,0,1,0
ศรีบรรพต,ตะแพน,45,68.8397511,899.074621,3643,3526,75,42,0,11,0,2,4,1,14,1,2,520,5,2131,26,1,4,1,3,37,1,0,0,0,0,1,399,2,5,7,26,3,5,3,3,0,0,2,11,9,9,162,35,7,1,5,1,0,2,4,6,38,0,2,0,8,2,2,2
ศรีบรรพต,เขาปู่,66,84.832534,1098.1086203,3827,3626,116,85,2,6,0,0,7,0,6,1,2,538,5,2070,35,0,4,0,0,45,2,1,3,4,4,1,438,4,4,14,36,1,1,3,1,1,7,2,20,3,13,195,51,6,0,4,8,7,4,4,4,37,0,6,0,10,2,2,2
ศรีบรรพต,เขาย่า,55,77.3740355,999.0364288,4668,4467,151,50,6,10,0,1,6,1,15,0,4,512,4,2792,37,0,9,2,2,39,2,2,1,3,3,3,504,6,6,15,44,2,0,4,4,1,0,1,21,6,5,181,56,12,1,4,1,10,4,7,12,78,0,6,0,19,1,2,1
