district,subdistrict,unit_index,form_type,vote_phase,ballot_total,ballot_valid,ballot_invalid,ballot_no_vote,กรีน,กล้าธรรม,ก้าวอิสระ,ครูไทยเพื่อประชาชน,คลองไทย,ความหวังใหม่,ทางเลือกไทย,ท้องที่ไทย,ประชากรไทย,ประชาชน,ประชาชาติ,ประชาธิปัตย์,ประชาธิปไดยใหม่,ประชาอาสาชาติ,ประชาไทย,ปวงชนไทย,พร้อม,พลวัต,พลังธรรมใหม่,พลังประชารัฐ,พลังสังคมใหม่,พลังเพื่อไทย,พลังไทยรักชาติ,ฟิวชัน,ภูมิใจไทย,มิติใหม่,รวมพลังประชาชน,รวมใจไทย,รวมไทยสร้างชาติ,รักชาติ,วิชชั่นใหม่,สร้างอนาคตไทย,สังคมประชาธิปไดยไทย,อนาคตไทย,เครือข่ายชาวนาแห่งประเทศไทย,เป็นธรรม,เพื่อชาติไทย,เพื่อชีวิตใหม่,เพื่อบ้านเมือง,เพื่อไทย,เศรษฐกิจ,เสรีรวมไทย,แผ่นดินธรรม,แรงงานสร้างชาติ,โอกาสใหม่,ใหม่,ไทยก้าวหน้า,ไทยก้าวใหม่,ไทยชนะ,ไทยทรัพย์ทวี,ไทยธรรม,ไทยพร้อม,ไทยพิทักษ์ธรรม,ไทยภักดี,ไทยรวมไทย,ไทยสร้างไทย,ไทรวมพลัง,vote_sum,vote_mismatch,invalid_ratio,no_vote_ratio,turnout,winner_votes,winner_ratio,winner_margin,vote_entropy,integrity_score,anomaly_iforest,anomaly_dbscan,anomaly_type
ควนขนุน,ควนขนุน(เทศบาล),1,partylist,election_day,256,238,11,7,0,0,0,0,4,0,0,0,0,34,0,108,1,0,0,0,0,0,0,1,0,0,0,0,56,0,1,0,9,0,0,0,0,0,0,0,2,1,1,12,1,1,0,0,0,0,1,1,0,1,0,0,0,3,0,0,0,238,0,0.04296875,0.02734375,0.9296875,108.0,0.453781512605042,0.2184873949579832,1.6453490992487043,97.3046875,False,True,UNUSUAL_VOTING_PATTERN
ควนขนุน,ควนขนุน(เทศบาล),2,partylist,election_day,337,320,8,9,0,1,0,0,0,0,1,0,0,45,0,137,2,0,0,0,1,0,0,0,0,0,0,0,87,0,0,0,8,1,0,1,0,0,0,0,2,0,0,15,7,0,0,0,1,0,0,2,0,1,0,0,0,8,0,0,0,320,0,0.02373887240356083,0.026706231454005934,0.9495548961424333,137.0,0.428125,0.15625,1.6259982551336982,98.27893175074183,False,True,UNUSUAL_VOTING_PATTERN
ควนขนุน,ควนขนุน(เทศบาล),3,partylist,election_day,403,390,8,5,0,0,0,0,1,0,0,0,0,51,0,146,4,0,0,0,0,1,0,0,0,0,0,0,117,0,0,0,11,0,0,1,0,0,0,0,2,0,2,31,5,3,0,0,0,2,0,1,0,3,0,0,0,8,0,1,0,390,0,0.019851116625310174,0.01240694789081886,0.967741935483871,146.0,0.37435897435897436,0.07435897435897436,1.7120110162904258,98.75930521091811,False,False,NORMAL
ควนขนุน,ควนขนุน(เทศบาล),4,partylist,election_day,206,199,3,4,0,2,0,0,0,0,1,0,0,34,0,79,2,0,0,0,0,0,1,0,0,0,0,0,51,0,0,0,6,0,0,0,1,0,0,0,1,0,0,13,2,1,0,0,0,0,0,0,0,1,0,0,0,4,0,0,0,199,0,0.014563106796116505,0.019417475728155338,0.9660194174757282,79.0,0.3969849246231156,0.1407035175879397,1.6782058074330735,98.88349514563107,False,False,NORMAL
ควนขนุน,ควนขนุน,1,partylist,election_day,384,365,11,8,0,0,0,0,2,0,1,0,0,46,0,215,3,0,0,1,0,1,1,0,0,1,0,0,41,0,1,2,6,0,0,0,0,0,0,0,3,2,0,29,2,1,0,0,1,1,0,0,5,0,0,0,0,0,0,0,0,365,0,0.028645833333333332,0.020833333333333332,0.9505208333333334,215.0,0.589041095890411,0.46301369863013697,1.484425266885348,98.15104166666666,False,False,NORMAL
ควนขนุน,ควนขนุน,2,partylist,election_day,305,301,4,0,0,1,0,0,1,6,0,0,0,15,0,202,8,0,0,0,0,2,0,0,0,1,0,0,30,0,0,2,5,0,0,0,1,0,0,0,2,0,0,10,4,1,0,0,0,0,1,0,1,7,0,0,0,0,0,0,1,301,0,0.013114754098360656,0.0,0.9868852459016394,202.0,0.6710963455149501,0.5714285714285714,1.3990992662319806,99.34426229508196,False,False,NORMAL
ควนขนุน,ควนขนุน,3,partylist,election_day,639,612,17,10,0,0,0,2,0,0,0,0,0,70,1,371,7,0,0,0,0,4,1,2,0,1,0,0,99,2,0,0,5,0,1,0,1,0,0,0,3,0,2,23,3,2,0,0,0,1,0,3,0,3,0,0,0,4,0,1,0,612,0,0.026604068857589983,0.01564945226917058,0.9577464788732394,371.0,0.6062091503267973,0.4444444444444444,1.3967770552825187,98.35680751173709,False,False,NORMAL
ควนขนุน,ควนขนุน,4,partylist,election_day,707,671,32,4,0,1,0,0,1,4,5,0,1,89,0,371,12,0,2,0,0,4,0,0,0,0,1,1,99,0,1,3,2,0,0,1,1,1,0,0,7,1,1,27,11,2,0,1,0,1,2,0,1,12,0,1,0,4,0,0,0,671,0,0.04526166902404526,0.005657708628005658,0.9490806223479491,371.0,0.5529061102831595,0.40536512667660207,1.6332642524349688,97.62376237623762,False,False,NORMAL
ควนขนุน,ควนขนุน,5,partylist,election_day,381,368,8,5,0,1,0,0,1,0,1,0,1,33,0,214,2,0,1,0,0,10,0,0,0,0,0,0,61,0,0,0,11,0,0,0,0,0,0,0,0,1,0,19,3,0,0,0,0,3,1,1,2,1,0,0,0,1,0,0,0,368,0,0.02099737532808399,0.013123359580052493,0.9658792650918635,214.0,0.5815217391304348,0.4157608695652174,1.4809681978244325,98.68766404199475,False,False,NORMAL
ควนขนุน,ควนขนุน,6,partylist,election_day,623,599,22,2,2,0,0,0,1,0,1,0,0,87,3,347,2,0,0,0,0,5,0,1,0,1,2,1,74,0,3,1,3,1,1,0,0,0,0,0,4,0,1,40,4,4,0,0,0,1,0,0,1,5,0,0,0,1,0,1,1,599,0,0.03531300160513644,0.0032102728731942215,0.9614767255216693,347.0,0.5792988313856428,0.4340567612687813,1.501969435902883,98.1701444622793,False,False,NORMAL
ควนขนุน,ควนขนุน,7,partylist,election_day,374,361,8,5,0,0,0,0,1,1,2,0,0,62,2,157,5,0,1,1,0,2,1,0,0,0,0,0,89,0,1,0,4,0,0,0,0,0,0,0,3,0,0,17,4,1,0,0,0,0,1,0,0,3,0,1,0,2,0,0,0,361,0,0.0213903743315508,0.013368983957219251,0.9652406417112299,157.0,0.43490304709141275,0.1883656509695291,1.654416510423701,98.66310160427808,False,False,NORMAL
ควนขนุน,ควนขนุน,8,partylist,election_day,208,204,4,0,0,0,0,0,0,0,2,0,0,20,0,101,0,0,0,0,1,1,0,0,0,0,0,0,48,0,0,2,6,0,0,0,0,0,0,0,3,0,1,11,3,0,0,0,0,0,0,0,1,0,0,0,0,4,0,0,0,204,0,0.019230769230769232,0.0,0.9807692307692307,101.0,0.4950980392156863,0.25980392156862747,1.573530234479,99.03846153846153,False,False,NORMAL
ควนขนุน,ควนขนุน,9,partylist,election_day,80,78,1,1,0,0,0,0,0,0,0,0,0,15,0,23,2,1,0,0,0,0,0,0,0,0,0,0,24,0,0,0,4,0,0,0,0,0,0,0,0,0,0,6,2,0,0,0,0,0,0,0,0,0,0,0,0,1,0,0,0,78,0,0.0125,0.0125,0.975,24.0,0.3076923076923077,0.01282051282051282,1.6890327383134127,99.125,True,True,UNUSUAL_VOTING_PATTERN
ควนขนุน,ชะมวง,1,partylist,election_day,573,564,7,2,0,0,0,0,0,0,0,0,0,80,0,316,2,0,3,0,0,6,0,1,1,0,1,0,101,1,0,2,10,0,0,0,0,0,0,0,0,0,3,22,0,1,0,1,0,2,0,1,0,6,0,0,0,4,0,0,0,564,0,0.012216404886561954,0.0034904013961605585,0.9842931937172775,316.0,0.5602836879432624,0.38120567375886527,1.4337608556421193,99.31937172774869,False,False,NORMAL
ควนขนุน,ชะมวง,2,partylist,election_day,194,177,11,6,0,0,0,0,0,0,1,0,0,14,0,83,3,0,0,0,0,2,0,0,0,0,0,0,46,0,0,0,6,0,0,0,0,0,0,0,3,0,0,12,2,1,0,0,0,0,0,0,0,2,0,2,0,0,0,0,0,177,0,0.05670103092783505,0.030927835051546393,0.9123711340206185,83.0,0.4689265536723164,0.20903954802259886,1.6025092518419521,96.54639175257732,False,True,UNUSUAL_VOTING_PATTERN
ควนขนุน,ชะมวง,3,partylist,election_day,545,523,13,9,0,1,0,0,0,0,1,0,1,51,1,305,0,0,0,0,0,7,0,0,0,1,0,0,96,0,1,1,2,1,0,1,0,0,0,0,2,1,0,26,5,5,0,0,0,1,0,0,0,9,0,0,0,4,0,0,0,523,0,0.023853211009174313,0.01651376146788991,0.9596330275229358,305.0,0.5831739961759083,0.39961759082217974,1.4299166972692336,98.4770642201835,False,False,NORMAL
ควนขนุน,ชะมวง,4,partylist,election_day,185,180,2,3,1,0,0,0,0,0,2,0,0,27,2,80,3,0,0,1,0,2,0,0,0,0,0,0,53,0,1,0,0,0,0,0,0,0,0,0,0,0,1,4,0,0,0,0,0,0,1,0,0,2,0,0,0,0,0,0,0,180,0,0.010810810810810811,0.016216216216216217,0.972972972972973,80.0,0.4444444444444444,0.15,1.5020602435054693,99.13513513513513,False,False,NORMAL
ควนขนุน,ชะมวง,5,partylist,election_day,511,490,16,5,0,2,0,0,1,0,0,0,0,45,0,278,4,0,1,1,0,4,0,0,0,0,0,0,91,0,0,4,2,1,0,0,1,0,0,0,3,0,2,38,2,1,0,0,0,0,0,0,0,7,0,0,0,1,0,1,0,490,0,0.03131115459882583,0.009784735812133072,0.958904109589041,278.0,0.5673469387755102,0.3816326530612245,1.4523790880524121,98.23874755381605,False,False,NORMAL
ควนขนุน,ชะมวง,6,partylist,election_day,326,317,4,5,0,0,0,0,1,0,1,0,0,33,2,162,1,0,0,0,0,6,1,0,0,1,0,0,77,1,0,0,0,0,0,0,0,0,0,0,1,0,3,7,5,1,0,1,0,0,0,0,1,6,0,2,0,3,0,1,0,317,0,0.012269938650306749,0.015337423312883436,0.9723926380368099,162.0,0.5110410094637224,0.26813880126182965,1.5740995341002566,99.079754601227,False,False,NORMAL
ควนขนุน,ชะมวง,7,partylist,election_day,394,376,13,5,0,0,0,0,1,0,1,0,0,36,0,201,3,0,0,0,0,1,1,0,0,0,0,0,100,0,2,2,3,0,0,0,1,0,0,0,5,0,0,10,4,0,0,0,0,0,0,0,0,4,0,1,0,0,0,0,0,376,0,0.03299492385786802,0.012690355329949238,0.9543147208121827,201.0,0.5345744680851063,0.26861702127659576,1.3896539180217513,98.09644670050761,False,False,NORMAL
ควนขนุน,ชะมวง,8,partylist,election_day,360,342,16,2,0,1,0,0,0,0,1,0,0,83,3,135,0,0,0,1,1,3,2,2,0,0,0,1,70,1,0,1,7,0,0,0,0,0,0,0,2,0,0,12,2,1,0,0,0,1,0,0,0,10,0,0,0,2,0,0,0,342,0,0.044444444444444446,0.005555555555555556,0.95,135.0,0.39473684210526316,0.15204678362573099,1.7226476382668376,97.66666666666666,False,True,UNUSUAL_VOTING_PATTERN
ควนขนุน,ชะมวง,9,partylist,election_day,328,316,8,4,0,0,0,0,1,1,1,0,0,59,0,114,2,0,0,0,0,1,0,1,0,0,0,0,84,0,0,1,6,1,0,0,0,0,0,0,0,0,0,30,2,2,0,1,0,1,0,1,2,1,0,1,0,2,0,1,0,316,0,0.024390243902439025,0.012195121951219513,0.9634146341463414,114.0,0.36075949367088606,0.0949367088607595,1.7291349557353906,98.53658536585365,False,False,NORMAL
ควนขนุน,ชะมวง,10,partylist,election_day,196,188,6,2,0,2,0,0,0,0,1,0,0,43,0,51,3,0,1,0,0,1,0,1,0,0,0,0,52,0,0,0,3,0,1,0,0,0,0,0,0,0,0,25,1,1,0,0,0,0,0,1,0,0,1,0,0,0,0,0,0,188,0,0.030612244897959183,0.01020408163265306,0.9591836734693877,52.0,0.2765957446808511,0.005319148936170213,1.7461799983361643,98.26530612244899,True,True,UNUSUAL_VOTING_PATTERN
ควนขนุน,ชะมวง,11,partylist,election_day,486,463,18,5,0,1,0,0,0,0,3,0,0,49,0,244,2,0,1,1,0,6,0,0,0,0,0,0,100,0,0,3,0,0,0,0,0,0,0,0,2,0,2,37,1,0,1,0,0,0,1,1,2,4,0,1,1,0,0,0,0,463,0,0.037037037037037035,0.0102880658436214,0.9526748971193416,244.0,0.5269978401727862,0.31101511879049676,1.4842458264794447,97.94238683127573,False,False,NORMAL
ควนขนุน,ชะมวง,12,partylist,election_day,296,276,13,7,0,0,0,1,0,0,2,0,0,35,0,150,2,0,1,0,0,2,0,0,0,0,0,0,50,0,1,0,2,0,0,0,0,0,0,0,5,0,0,16,0,0,0,1,0,0,0,0,2,6,0,0,0,0,0,0,0,276,0,0.04391891891891892,0.02364864864864865,0.9324324324324325,150.0,0.5434782608695652,0.36231884057971014,1.4837187487716796,97.33108108108108,False,False,NORMAL
ควนขนุน,ชะมวง,13,partylist,election_day,462,445,10,7,0,0,0,0,3,0,1,0,0,51,2,274,11,0,0,0,0,3,1,0,0,1,0,0,43,0,2,0,5,0,0,0,0,0,0,0,1,0,3,26,4,1,0,0,0,0,1,0,0,12,0,0,0,0,0,0,0,445,0,0.021645021645021644,0.015151515151515152,0.9632034632034632,274.0,0.6157303370786517,0.501123595505618,1.4522079506880503,98.61471861471863,False,False,NORMAL
ควนขนุน,ชะมวง,14,partylist,election_day,588,555,28,5,0,0,0,1,0,0,2,0,0,85,0,315,3,0,0,0,0,4,0,0,0,0,0,0,88,1,2,2,5,0,0,0,0,0,0,0,2,0,1,27,11,1,0,0,0,0,0,0,2,2,0,0,0,0,0,1,0,555,0,0.047619047619047616,0.008503401360544218,0.9438775510204082,315.0,0.5675675675675675,0.409009009009009,1.410388309912009,97.44897959183673,False,False,NORMAL
ควนขนุน,ชะมวง,15,partylist,election_day,366,351,9,6,0,0,0,0,1,0,0,0,1,35,0,227,3,0,0,0,0,3,0,0,0,0,0,1,39,0,0,1,1,0,1,0,0,0,0,0,6,0,2,16,1,1,0,0,0,0,0,1,1,4,0,3,0,3,0,0,0,351,0,0.02459016393442623,0.01639344262295082,0.9590163934426229,227.0,0.6467236467236467,0.5356125356125356,1.3764371181659067,98.44262295081967,False,False,NORMAL
กงหรา2,ชะรัด,1,partylist,election_day,593,562,17,14,0,0,0,0,0,0,2,0,3,48,2,357,4,1,1,0,0,4,0,1,0,0,0,0,78,5,0,1,3,1,0,0,1,0,0,0,4,0,5,14,6,0,0,1,0,0,0,0,6,11,0,2,0,0,0,0,1,562,0,0.02866779089376054,0.023608768971332208,0.9477234401349073,357.0,0.6352313167259787,0.49644128113879005,1.4341747260147257,98.09443507588533,False,False,NORMAL
กงหรา2,ชะรัด,2,partylist,election_day,419,398,20,1,0,1,0,0,0,0,1,0,1,66,2,210,5,0,0,0,0,7,1,0,0,0,0,0,75,1,1,0,1,0,3,0,1,0,0,0,0,0,3,8,1,1,0,0,0,1,0,0,3,4,0,0,0,0,1,0,0,398,0,0.0477326968973747,0.002386634844868735,0.9498806682577565,210.0,0.5276381909547738,0.3391959798994975,1.5182497985451298,97.56563245823389,False,False,NORMAL
กงหรา2,ชะรัด,3,partylist,election_day,655,631,16,8,0,0,0,0,3,1,2,0,2,90,5,390,7,0,3,0,0,5,1,0,0,1,0,0,55,0,0,1,5,0,2,0,1,0,0,1,4,0,3,27,2,2,0,2,0,0,0,0,0,12,0,2,0,2,0,0,0,631,0,0.024427480916030534,0.012213740458015267,0.9633587786259542,390.0,0.618066561014263,0.4754358161648177,1.4785643702802416,98.53435114503817,False,False,NORMAL
กงหรา2,ชะรัด,4,partylist,election_day,331,308,16,7,0,2,0,0,0,0,1,0,0,44,6,171,4,0,0,1,0,2,1,0,0,0,0,0,37,0,0,1,4,0,0,0,0,0,0,0,0,0,1,23,3,0,0,0,0,0,0,0,3,2,0,2,0,0,0,0,0,308,0,0.04833836858006042,0.021148036253776436,0.9305135951661632,171.0,0.5551948051948052,0.41233766233766234,1.5566358067742863,97.16012084592145,False,False,NORMAL
กงหรา2,ชะรัด,5,partylist,election_day,399,383,14,2,0,0,0,0,0,0,0,0,0,69,7,170,0,0,3,0,1,7,0,0,0,0,1,0,55,2,2,2,3,0,0,0,0,0,0,0,5,2,1,41,7,0,0,1,0,1,0,0,0,2,0,0,0,0,1,0,0,383,0,0.03508771929824561,0.005012531328320802,0.9598997493734336,170.0,0.44386422976501305,0.26370757180156656,1.769619032866395,98.1453634085213,False,False,NORMAL
กงหรา2,ชะรัด,6,partylist,election_day,429,412,15,2,0,8,0,0,0,0,4,0,0,74,1,172,3,0,1,0,0,13,1,0,0,0,0,0,75,0,1,2,2,0,0,0,0,0,0,0,4,0,0,37,4,0,0,0,0,1,0,0,1,4,0,1,0,2,0,0,1,412,0,0.03496503496503497,0.004662004662004662,0.9603729603729604,172.0,0.4174757281553398,0.2354368932038835,1.7955361117286455,98.15850815850816,False,False,NORMAL
กงหรา2,ชะรัด,7,partylist,election_day,277,271,3,3,0,1,0,0,1,0,0,0,0,26,0,153,3,0,0,0,0,0,0,0,0,1,0,0,65,0,0,1,3,0,1,0,1,0,0,0,1,0,0,9,0,1,0,0,0,0,1,0,0,3,0,0,0,0,0,0,0,271,0,0.010830324909747292,0.010830324909747292,0.9783393501805054,153.0,0.5645756457564576,0.3247232472324723,1.3387785393341047,99.2418772563177,False,False,NORMAL
กงหรา2,ชะรัด,8,partylist,election_day,617,592,15,10,0,1,0,0,3,0,2,0,0,69,1,359,6,0,1,0,0,5,1,0,0,1,0,0,99,0,2,1,5,2,1,0,0,0,0,0,2,2,1,8,4,0,0,0,0,1,2,1,2,7,0,1,0,1,1,0,0,592,0,0.024311183144246355,0.01620745542949757,0.9594813614262561,359.0,0.606418918918919,0.4391891891891892,1.426023753798388,98.46029173419774,False,False,NORMAL
กงหรา2,ชะรัด,9,partylist,election_day,383,360,13,10,0,0,0,0,1,0,0,0,0,49,2,222,5,0,0,0,0,7,0,1,0,0,0,0,43,0,0,1,4,0,1,0,0,0,0,0,2,0,1,11,3,0,0,0,0,1,0,0,1,3,0,1,0,0,0,1,0,360,0,0.033942558746736295,0.02610966057441253,0.9399477806788512,222.0,0.6166666666666667,0.48055555555555557,1.4006039568308284,97.78067885117494,False,False,NORMAL
กงหรา2,ชะรัด,10,partylist,election_day,517,490,22,5,0,0,0,0,1,1,3,1,3,42,3,313,1,1,0,1,0,5,0,0,1,0,0,0,69,1,1,0,5,0,2,0,0,0,0,0,4,0,2,11,5,1,0,0,1,1,0,1,0,7,0,1,0,1,1,0,0,490,0,0.0425531914893617,0.009671179883945842,0.9477756286266924,313.0,0.6387755102040816,0.49795918367346936,1.4392173586157058,97.678916827853,False,False,NORMAL
ศรีนครินทร์,ชุมพล,1,partylist,election_day,645,596,25,24,0,0,0,0,0,0,3,0,1,89,1,341,3,0,0,1,0,7,0,0,0,2,1,1,63,0,3,3,7,0,2,0,2,0,0,0,2,1,2,35,8,2,0,1,1,2,0,0,5,2,0,3,1,0,0,1,0,596,0,0.03875968992248062,0.037209302325581395,0.924031007751938,341.0,0.5721476510067114,0.4228187919463087,1.6031429577096452,97.31782945736434,False,True,UNUSUAL_VOTING_PATTERN
ศรีนครินทร์,ชุมพล,2,partylist,election_day,345,328,12,5,1,1,1,0,0,0,1,0,1,45,1,212,4,0,0,0,0,6,0,0,0,0,1,0,15,0,1,1,2,0,0,0,0,0,0,0,2,0,0,19,5,2,0,0,0,0,1,1,1,3,0,0,0,0,0,1,0,328,0,0.034782608695652174,0.014492753623188406,0.9507246376811594,212.0,0.6463414634146342,0.5091463414634146,1.417224463072531,97.97101449275362,False,False,NORMAL
ศรีนครินทร์,ชุมพล,3,partylist,election_day,363,339,16,8,0,2,0,1,0,0,0,0,0,71,0,153,5,0,2,0,0,4,1,1,0,1,0,0,30,0,2,2,7,0,0,0,0,1,0,2,1,0,1,37,7,1,0,1,0,1,0,0,2,1,0,0,0,2,0,0,0,339,0,0.0440771349862259,0.02203856749311295,0.9338842975206612,153.0,0.45132743362831856,0.24188790560471976,1.8186658092036339,97.35537190082644,False,True,UNUSUAL_VOTING_PATTERN
ศรีนครินทร์,ชุมพล,4,partylist,election_day,418,375,19,24,1,6,2,0,0,0,13,1,1,66,1,85,5,0,0,1,0,11,0,0,0,3,0,0,45,3,3,8,8,0,0,1,0,2,0,0,24,0,0,38,18,1,0,0,0,0,1,0,1,23,0,0,0,2,0,1,0,375,0,0.045454545454545456,0.05741626794258373,0.8971291866028708,85.0,0.22666666666666666,0.050666666666666665,2.487130290516781,96.57894736842105,True,True,UNUSUAL_VOTING_PATTERN
ศรีนครินทร์,ชุมพล,5,partylist,election_day,402,384,13,5,0,1,1,0,1,0,3,0,1,50,0,248,5,0,1,0,0,6,0,1,0,1,0,0,27,0,1,1,2,0,0,0,1,0,0,0,2,0,0,22,1,1,0,0,0,1,1,0,0,4,0,1,0,0,0,0,0,384,0,0.03233830845771144,0.012437810945273632,0.9552238805970149,248.0,0.6458333333333334,0.515625,1.3924827659039112,98.13432835820896,False,False,NORMAL
ศรีนครินทร์,ชุมพล,6,partylist,election_day,493,455,22,16,0,0,0,0,1,0,1,0,0,56,1,269,7,0,0,2,0,8,2,1,0,1,0,0,53,1,2,0,6,1,0,2,0,0,0,1,1,1,0,25,2,5,0,0,0,1,0,0,1,3,0,0,0,0,0,1,0,455,0,0.04462474645030426,0.032454361054766734,0.922920892494929,269.0,0.5912087912087912,0.46813186813186813,1.5476020755223812,97.11967545638946,False,True,UNUSUAL_VOTING_PATTERN
ศรีนครินทร์,ชุมพล,7,partylist,election_day,274,259,5,10,0,0,0,0,0,0,1,0,0,41,0,150,2,0,0,0,0,3,0,0,0,1,1,0,25,0,0,3,2,0,1,0,0,0,0,0,1,0,1,14,8,0,0,0,0,0,1,0,0,4,0,0,0,0,0,0,0,259,0,0.01824817518248175,0.0364963503649635,0.9452554744525548,150.0,0.5791505791505791,0.42084942084942084,1.4919036627891118,98.35766423357664,False,True,UNUSUAL_VOTING_PATTERN
ศรีนครินทร์,ชุมพล,8,partylist,election_day,637,604,20,13,0,1,0,0,0,0,11,1,0,134,0,301,3,0,3,0,0,3,1,2,0,0,0,0,66,1,2,3,5,0,0,0,1,1,0,0,5,0,0,36,4,3,0,2,0,1,0,2,1,2,0,1,0,6,0,2,0,604,0,0.03139717425431711,0.02040816326530612,0.9481946624803768,301.0,0.49834437086092714,0.2764900662251656,1.6631130563409244,98.02197802197801,False,False,NORMAL
ศรีนครินทร์,ชุมพล,9,partylist,election_day,290,274,9,7,0,0,0,0,1,0,0,0,1,35,0,176,3,0,1,0,0,2,0,0,0,0,0,0,31,0,0,1,0,0,0,0,0,0,0,0,1,0,1,16,3,0,0,0,0,0,0,0,0,2,0,0,0,0,0,0,0,274,0,0.03103448275862069,0.02413793103448276,0.9448275862068966,176.0,0.6423357664233577,0.5145985401459854,1.2531950748991334,97.96551724137932,False,False,NORMAL
ศรีนครินทร์,ชุมพล,10,partylist,election_day,349,331,9,9,0,1,0,1,1,0,1,0,1,35,0,206,1,0,1,0,0,5,0,0,0,0,0,0,31,1,1,0,4,0,0,0,1,0,0,0,2,0,1,26,3,0,0,0,0,0,0,0,0,4,0,0,0,0,0,4,0,331,0,0.025787965616045846,0.025787965616045846,0.9484240687679083,206.0,0.622356495468278,0.5166163141993958,1.4440862322558705,98.19484240687679,False,False,NORMAL
ศรีนครินทร์,ชุมพล,11,partylist,election_day,547,526,21,0,0,0,0,1,1,0,7,0,0,75,0,310,6,0,1,0,0,10,0,2,1,1,0,0,44,0,0,0,4,0,0,0,0,0,0,0,3,0,4,37,3,0,0,1,0,1,0,0,1,7,0,0,0,3,0,0,3,526,0,0.038391224862888484,0.0,0.9616087751371115,310.0,0.5893536121673004,0.4467680608365019,1.5334828212164322,98.08043875685557,False,False,NORMAL
ศรีนครินทร์,ชุมพล,12,partylist,election_day,244,224,11,9,0,1,0,0,0,0,0,1,0,35,0,118,3,0,0,0,0,7,0,1,0,1,0,0,20,0,1,1,2,0,1,0,0,0,0,0,0,0,1,22,6,1,0,0,0,0,0,1,1,0,0,0,0,0,0,0,0,224,0,0.045081967213114756,0.036885245901639344,0.9180327868852459,118.0,0.5267857142857143,0.3705357142857143,1.642228166275038,97.00819672131148,False,True,UNUSUAL_VOTING_PATTERN
ศรีนครินทร์,ชุมพล,13,partylist,election_day,254,245,3,6,2,0,0,0,0,0,2,1,0,24,0,179,1,0,0,0,0,1,0,0,0,0,1,0,7,0,1,0,3,1,0,1,0,0,0,0,0,0,0,12,4,0,0,0,0,0,0,2,2,1,0,0,0,0,0,0,0,245,0,0.011811023622047244,0.023622047244094488,0.9645669291338582,179.0,0.7306122448979592,0.6326530612244898,1.1639447665869618,98.93700787401575,True,False,UNUSUAL_VOTING_PATTERN
ศรีนครินทร์,ชุมพล,14,partylist,election_day,275,260,10,5,0,0,0,0,1,0,1,0,0,28,0,166,2,0,1,1,0,3,0,0,0,0,0,0,20,0,3,4,0,0,0,0,0,0,1,0,3,0,0,18,1,3,0,0,0,0,0,0,0,0,0,0,0,0,0,4,0,260,0,0.03636363636363636,0.01818181818181818,0.9454545454545454,166.0,0.6384615384615384,0.5307692307692308,1.4087853503255314,97.81818181818183,False,False,NORMAL
ศรีนครินทร์,ชุมพล,15,partylist,election_day,247,242,5,0,0,0,0,0,1,0,4,0,0,33,0,154,2,1,1,0,0,2,1,0,0,0,0,0,17,0,0,1,1,0,0,1,0,0,0,0,2,1,1,14,1,0,0,0,0,0,0,0,0,3,0,0,0,0,0,1,0,242,0,0.020242914979757085,0.0,0.979757085020243,154.0,0.6363636363636364,0.5,1.4013890602165808,98.98785425101215,False,False,NORMAL
ควนขนุน,ดอนทราย,1,partylist,election_day,206,202,2,2,0,1,0,0,1,0,0,0,0,27,0,105,1,0,0,0,0,0,1,1,0,0,0,0,42,0,0,1,3,1,0,0,0,0,0,0,0,0,0,10,1,1,0,0,1,0,0,0,1,0,0,0,0,4,0,0,0,202,0,0.009708737864077669,0.009708737864077669,0.9805825242718447,105.0,0.5198019801980198,0.3118811881188119,1.5137012550399045,99.32038834951456,False,False,NORMAL
ควนขนุน,ดอนทราย,2,partylist,election_day,372,357,10,5,1,1,0,0,1,0,3,0,0,68,0,193,4,0,1,0,0,1,0,0,0,0,0,1,52,0,0,1,3,0,0,0,1,0,0,0,0,1,1,14,3,1,0,0,0,0,1,1,0,3,0,0,0,1,0,0,0,357,0,0.026881720430107527,0.013440860215053764,0.9596774193548387,193.0,0.5406162464985994,0.35014005602240894,1.4974396156733003,98.38709677419355,False,False,NORMAL
ควนขนุน,ดอนทราย,3,partylist,election_day,301,286,11,4,0,3,0,0,0,0,0,0,0,26,0,196,2,0,1,0,0,1,0,0,0,0,0,0,27,0,1,0,5,0,0,0,0,1,0,0,0,1,2,7,4,2,0,0,0,2,1,0,1,2,0,0,0,1,0,0,0,286,0,0.036544850498338874,0.013289036544850499,0.9501661129568106,196.0,0.6853146853146853,0.5909090909090909,1.3005735405348948,97.90697674418605,False,False,NORMAL
ควนขนุน,ดอนทราย,4,partylist,election_day,255,246,3,6,0,1,0,0,2,0,1,0,0,30,0,109,3,0,0,0,0,1,0,0,0,0,0,0,70,0,1,2,10,0,1,0,0,0,0,0,2,0,0,3,1,1,0,0,0,0,1,0,0,3,0,2,0,2,0,0,0,246,0,0.011764705882352941,0.023529411764705882,0.9647058823529412,109.0,0.44308943089430897,0.15853658536585366,1.640972426624032,98.94117647058823,False,False,NORMAL
ควนขนุน,ดอนทราย,5,partylist,election_day,475,456,15,4,1,2,0,0,0,0,1,0,0,43,2,281,8,0,0,0,0,3,0,0,0,0,0,0,75,0,2,1,2,0,0,0,1,1,0,0,1,0,1,6,11,0,0,0,4,2,1,0,0,2,0,2,0,3,0,0,0,456,0,0.031578947368421054,0.008421052631578947,0.96,281.0,0.6162280701754386,0.4517543859649123,1.4173947296311722,98.25263157894737,False,False,NORMAL
ควนขนุน,ดอนทราย,6,partylist,election_day,284,279,2,3,0,1,0,0,1,0,1,0,0,32,0,126,1,0,1,0,0,1,0,0,0,1,0,0,76,1,1,1,8,0,0,0,0,0,0,0,3,0,1,8,1,1,0,0,0,0,0,0,0,3,0,2,0,7,0,0,1,279,0,0.007042253521126761,0.01056338028169014,0.9823943661971831,126.0,0.45161290322580644,0.17921146953405018,1.6732146247223272,99.43661971830986,False,True,UNUSUAL_VOTING_PATTERN
ควนขนุน,ดอนทราย,7,partylist,election_day,528,504,20,4,0,0,1,0,1,1,5,1,1,68,0,257,2,0,0,2,0,1,1,0,0,1,0,1,114,0,1,2,9,0,0,0,0,0,0,0,1,0,0,16,6,2,0,0,0,0,0,1,0,3,1,1,0,1,0,1,2,504,0,0.03787878787878788,0.007575757575757576,0.9545454545454546,257.0,0.5099206349206349,0.2837301587301587,1.5675619889284633,97.95454545454545,False,False,NORMAL
ควนขนุน,ดอนทราย,8,partylist,election_day,262,255,5,2,0,0,0,0,0,0,0,0,0,34,1,120,3,0,0,0,0,3,0,0,0,0,0,0,63,1,0,0,2,0,0,0,1,0,0,1,0,0,0,15,3,1,0,1,0,0,0,0,0,4,0,0,0,2,0,0,0,255,0,0.019083969465648856,0.007633587786259542,0.9732824427480916,120.0,0.47058823529411764,0.2235294117647059,1.5638565470614574,98.89312977099236,False,False,NORMAL
ควนขนุน,ดอนทราย,9,partylist,election_day,586,568,15,3,1,9,1,0,1,0,1,0,0,68,0,368,5,0,0,0,0,3,0,0,0,0,0,0,68,1,2,1,1,0,0,0,2,2,0,0,1,1,2,15,2,2,0,1,0,2,1,0,1,3,0,0,0,3,0,0,0,568,0,0.025597269624573378,0.005119453924914676,0.9692832764505119,368.0,0.647887323943662,0.528169014084507,1.3490543341248502,98.61774744027304,False,False,NORMAL
ควนขนุน,ดอนทราย,10,partylist,election_day,379,367,6,6,0,0,0,0,0,0,1,0,0,42,0,214,1,0,0,0,0,0,0,1,0,0,0,0,74,1,0,0,2,0,0,0,0,0,0,0,1,0,2,10,6,1,0,0,0,0,0,0,0,8,0,0,0,3,0,0,0,367,0,0.0158311345646438,0.0158311345646438,0.9683377308707124,214.0,0.5831062670299727,0.3814713896457766,1.3269363065104889,98.89182058047493,False,False,NORMAL
ควนขนุน,ดอนทราย,11,partylist,election_day,264,252,10,2,1,0,0,0,2,0,0,0,0,23,0,151,1,0,1,0,0,3,0,0,0,0,0,0,36,0,0,1,8,0,0,0,0,0,0,0,0,0,0,5,8,0,0,0,0,1,0,2,0,5,0,1,0,3,0,0,0,252,0,0.03787878787878788,0.007575757575757576,0.9545454545454546,151.0,0.5992063492063492,0.45634920634920634,1.491881427371301,97.95454545454545,False,False,NORMAL
ศรีบรรพต,ตะแพน,1,partylist,election_day,340,329,9,2,0,2,0,0,0,0,2,0,1,31,0,208,3,0,2,0,0,3,0,0,0,0,0,0,40,0,0,0,3,0,0,1,0,0,0,1,2,0,0,19,5,0,0,0,0,0,1,1,0,4,0,0,0,0,0,0,0,329,0,0.026470588235294117,0.0058823529411764705,0.9676470588235294,208.0,0.6322188449848024,0.5106382978723404,1.3912367850061742,98.55882352941175,False,False,NORMAL
ศรีบรรพต,ตะแพน,2,partylist,election_day,603,582,15,6,0,0,0,0,0,0,2,0,0,98,2,272,4,0,0,0,0,4,0,0,0,0,0,0,121,0,1,1,3,1,0,1,0,0,0,0,3,2,0,40,9,0,0,2,0,0,0,1,2,8,0,0,0,3,0,1,1,582,0,0.024875621890547265,0.009950248756218905,0.9651741293532339,272.0,0.46735395189003437,0.25945017182130586,1.6134280079616325,98.55721393034825,False,False,NORMAL
ศรีบรรพต,ตะแพน,3,partylist,election_day,335,323,4,8,0,0,0,1,1,0,0,0,0,55,2,208,3,0,0,0,0,8,0,0,0,0,0,0,15,0,0,1,1,0,0,0,0,0,0,0,1,0,2,15,2,2,0,1,0,0,0,0,0,3,0,0,0,1,0,0,1,323,0,0.011940298507462687,0.023880597014925373,0.9641791044776119,208.0,0.6439628482972136,0.47368421052631576,1.3175125854249683,98.92537313432837,False,False,NORMAL
ศรีบรรพต,ตะแพน,4,partylist,election_day,144,143,1,0,0,0,0,0,0,0,1,0,0,24,0,86,1,0,0,0,0,0,1,0,0,0,0,0,23,0,0,0,0,0,0,0,0,0,0,0,0,0,0,6,0,0,1,0,0,0,0,0,0,0,0,0,0,0,0,0,0,143,0,0.006944444444444444,0.0,0.9930555555555556,86.0,0.6013986013986014,0.43356643356643354,1.1711377548201092,99.65277777777777,False,True,UNUSUAL_VOTING_PATTERN
ศรีบรรพต,ตะแพน,5,partylist,election_day,549,522,18,9,0,5,0,1,0,1,3,0,0,111,0,297,5,0,1,0,1,6,0,0,0,0,0,0,40,0,1,1,3,2,1,0,0,0,0,0,2,1,1,20,5,1,0,0,1,0,0,1,2,7,0,0,0,2,0,0,0,522,0,0.03278688524590164,0.01639344262295082,0.9508196721311475,297.0,0.5689655172413793,0.3563218390804598,1.5030383370637435,98.0327868852459,False,False,NORMAL
ศรีบรรพต,ตะแพน,6,partylist,election_day,376,369,5,2,0,1,0,0,2,0,2,0,0,50,0,227,0,0,0,0,0,8,0,0,0,0,0,1,36,0,1,3,4,0,2,0,1,0,0,1,0,2,0,11,5,1,0,2,0,0,0,0,0,6,0,0,0,2,0,1,0,369,0,0.013297872340425532,0.005319148936170213,0.9813829787234043,227.0,0.6151761517615176,0.4796747967479675,1.479792868395355,99.22872340425532,False,False,NORMAL
ศรีบรรพต,ตะแพน,7,partylist,election_day,614,602,6,6,0,0,0,0,0,0,1,0,0,65,0,435,3,1,1,0,2,5,0,0,0,0,0,0,46,2,1,1,4,0,1,1,0,0,0,0,2,0,2,16,5,1,0,0,0,0,0,0,0,6,0,0,0,0,1,0,0,602,0,0.009771986970684038,0.009771986970684038,0.9804560260586319,435.0,0.7225913621262459,0.6146179401993356,1.1248076985383864,99.3159609120521,False,True,UNUSUAL_VOTING_PATTERN
ศรีบรรพต,ตะแพน,8,partylist,election_day,343,336,5,2,0,2,0,0,1,0,1,1,0,32,1,202,5,0,0,0,0,1,0,0,0,0,0,0,42,0,0,0,0,0,1,0,1,0,0,0,1,3,4,28,1,2,0,0,0,0,0,1,2,3,0,0,0,0,1,0,0,336,0,0.014577259475218658,0.0058309037900874635,0.9795918367346939,202.0,0.6011904761904762,0.47619047619047616,1.4784194997267153,99.1545189504373,False,False,NORMAL
ศรีบรรพต,ตะแพน,9,partylist,election_day,339,320,12,7,0,1,0,0,0,0,2,0,1,54,0,196,2,0,0,1,0,2,0,0,0,0,0,0,36,0,1,0,8,0,0,0,1,0,0,0,0,1,0,7,3,0,0,0,0,0,1,0,0,1,0,2,0,0,0,0,0,320,0,0.035398230088495575,0.02064896755162242,0.943952802359882,196.0,0.6125,0.44375,1.3370078358082036,97.81710914454277,False,False,NORMAL
ควนขนุน,ทะเลน้อย,1,partylist,election_day,614,578,30,6,0,2,0,1,1,0,4,0,0,56,0,287,6,0,2,0,1,10,1,0,0,2,1,0,110,1,1,2,4,1,1,0,2,0,0,0,6,1,1,59,2,1,0,0,0,0,0,0,0,7,0,0,0,2,0,2,1,578,0,0.048859934853420196,0.009771986970684038,0.9413680781758957,287.0,0.49653979238754326,0.3062283737024221,1.7096643783371435,97.3615635179153,False,False,NORMAL
ควนขนุน,ทะเลน้อย,2,partylist,election_day,330,314,12,4,0,0,0,0,3,0,0,0,0,46,0,130,0,0,0,0,0,4,1,0,0,0,1,0,98,0,0,0,2,0,0,0,0,0,0,0,0,0,0,15,2,1,0,0,0,1,0,0,0,7,0,2,0,1,0,0,0,314,0,0.03636363636363636,0.012121212121212121,0.9515151515151515,130.0,0.4140127388535032,0.10191082802547771,1.528164268834355,97.93939393939394,False,False,NORMAL
ควนขนุน,ทะเลน้อย,3,partylist,election_day,341,320,17,4,0,0,0,2,0,0,2,0,0,41,0,138,1,0,2,0,0,1,1,0,0,0,0,0,63,0,1,1,1,0,1,0,0,0,0,1,0,0,0,49,3,0,0,1,0,1,0,0,0,7,0,0,0,3,0,0,0,320,0,0.04985337243401759,0.011730205278592375,0.9384164222873901,138.0,0.43125,0.234375,1.6798645160581045,97.27272727272727,False,False,NORMAL
ควนขนุน,ทะเลน้อย,4,partylist,election_day,377,355,18,4,0,0,0,2,2,0,0,0,0,30,1,131,8,0,0,0,0,1,0,0,0,0,0,0,139,1,1,2,1,0,0,1,1,0,0,0,2,1,0,17,2,1,0,0,0,2,0,2,1,6,0,0,0,0,0,0,0,355,0,0.04774535809018567,0.010610079575596816,0.9416445623342176,139.0,0.39154929577464787,0.022535211267605635,1.6134320880106734,97.40053050397877,False,True,UNUSUAL_VOTING_PATTERN
ควนขนุน,ทะเลน้อย,5,partylist,election_day,508,476,29,3,0,1,0,0,0,0,0,1,0,58,1,202,4,0,1,1,0,1,3,0,0,2,0,0,110,0,2,1,2,1,0,1,1,0,0,0,1,0,0,56,9,2,0,1,0,0,0,1,1,8,0,2,0,2,0,0,0,476,0,0.05708661417322835,0.005905511811023622,0.937007874015748,202.0,0.42436974789915966,0.19327731092436976,1.7456328995849122,97.0275590551181,False,True,UNUSUAL_VOTING_PATTERN
ควนขนุน,ทะเลน้อย,6,partylist,election_day,296,278,15,3,0,2,0,0,0,0,1,0,0,21,0,138,2,0,1,0,0,2,2,0,0,0,0,0,64,1,0,1,4,0,2,1,0,0,0,0,2,1,0,24,3,3,0,0,0,1,0,0,0,2,0,0,0,0,0,0,0,278,0,0.05067567567567568,0.010135135135135136,0.9391891891891891,138.0,0.49640287769784175,0.26618705035971224,1.641366794584222,97.2635135135135,False,False,NORMAL
ควนขนุน,ทะเลน้อย,7,partylist,election_day,337,315,17,5,0,1,0,0,0,0,0,0,0,27,1,173,8,0,0,0,0,2,1,0,0,0,0,0,64,0,2,1,1,0,0,1,0,0,0,0,3,0,1,22,0,0,0,2,0,0,0,0,1,2,0,0,1,1,0,0,0,315,0,0.050445103857566766,0.01483679525222552,0.9347181008902077,173.0,0.5492063492063493,0.346031746031746,1.4981121969746578,97.18100890207715,False,False,NORMAL
ควนขนุน,ทะเลน้อย,8,partylist,election_day,456,429,19,8,0,4,0,0,0,0,0,0,0,55,1,230,4,0,0,1,1,1,0,1,0,0,1,0,84,0,0,6,2,0,0,0,0,0,0,2,4,1,2,13,5,0,0,2,0,1,0,1,1,4,0,0,0,2,0,0,0,429,0,0.041666666666666664,0.017543859649122806,0.9407894736842105,230.0,0.5361305361305362,0.34032634032634035,1.5751994668277474,97.56578947368422,False,False,NORMAL
ควนขนุน,ทะเลน้อย,9,partylist,election_day,408,382,19,7,0,5,0,0,2,0,1,1,1,49,0,164,1,0,1,0,0,2,0,0,0,0,0,0,99,0,1,2,1,0,1,0,0,0,0,1,0,0,4,22,7,1,0,0,0,1,1,2,0,6,0,3,0,2,0,1,0,382,0,0.04656862745098039,0.01715686274509804,0.9362745098039216,164.0,0.4293193717277487,0.17015706806282724,1.7616805786463503,97.32843137254902,False,True,UNUSUAL_VOTING_PATTERN
ควนขนุน,ทะเลน้อย,10,partylist,election_day,387,356,29,2,0,1,0,1,1,0,0,0,1,36,2,148,3,0,0,1,0,3,1,0,0,1,0,0,115,0,1,1,2,0,1,0,0,0,0,1,3,0,1,17,6,0,0,0,0,1,0,0,1,6,0,0,0,1,0,0,0,356,0,0.07493540051679587,0.00516795865633075,0.9198966408268734,148.0,0.4157303370786517,0.09269662921348315,1.671034290224986,96.14987080103359,False,True,UNUSUAL_VOTING_PATTERN
ควนขนุน,นาขยาด,1,partylist,election_day,681,648,21,12,0,2,0,0,2,0,0,0,1,106,0,366,4,0,2,1,0,4,0,0,0,0,0,0,93,0,0,2,7,0,0,0,0,0,0,0,3,2,0,34,5,0,0,0,0,0,0,2,3,2,0,0,0,6,0,1,0,648,0,0.030837004405286344,0.01762114537444934,0.9515418502202643,366.0,0.5648148148148148,0.4012345679012346,1.44932038574932,98.10572687224669,False,False,NORMAL
ควนขนุน,นาขยาด,2,partylist,election_day,656,619,22,15,0,1,1,0,2,0,1,1,1,78,0,377,9,1,0,0,0,4,0,1,0,0,0,0,76,0,0,1,10,0,1,0,0,0,0,0,3,2,2,23,6,1,0,0,1,0,0,0,1,10,0,0,0,5,0,0,0,619,0,0.03353658536585366,0.022865853658536585,0.9435975609756098,377.0,0.6090468497576736,0.48303715670436187,1.4601631211416088,97.8658536585366,False,False,NORMAL
ควนขนุน,นาขยาด,3,partylist,election_day,326,311,10,5,0,0,0,0,1,0,0,0,0,30,0,166,2,0,0,0,0,0,0,0,0,0,0,0,80,0,1,0,6,0,0,0,0,0,0,0,0,0,1,8,4,0,0,0,0,0,0,0,0,3,0,1,0,6,0,2,0,311,0,0.03067484662576687,0.015337423312883436,0.9539877300613497,166.0,0.5337620578778135,0.2765273311897106,1.3959399408356317,98.15950920245399,False,False,NORMAL
ควนขนุน,นาขยาด,4,partylist,election_day,380,359,13,8,0,2,0,0,0,0,1,0,0,41,0,207,4,0,1,0,0,1,0,0,0,0,0,0,75,0,1,2,4,0,0,0,0,0,0,1,1,0,1,12,2,0,0,1,0,0,0,0,0,1,0,1,0,0,0,0,0,359,0,0.034210526315789476,0.021052631578947368,0.9447368421052632,207.0,0.5766016713091922,0.36768802228412256,1.3568350034581784,97.86842105263158,False,False,NORMAL
ควนขนุน,นาขยาด,5,partylist,election_day,471,438,20,13,0,2,0,0,1,0,1,0,0,72,1,221,3,0,2,0,0,3,0,1,0,0,0,0,69,1,0,5,6,0,0,0,0,0,0,0,2,1,0,31,7,0,0,0,0,1,1,0,1,3,0,1,0,1,1,0,0,438,0,0.04246284501061571,0.027600849256900213,0.9299363057324841,221.0,0.5045662100456622,0.3401826484018265,1.6393276298670207,97.3248407643312,False,False,NORMAL
ควนขนุน,นาขยาด,6,partylist,election_day,628,602,15,11,0,3,0,0,2,0,1,1,1,68,1,407,8,0,0,0,0,4,0,0,0,0,0,0,57,0,1,2,2,1,1,0,0,0,1,0,3,2,2,11,7,1,0,0,2,0,4,0,1,5,0,1,0,1,0,0,1,602,0,0.02388535031847134,0.01751592356687898,0.9585987261146497,407.0,0.6760797342192691,0.5631229235880398,1.327752215373362,98.45541401273886,False,False,NORMAL
ควนขนุน,นาขยาด,7,partylist,election_day,387,368,13,6,0,0,0,0,0,0,0,0,0,67,0,224,5,1,2,0,0,3,1,0,0,0,0,0,25,0,3,0,0,0,0,0,0,0,0,0,2,0,2,25,2,1,0,1,0,0,0,2,2,0,0,0,0,0,0,0,0,368,0,0.03359173126614987,0.015503875968992248,0.9509043927648578,224.0,0.6086956521739131,0.4266304347826087,1.3487798353998217,98.01033591731266,False,False,NORMAL
ควนขนุน,นาขยาด,8,partylist,election_day,393,384,5,4,0,1,0,0,2,0,3,0,0,58,0,221,0,0,1,0,0,1,0,0,0,0,1,0,53,0,1,1,2,1,1,0,0,0,0,0,1,2,2,11,4,0,0,0,0,2,0,1,0,6,0,0,0,6,0,1,1,384,0,0.01272264631043257,0.010178117048346057,0.9770992366412213,221.0,0.5755208333333334,0.4244791666666667,1.516852003595591,99.16030534351144,False,False,NORMAL
ควนขนุน,นาขยาด,9,partylist,election_day,416,400,7,9,0,1,0,1,0,0,0,0,0,46,0,255,2,0,1,0,0,4,0,0,0,0,1,0,42,0,1,4,9,0,0,0,1,0,0,0,1,0,1,22,1,1,0,0,0,0,0,0,1,4,0,1,0,0,0,0,0,400,0,0.016826923076923076,0.021634615384615384,0.9615384615384616,255.0,0.6375,0.5225,1.3616605118923173,98.72596153846153,False,False,NORMAL
ควนขนุน,นาขยาด,10,partylist,election_day,366,347,13,6,0,1,1,0,1,0,0,0,1,55,0,188,3,0,0,0,0,0,0,1,0,0,0,0,39,0,1,1,2,0,1,0,0,0,0,1,5,0,2,26,8,0,0,1,0,2,0,0,2,4,0,1,0,0,0,0,0,347,0,0.03551912568306011,0.01639344262295082,0.9480874316939891,188.0,0.5417867435158501,0.38328530259365995,1.6086540536125544,97.89617486338797,False,False,NORMAL
ควนขนุน,นาขยาด,11,partylist,election_day,404,388,6,10,0,1,0,0,1,0,0,0,2,52,0,260,1,0,0,0,0,4,0,0,0,0,1,0,36,0,0,1,2,0,0,0,1,0,0,0,1,0,1,13,2,0,0,0,0,1,1,0,0,5,0,1,1,0,0,0,0,388,0,0.01485148514851485,0.024752475247524754,0.9603960396039604,260.0,0.6701030927835051,0.5360824742268041,1.241046136139508,98.76237623762376,False,False,NORMAL
ควนขนุน,นาขยาด,12,partylist,election_day,456,436,15,5,0,0,0,0,1,0,4,0,0,76,0,239,3,0,0,1,0,2,0,0,0,0,0,0,75,0,2,0,6,0,0,1,0,0,0,0,2,0,0,10,4,0,0,0,0,0,1,1,1,6,0,0,0,0,0,0,1,436,0,0.03289473684210526,0.010964912280701754,0.956140350877193,239.0,0.5481651376146789,0.3738532110091743,1.4333895582856957,98.1359649122807,False,False,NORMAL
ศรีนครินทร์,บ้านนา,1,partylist,election_day,619,576,33,10,0,0,0,0,1,0,6,0,1,75,0,306,4,0,1,2,0,8,0,0,0,1,0,0,82,1,0,4,2,4,1,1,0,0,0,0,4,1,1,35,15,1,0,1,0,0,0,2,1,8,0,0,0,7,0,0,0,576,0,0.05331179321486268,0.01615508885298869,0.9305331179321487,306.0,0.53125,0.3888888888888889,1.693572680584964,97.01130856219709,False,False,NORMAL
ศรีนครินทร์,บ้านนา,2,partylist,election_day,185,182,3,0,0,0,0,0,0,0,2,0,0,0,0,88,0,0,0,0,1,0,0,0,0,0,0,0,32,0,0,0,2,0,0,0,0,0,0,29,1,0,1,22,1,0,0,0,0,0,0,0,0,2,0,0,0,1,0,0,0,182,0,0.016216216216216217,0.0,0.9837837837837838,88.0,0.4835164835164835,0.3076923076923077,1.4967397382277634,99.1891891891892,False,False,NORMAL
ศรีนครินทร์,บ้านนา,3,partylist,election_day,501,468,22,11,0,2,0,0,0,0,2,0,0,60,0,252,3,0,0,0,0,5,1,0,0,0,0,0,84,0,0,0,7,1,0,0,0,0,0,0,4,0,0,32,4,0,0,1,0,2,1,0,0,0,0,1,0,5,0,1,0,468,0,0.043912175648702596,0.021956087824351298,0.9341317365269461,252.0,0.5384615384615384,0.358974358974359,1.510797807061481,97.36526946107784,False,False,NORMAL
ศรีนครินทร์,บ้านนา,4,partylist,election_day,439,413,15,11,0,0,0,1,0,0,0,0,1,35,0,247,2,0,0,0,0,11,0,0,0,0,0,0,63,0,0,0,2,0,0,0,1,1,0,0,2,2,1,20,8,0,0,0,0,4,0,0,1,11,0,0,0,0,0,0,0,413,0,0.03416856492027335,0.025056947608200455,0.9407744874715261,247.0,0.5980629539951574,0.44552058111380144,1.4552446443969935,97.79043280182232,False,False,NORMAL
ศรีนครินทร์,บ้านนา,5,partylist,election_day,314,288,17,9,1,0,0,0,0,0,0,0,0,44,1,135,3,0,0,0,0,3,0,0,0,0,0,0,65,0,0,1,5,0,0,1,0,1,0,0,0,0,1,15,1,1,0,0,0,0,0,0,2,3,0,0,0,4,0,1,0,288,0,0.054140127388535034,0.028662420382165606,0.9171974522292994,135.0,0.46875,0.24305555555555555,1.6159516728195435,96.71974522292994,False,True,UNUSUAL_VOTING_PATTERN
ศรีนครินทร์,บ้านนา,6,partylist,election_day,433,414,18,1,0,0,0,0,0,0,2,0,1,48,1,210,3,0,0,0,0,2,0,1,0,0,0,0,109,0,1,1,3,0,0,0,0,0,0,1,3,2,0,20,3,0,0,0,0,0,0,0,0,3,0,0,0,0,0,0,0,414,0,0.04157043879907621,0.0023094688221709007,0.9561200923787528,210.0,0.5072463768115942,0.24396135265700483,1.4349967418888774,97.87528868360276,False,False,NORMAL
ศรีนครินทร์,บ้านนา,7,partylist,election_day,406,391,12,3,0,1,0,0,0,0,2,0,0,37,0,245,2,0,0,0,0,4,0,0,0,0,0,0,48,0,1,4,3,0,2,0,1,0,0,0,5,0,0,21,5,0,0,1,0,0,0,0,2,2,1,1,0,2,0,1,0,391,0,0.029556650246305417,0.007389162561576354,0.9630541871921182,245.0,0.6265984654731458,0.5038363171355499,1.441947505987696,98.3743842364532,False,False,NORMAL
ศรีนครินทร์,บ้านนา,8,partylist,election_day,591,574,14,3,0,2,0,0,0,1,0,0,1,91,0,329,6,0,0,0,0,2,0,0,0,1,0,0,82,0,2,4,5,0,0,0,1,0,0,0,3,0,0,27,4,2,0,2,0,1,0,0,0,2,0,2,0,3,0,0,1,574,0,0.023688663282571912,0.005076142131979695,0.9712351945854484,329.0,0.573170731707317,0.4146341463414634,1.4503408522795453,98.71404399323181,False,False,NORMAL
ศรีนครินทร์,บ้านนา,9,partylist,election_day,329,309,9,11,0,1,0,1,0,0,1,0,0,68,0,99,3,0,0,0,0,5,0,0,1,0,0,1,37,0,1,0,2,0,0,0,0,0,0,0,3,0,0,76,4,0,0,2,0,0,0,0,1,2,0,0,0,0,0,1,0,309,0,0.02735562310030395,0.03343465045592705,0.939209726443769,99.0,0.32038834951456313,0.0744336569579288,1.7562344498203488,97.96352583586626,False,True,UNUSUAL_VOTING_PATTERN
ศรีนครินทร์,บ้านนา,10,partylist,election_day,341,327,12,2,0,0,0,0,0,0,0,0,0,40,0,215,4,0,2,0,0,3,0,0,0,0,0,0,23,0,1,1,2,0,0,0,0,0,0,0,1,0,2,24,1,2,0,0,0,1,1,0,1,1,0,1,0,0,0,1,0,327,0,0.03519061583577713,0.005865102639296188,0.9589442815249267,215.0,0.6574923547400612,0.5351681957186545,1.3097821743783251,98.12316715542521,False,False,NORMAL
ศรีนครินทร์,บ้านนา,11,partylist,election_day,427,409,14,4,0,1,0,0,0,0,3,1,0,55,0,226,1,0,0,0,0,3,0,0,0,0,0,0,78,1,0,0,2,0,0,0,0,0,0,0,3,1,0,18,3,1,0,0,0,0,1,0,3,5,1,0,0,1,0,0,1,409,0,0.03278688524590164,0.00936768149882904,0.9578454332552693,226.0,0.5525672371638142,0.36185819070904646,1.4581971037187094,98.17330210772833,False,False,NORMAL
ศรีนครินทร์,บ้านนา,12,partylist,election_day,387,361,21,5,0,1,0,0,0,0,1,1,0,43,0,229,3,0,1,0,0,2,0,0,0,0,0,1,36,0,0,2,3,1,0,0,0,0,0,0,2,0,3,18,5,0,2,1,0,0,0,0,1,3,0,0,0,2,0,0,0,361,0,0.05426356589147287,0.012919896640826873,0.9328165374677002,229.0,0.6343490304709142,0.5152354570637119,1.4145030939365317,97.02842377260983,False,True,UNUSUAL_VOTING_PATTERN
ป่าพะยอม,บ้านพร้าว,1,partylist,election_day,438,419,7,12,1,2,0,0,0,0,1,0,0,109,0,213,3,0,0,0,0,3,0,2,0,0,0,0,45,0,4,0,3,0,0,0,0,0,0,0,1,0,0,23,3,1,0,1,0,0,0,0,0,0,0,0,0,4,0,0,0,419,0,0.01598173515981735,0.0273972602739726,0.95662100456621,213.0,0.5083532219570406,0.24821002386634844,1.446523376866445,98.65296803652969,False,True,UNUSUAL_VOTING_PATTERN
ป่าพะยอม,บ้านพร้าว,2,partylist,election_day,392,368,11,13,0,0,1,0,1,0,3,0,0,65,0,197,3,0,0,0,0,0,0,0,0,0,0,0,51,0,0,0,8,1,0,0,2,0,0,0,1,1,1,10,5,1,0,0,0,1,0,0,2,4,0,0,0,5,0,0,0,363,5,0.02806122448979592,0.03316326530612245,0.9387755102040817,197.0,0.5353260869565217,0.358695652173913,1.5326545790031734,76.57497781721385,False,False,SCORE_BALLOT_MISMATCH
ป่าพะยอม,บ้านพร้าว,3,partylist,election_day,506,481,18,7,0,0,0,0,1,0,0,0,0,79,1,264,4,0,1,0,0,3,0,0,0,0,1,0,63,0,0,5,10,0,0,0,0,0,0,0,2,0,2,18,6,4,0,0,3,2,0,1,0,5,1,0,0,3,0,2,0,481,0,0.03557312252964427,0.01383399209486166,0.950592885375494,264.0,0.5488565488565489,0.38461538461538464,1.5881854555913728,97.94466403162055,False,False,NORMAL
ป่าพะยอม,บ้านพร้าว,4,partylist,election_day,677,645,23,9,0,2,0,0,2,0,2,2,0,90,0,345,11,0,1,0,0,7,0,0,0,1,1,0,110,0,0,2,12,0,0,1,0,0,0,1,7,0,0,15,10,4,0,0,0,0,1,0,2,13,0,0,0,1,0,1,1,645,0,0.033973412112259974,0.013293943870014771,0.9527326440177253,345.0,0.5348837209302325,0.3643410852713178,1.6128923423269452,98.0354505169867,False,False,NORMAL
ป่าพะยอม,บ้านพร้าว,5,partylist,election_day,318,306,9,3,1,0,0,0,0,0,0,0,0,45,0,207,2,0,2,1,0,1,0,0,0,0,0,0,19,0,1,0,4,0,0,0,0,0,0,0,0,0,0,14,3,0,0,0,0,2,0,1,1,0,1,0,0,1,0,0,0,306,0,0.02830188679245283,0.009433962264150943,0.9622641509433962,207.0,0.6764705882352942,0.5294117647058824,1.210305223330762,98.39622641509435,False,False,NORMAL
ป่าพะยอม,บ้านพร้าว,6,partylist,election_day,243,231,8,4,0,0,1,0,0,0,1,0,1,26,0,153,2,0,0,0,0,3,0,0,0,0,0,0,24,0,0,2,1,0,0,0,0,0,0,0,1,0,1,4,6,0,0,0,0,2,0,0,0,0,0,0,0,0,0,1,2,231,0,0.03292181069958848,0.01646090534979424,0.9506172839506173,153.0,0.6623376623376623,0.5497835497835498,1.3048525483560636,98.0246913580247,False,False,NORMAL
ป่าพะยอม,บ้านพร้าว,7,partylist,election_day,628,603,13,12,0,2,0,0,0,0,3,0,1,81,1,346,7,0,0,0,0,5,0,1,0,2,0,0,79,0,1,0,10,2,0,0,0,0,0,0,3,1,2,34,6,1,0,0,0,0,1,0,2,10,1,0,0,1,0,0,0,603,0,0.020700636942675158,0.01910828025477707,0.9601910828025477,346.0,0.5737976782752903,0.439469320066335,1.5331032652202212,98.58280254777071,False,False,NORMAL
ป่าพะยอม,บ้านพร้าว,8,partylist,election_day,373,360,13,0,0,0,0,1,0,0,1,0,0,46,1,217,6,0,0,0,1,1,1,0,0,0,1,0,54,0,0,1,2,0,0,0,0,0,0,0,1,0,3,7,7,0,0,0,0,0,0,1,0,8,0,0,0,0,0,0,0,360,0,0.03485254691689008,0.0,0.9651474530831099,217.0,0.6027777777777777,0.4527777777777778,1.3909058899669482,98.25737265415549,False,False,NORMAL
ป่าพะยอม,บ้านพร้าว,9,partylist,election_day,687,657,22,8,0,0,0,0,2,0,1,5,2,69,0,420,10,0,1,0,0,3,0,0,0,0,0,0,94,1,0,2,5,0,0,1,0,1,0,0,1,1,3,11,8,4,0,0,1,0,1,0,0,6,0,2,0,2,0,0,0,657,0,0.03202328966521106,0.011644832605531296,0.9563318777292577,420.0,0.639269406392694,0.4961948249619482,1.3612281170035399,98.16593886462883,False,False,NORMAL
ป่าพะยอม,บ้านพร้าว,10,partylist,election_day,636,605,23,8,0,1,0,0,1,0,3,0,0,99,0,366,7,0,1,1,0,2,0,0,0,0,0,0,65,1,0,1,6,1,2,1,0,0,0,0,1,0,0,15,11,2,0,1,0,0,1,1,0,9,0,1,0,5,0,0,0,605,0,0.036163522012578615,0.012578616352201259,0.9512578616352201,366.0,0.6049586776859505,0.4413223140495868,1.4246296194935322,97.94025157232704,False,False,NORMAL
ป่าพะยอม,บ้านพร้าว,11,partylist,election_day,443,418,17,8,0,1,0,0,1,0,0,0,0,52,0,237,6,0,0,1,0,9,1,0,0,0,0,0,52,0,5,2,2,0,0,0,1,0,0,0,3,2,0,17,11,2,0,1,0,0,1,0,1,6,0,0,0,4,0,0,0,418,0,0.03837471783295711,0.01805869074492099,0.9435665914221218,237.0,0.5669856459330144,0.44258373205741625,1.6213412622493284,97.72009029345372,False,False,NORMAL
ควนขนุน,ปันแต,1,partylist,election_day,227,217,7,3,0,0,0,0,0,0,1,0,0,27,0,133,3,0,1,0,0,3,0,1,0,0,0,0,25,0,1,0,2,0,0,0,0,0,0,0,0,0,2,11,0,0,0,1,0,2,0,1,0,2,0,0,0,1,0,0,0,217,0,0.030837004405286344,0.013215859030837005,0.9559471365638766,133.0,0.6129032258064516,0.48847926267281105,1.4241847994640289,98.19383259911893,False,False,NORMAL
ควนขนุน,ปันแต,2,partylist,election_day,129,126,2,1,0,0,0,0,0,0,0,0,0,15,1,77,0,0,0,0,0,0,0,0,0,0,0,0,8,1,2,0,1,0,0,0,0,0,0,0,0,0,0,19,1,0,0,0,0,0,0,0,0,1,0,0,0,0,0,0,0,126,0,0.015503875968992248,0.007751937984496124,0.9767441860465116,77.0,0.6111111111111112,0.4603174603174603,1.2723141466499877,99.06976744186048,False,False,NORMAL
ควนขนุน,ปันแต,3,partylist,election_day,493,483,5,5,0,0,0,0,0,0,2,0,0,62,0,317,5,0,2,0,0,3,0,0,0,0,0,0,57,0,0,2,3,0,0,0,0,2,0,0,1,0,0,16,3,1,0,1,0,0,0,0,1,3,0,2,0,0,0,0,0,483,0,0.010141987829614604,0.010141987829614604,0.9797160243407708,317.0,0.6563146997929606,0.5279503105590062,1.2433053806793082,99.29006085192697,False,False,NORMAL
ควนขนุน,ปันแต,4,partylist,election_day,251,240,9,2,0,0,0,0,1,0,2,0,0,16,0,141,1,0,1,0,0,1,0,0,0,0,0,0,59,0,0,0,5,0,0,0,0,0,0,0,0,0,1,8,2,0,0,0,0,0,0,0,0,2,0,0,0,0,0,0,0,240,0,0.035856573705179286,0.00796812749003984,0.9561752988047809,141.0,0.5875,0.3416666666666667,1.2658352638896389,98.04780876494023,False,False,NORMAL
ควนขนุน,ปันแต,5,partylist,election_day,490,467,13,10,0,0,0,0,0,0,2,0,0,47,2,283,5,0,1,0,0,4,1,1,0,0,0,0,80,1,1,1,4,0,1,0,0,0,0,0,3,0,3,18,2,1,0,0,0,0,0,0,0,4,0,1,0,0,0,1,0,467,0,0.026530612244897958,0.02040816326530612,0.9530612244897959,283.0,0.6059957173447538,0.4346895074946467,1.3997757021219426,98.26530612244898,False,False,NORMAL
ควนขนุน,ปันแต,6,partylist,election_day,498,477,15,6,1,0,0,0,0,0,0,0,1,59,1,267,5,0,0,0,0,6,0,0,0,1,2,0,79,0,0,1,6,0,0,0,0,0,0,0,2,0,1,25,7,1,0,1,1,0,1,0,1,7,0,0,0,1,0,0,0,477,0,0.030120481927710843,0.012048192771084338,0.9578313253012049,267.0,0.559748427672956,0.3941299790356394,1.5184766356434252,98.25301204819277,False,False,NORMAL
ควนขนุน,ปันแต,7,partylist,election_day,200,195,3,2,0,1,0,0,0,0,2,0,0,23,0,104,2,0,0,1,0,2,0,0,0,0,0,0,45,0,0,0,2,0,0,0,0,0,0,0,0,0,0,5,1,1,0,0,0,1,0,0,1,2,0,0,0,2,0,0,0,195,0,0.015,0.01,0.975,104.0,0.5333333333333333,0.30256410256410254,1.4637801316630932,99.05,False,False,NORMAL
ควนขนุน,ปันแต,8,partylist,election_day,171,168,3,0,0,1,0,0,2,0,1,0,0,16,0,115,3,0,1,0,0,2,1,0,0,0,0,0,17,1,0,0,1,0,0,0,0,0,0,0,0,1,0,4,0,0,0,0,0,1,0,0,0,1,0,0,0,0,0,0,0,168,0,0.017543859649122806,0.0,0.9824561403508771,115.0,0.6845238095238095,0.5833333333333334,1.2560660972646303,99.12280701754386,False,False,NORMAL
ควนขนุน,ปันแต,9,partylist,election_day,349,342,5,2,0,0,0,0,0,0,1,0,0,38,0,221,4,0,1,1,0,3,0,0,0,0,0,0,44,0,0,0,2,0,0,0,0,0,0,0,0,0,1,17,1,1,0,0,1,0,2,0,0,1,0,0,1,2,0,0,0,342,0,0.014326647564469915,0.0057306590257879654,0.9799426934097422,221.0,0.6461988304093568,0.5175438596491229,1.2766496281730473,99.16905444126074,False,False,NORMAL
ควนขนุน,ปันแต,10,partylist,election_day,353,338,10,5,0,0,0,0,0,0,3,0,1,46,0,153,5,0,0,0,0,5,0,0,0,1,1,0,63,0,0,0,0,0,0,0,1,0,0,0,0,0,1,40,4,3,0,0,0,0,0,0,0,9,0,1,0,1,0,0,0,338,0,0.028328611898016998,0.014164305949008499,0.9575070821529745,153.0,0.4526627218934911,0.26627218934911245,1.6740712693421307,98.30028328611898,False,False,NORMAL
ควนขนุน,ปันแต,11,partylist,election_day,384,358,23,3,0,0,0,1,0,0,1,0,0,32,0,212,1,0,0,0,0,5,0,0,0,0,1,0,45,0,0,4,1,1,0,2,0,1,0,0,0,0,0,30,8,2,0,1,0,0,1,1,2,3,0,0,0,3,0,0,0,358,0,0.059895833333333336,0.0078125,0.9322916666666666,212.0,0.5921787709497207,0.4664804469273743,1.520717263593315,96.84895833333333,False,True,UNUSUAL_VOTING_PATTERN
ควนขนุน,ปันแต,12,partylist,election_day,336,328,4,4,0,0,0,0,2,0,1,0,0,45,0,192,2,0,0,0,0,0,0,0,0,0,0,0,47,0,0,0,5,1,0,1,0,0,0,0,0,2,1,22,4,0,0,0,0,1,0,0,1,1,0,0,0,0,0,0,0,328,0,0.011904761904761904,0.011904761904761904,0.9761904761904762,192.0,0.5853658536585366,0.4420731707317073,1.3800561546851684,99.16666666666666,False,False,NORMAL
ควนขนุน,ปันแต,13,partylist,election_day,188,180,8,0,0,0,0,0,0,0,0,0,0,12,0,102,1,0,0,0,0,1,0,0,0,0,0,0,43,1,0,1,7,0,0,0,0,0,0,0,0,0,0,8,2,0,1,0,0,0,0,0,0,1,0,0,0,0,0,0,0,180,0,0.0425531914893617,0.0,0.9574468085106383,102.0,0.5666666666666667,0.3277777777777778,1.3321740205278736,97.87234042553192,False,False,NORMAL
ป่าพะยอม,ป่าพะยอม,1,partylist,election_day,453,432,16,5,0,0,0,1,1,0,1,0,1,43,0,291,5,0,1,0,0,4,0,0,0,0,0,0,51,0,1,1,7,0,0,0,0,0,0,0,1,1,2,8,0,0,0,1,0,0,1,0,2,5,0,2,0,1,0,0,0,432,0,0.03532008830022075,0.011037527593818985,0.9536423841059603,291.0,0.6736111111111112,0.5555555555555556,1.27850168542079,98.01324503311258,False,False,NORMAL
ป่าพะยอม,ป่าพะยอม,2,partylist,election_day,337,318,11,8,2,0,0,0,0,0,1,0,0,35,3,176,3,0,0,0,0,1,0,1,0,0,0,0,53,0,0,2,20,0,0,0,0,0,0,0,1,1,0,7,5,2,0,0,0,0,0,0,1,3,0,0,0,1,0,0,0,318,0,0.032640949554896145,0.02373887240356083,0.9436201780415431,176.0,0.5534591194968553,0.3867924528301887,1.546650639210627,97.89317507418397,False,False,NORMAL
ป่าพะยอม,ป่าพะยอม,3,partylist,election_day,357,342,11,4,0,0,0,1,0,0,0,0,0,38,5,172,7,0,0,0,0,0,0,1,0,0,0,0,59,0,0,2,31,0,0,0,0,0,0,0,0,0,1,10,7,2,0,0,0,0,0,1,0,2,0,0,0,3,0,0,0,342,0,0.03081232492997199,0.011204481792717087,0.957983193277311,172.0,0.5029239766081871,0.3304093567251462,1.6348220261291462,98.23529411764706,False,False,NORMAL
ป่าพะยอม,ป่าพะยอม,4,partylist,election_day,511,486,14,11,2,0,0,0,2,0,3,0,0,66,3,282,7,0,1,0,0,0,0,0,0,0,0,1,55,0,0,1,10,0,1,0,0,0,0,0,2,0,0,11,13,3,0,0,0,3,0,2,3,8,0,2,0,3,0,2,0,486,0,0.0273972602739726,0.021526418786692758,0.9510763209393346,282.0,0.5802469135802469,0.4444444444444444,1.599716723728947,98.19960861056751,False,False,NORMAL
ป่าพะยอม,ป่าพะยอม,5,partylist,election_day,397,389,7,1,1,0,0,0,0,0,1,0,1,45,0,253,5,0,2,1,0,4,0,0,0,0,0,0,40,0,1,0,7,0,0,0,1,0,0,0,3,0,6,7,5,0,0,0,0,0,0,0,1,4,0,0,0,1,0,0,0,389,0,0.017632241813602016,0.0025188916876574307,0.9798488664987406,253.0,0.6503856041131105,0.5347043701799485,1.3654747292357945,99.06801007556675,False,False,NORMAL
ป่าพะยอม,ป่าพะยอม,6,partylist,election_day,531,499,12,20,0,0,0,0,0,0,4,2,0,64,0,336,3,0,1,0,0,3,1,0,0,0,0,0,37,0,1,1,9,1,1,0,0,1,0,0,0,0,1,11,3,1,0,2,0,1,0,2,1,6,0,2,0,4,0,0,0,499,0,0.022598870056497175,0.03766478342749529,0.9397363465160076,336.0,0.6733466933867736,0.5450901803607214,1.3273409679075907,98.11676082862523,False,True,UNUSUAL_VOTING_PATTERN
ป่าพะยอม,ป่าพะยอม,7,partylist,election_day,498,478,13,7,3,1,0,0,0,0,0,0,0,59,0,310,5,0,2,0,0,6,1,0,0,0,1,0,55,1,2,0,2,0,1,0,1,0,0,1,3,0,0,13,4,2,0,0,0,0,0,0,0,4,0,0,1,0,0,0,0,478,0,0.02610441767068273,0.014056224899598393,0.9598393574297188,310.0,0.6485355648535565,0.5251046025104602,1.3271740364940525,98.4136546184739,False,False,NORMAL
ป่าพะยอม,ป่าพะยอม,8,partylist,election_day,571,557,7,7,0,0,0,1,0,0,3,0,0,57,1,370,5,0,0,0,0,2,0,0,0,0,0,0,54,1,0,3,2,0,0,1,1,0,0,0,5,0,3,24,6,1,0,3,0,0,0,0,2,10,0,0,0,1,0,1,0,557,0,0.012259194395796848,0.012259194395796848,0.9754816112084063,370.0,0.6642728904847397,0.5619389587073609,1.3363148230285806,99.14185639229422,False,False,NORMAL
ควนขนุน,พนมวังก์,1,partylist,election_day,400,393,4,3,0,2,1,0,0,0,1,1,0,58,0,234,5,0,0,0,0,2,0,1,0,1,0,0,45,0,3,0,4,1,0,0,0,0,0,0,5,0,1,19,2,0,0,0,0,1,0,0,4,1,0,0,0,1,0,0,0,393,0,0.01,0.0075,0.9825,234.0,0.5954198473282443,0.44783715012722647,1.4599815146380006,99.35,False,False,NORMAL
ควนขนุน,พนมวังก์,2,partylist,election_day,631,596,23,12,0,0,0,0,1,0,1,0,0,72,0,351,3,0,3,0,0,2,1,2,0,0,0,1,98,1,1,3,5,1,0,0,1,0,0,0,4,0,0,22,2,2,0,0,0,1,0,0,2,10,0,2,0,3,1,0,0,596,0,0.03645007923930269,0.01901743264659271,0.9445324881141046,351.0,0.5889261744966443,0.42449664429530204,1.4565074397891735,97.797147385103,False,False,NORMAL
ควนขนุน,พนมวังก์,3,partylist,election_day,574,545,17,12,0,1,0,0,0,0,0,0,0,92,0,288,3,0,0,0,0,5,1,0,0,2,0,0,96,0,0,1,6,0,0,0,0,0,0,1,0,0,0,16,8,2,0,1,2,0,1,2,1,7,0,3,0,5,0,1,0,545,0,0.029616724738675958,0.020905923344947737,0.9494773519163763,288.0,0.5284403669724771,0.3522935779816514,1.532501934484462,98.10104529616724,False,False,NORMAL
ควนขนุน,พนมวังก์,4,partylist,election_day,530,502,20,8,0,0,0,0,0,0,4,1,1,63,0,233,6,0,1,2,0,7,1,0,0,0,0,0,134,0,0,2,7,0,1,0,0,0,0,1,3,1,1,13,5,1,0,0,0,0,0,0,0,4,0,0,0,8,0,1,1,502,0,0.03773584905660377,0.01509433962264151,0.9471698113207547,233.0,0.4641434262948207,0.19721115537848605,1.6357333396940161,97.81132075471697,False,False,NORMAL
ควนขนุน,พนมวังก์,5,partylist,election_day,398,371,19,8,0,1,0,0,1,0,1,0,1,39,0,187,4,0,2,0,0,6,2,0,0,0,0,0,43,0,0,1,11,0,0,0,2,0,0,0,0,0,0,53,2,4,0,0,0,3,0,0,0,3,0,2,3,0,0,0,0,371,0,0.04773869346733668,0.020100502512562814,0.9321608040201005,187.0,0.5040431266846361,0.3611859838274933,1.7159593832201803,97.2110552763819,False,True,UNUSUAL_VOTING_PATTERN
ควนขนุน,พนมวังก์,6,partylist,election_day,628,596,23,9,0,5,0,0,0,0,2,0,1,72,0,200,4,0,1,0,1,3,0,1,0,0,0,0,216,0,0,1,5,1,0,0,0,0,0,0,2,0,0,55,4,3,1,1,0,0,1,1,2,8,0,0,0,5,0,0,0,596,0,0.03662420382165605,0.014331210191082803,0.9490445859872612,216.0,0.3624161073825503,0.026845637583892617,1.6726820968462117,97.88216560509554,False,True,UNUSUAL_VOTING_PATTERN
ควนขนุน,พนมวังก์,7,partylist,election_day,516,492,14,10,0,0,0,0,0,0,1,0,0,62,0,308,4,0,2,0,0,3,1,0,0,0,1,0,67,0,0,2,4,0,0,0,0,0,0,0,1,0,3,18,4,1,0,1,0,2,0,0,0,6,0,0,0,1,0,0,0,492,0,0.027131782945736434,0.01937984496124031,0.9534883720930233,308.0,0.6260162601626016,0.4898373983739837,1.3354079682521502,98.25581395348837,False,False,NORMAL
ควนขนุน,พนมวังก์,8,partylist,election_day,551,523,23,5,0,1,0,1,0,0,0,0,0,61,0,316,3,0,0,0,0,4,0,0,0,1,0,0,67,0,1,2,8,0,0,0,0,0,0,0,3,1,5,28,5,3,0,0,0,1,1,1,1,4,0,3,0,2,0,0,0,523,0,0.041742286751361164,0.009074410163339383,0.9491833030852994,316.0,0.6042065009560229,0.47609942638623326,1.4711107575159124,97.73139745916517,False,False,NORMAL
ควนขนุน,พนางตุง,1,partylist,election_day,412,384,18,10,0,0,0,1,0,0,1,1,0,50,1,104,6,0,0,1,0,5,0,0,0,0,0,0,122,0,0,2,5,0,1,0,0,0,0,0,4,0,0,63,9,2,0,1,0,0,0,1,0,3,0,0,0,0,0,0,1,384,0,0.043689320388349516,0.024271844660194174,0.9320388349514563,122.0,0.3177083333333333,0.046875,1.8257482318307146,97.33009708737865,False,True,UNUSUAL_VOTING_PATTERN
ควนขนุน,พนางตุง,2,partylist,election_day,352,326,22,4,0,1,0,0,2,0,0,0,1,47,0,94,0,0,0,0,0,2,0,0,0,0,0,0,110,0,0,0,2,1,0,0,0,0,0,0,2,1,0,48,6,1,0,1,0,0,0,3,1,2,1,0,0,0,0,0,0,326,0,0.0625,0.011363636363636364,0.9261363636363636,110.0,0.3374233128834356,0.049079754601226995,1.7013912431413403,96.64772727272727,False,True,UNUSUAL_VOTING_PATTERN
ควนขนุน,พนางตุง,3,partylist,election_day,650,629,14,7,0,0,0,0,1,0,3,0,0,111,0,271,11,0,0,0,0,1,0,0,0,0,0,0,143,2,1,1,3,0,0,0,0,0,0,0,4,0,2,48,7,2,0,1,0,2,0,3,0,3,0,2,0,6,0,1,0,629,0,0.021538461538461538,0.010769230769230769,0.9676923076923077,271.0,0.43084260731319557,0.20349761526232116,1.6542341882927336,98.7076923076923,False,False,NORMAL
ควนขนุน,พนางตุง,4,partylist,election_day,367,356,7,4,0,0,0,0,0,0,0,0,0,26,1,221,3,0,1,0,0,1,0,0,0,0,0,0,62,0,1,1,1,0,0,0,1,0,0,3,5,0,0,19,5,1,0,0,0,0,0,0,2,2,0,0,0,0,0,0,0,356,0,0.01907356948228883,0.010899182561307902,0.9700272479564033,221.0,0.6207865168539326,0.44662921348314605,1.3384425817522287,98.8283378746594,False,False,NORMAL
ควนขนุน,พนางตุง,5,partylist,election_day,659,634,19,6,0,3,0,0,0,0,3,0,3,77,0,308,6,0,0,1,0,6,1,1,0,4,0,0,131,0,1,2,8,0,1,0,2,0,0,0,11,0,1,32,13,2,0,0,0,0,1,0,2,6,0,0,0,7,0,0,1,634,0,0.028831562974203338,0.009104704097116844,0.9620637329286799,308.0,0.48580441640378547,0.27917981072555204,1.7326392102334063,98.3763277693475,False,False,NORMAL
ควนขนุน,พนางตุง,6,partylist,election_day,680,655,19,6,1,2,0,0,0,0,4,0,0,52,1,325,4,0,0,0,0,5,1,1,0,1,1,1,182,0,0,2,2,1,0,1,0,0,1,0,2,2,1,34,6,1,0,0,0,2,0,0,4,12,0,0,1,2,0,0,0,655,0,0.027941176470588237,0.008823529411764706,0.9632352941176471,325.0,0.4961832061068702,0.2183206106870229,1.5576282867122018,98.4264705882353,False,False,NORMAL
ควนขนุน,พนางตุง,7,partylist,election_day,483,455,25,3,1,0,0,1,1,0,1,0,0,41,0,209,5,0,1,0,0,4,0,0,0,0,0,0,148,0,0,2,3,0,1,0,0,0,0,0,2,1,1,5,7,0,0,1,0,1,0,0,1,13,2,1,0,2,0,0,0,455,0,0.051759834368530024,0.006211180124223602,0.9420289855072463,209.0,0.4593406593406593,0.13406593406593406,1.536038048660175,97.28778467908901,False,True,UNUSUAL_VOTING_PATTERN
ควนขนุน,พนางตุง,8,partylist,election_day,726,682,38,6,0,2,0,0,1,0,3,0,3,72,1,388,7,0,1,1,0,15,2,0,0,0,0,0,89,1,0,2,9,1,0,1,0,0,1,0,7,2,2,33,9,1,0,1,0,2,1,0,3,17,0,1,0,2,0,0,1,682,0,0.05234159779614325,0.008264462809917356,0.9393939393939394,388.0,0.5689149560117303,0.43841642228739003,1.6704355900315742,97.21763085399449,False,False,NORMAL
ควนขนุน,พนางตุง,9,partylist,election_day,166,160,3,3,0,0,0,0,0,0,0,0,0,24,0,76,2,0,0,0,0,1,0,0,0,0,0,0,36,0,0,0,4,0,0,0,0,0,0,0,0,0,1,10,2,0,0,0,0,0,0,0,0,2,0,2,0,0,0,0,0,160,0,0.018072289156626505,0.018072289156626505,0.963855421686747,76.0,0.475,0.25,1.5218493565248805,98.73493975903615,False,False,NORMAL
ควนขนุน,พนางตุง,10,partylist,election_day,632,592,31,9,0,3,1,0,0,0,3,0,0,60,1,338,10,0,0,0,0,3,1,2,0,0,0,1,102,0,0,0,7,1,1,0,0,0,0,0,5,0,4,28,0,0,0,2,0,1,0,1,0,4,0,0,0,0,0,0,2,581,11,0.0490506329113924,0.014240506329113924,0.9367088607594937,338.0,0.5709459459459459,0.39864864864864863,1.4616004991026554,75.40455011974,False,False,INCOMPLETE_DOCUMENT
ควนขนุน,พนางตุง,11,partylist,election_day,338,324,8,6,0,0,1,1,0,0,2,0,1,22,0,188,3,0,1,0,0,1,0,0,0,0,1,0,84,0,0,0,4,0,0,1,0,0,0,0,0,0,0,9,0,1,0,0,0,0,1,0,0,2,0,0,0,1,0,0,0,324,0,0.023668639053254437,0.01775147928994083,0.9585798816568047,188.0,0.5802469135802469,0.32098765432098764,1.2868198790099177,98.46153846153847,False,False,NORMAL
ควนขนุน,พนางตุง,12,partylist,election_day,548,515,27,6,0,0,1,1,0,0,1,0,2,54,1,243,6,0,0,0,0,1,0,0,0,0,0,1,136,0,1,2,1,3,0,1,0,0,0,0,5,0,2,28,8,0,0,1,0,2,0,0,0,10,0,2,0,2,0,0,0,515,0,0.04927007299270073,0.010948905109489052,0.9397810218978102,243.0,0.47184466019417476,0.20776699029126214,1.619478371217378,97.31751824817518,False,False,NORMAL
ควนขนุน,พนางตุง,13,partylist,election_day,510,466,34,10,0,0,0,0,1,0,1,0,0,89,1,161,1,1,0,0,0,4,0,0,0,1,1,0,110,0,2,0,4,0,0,1,0,0,0,0,3,0,0,63,7,1,0,0,0,0,1,1,0,6,0,0,0,6,0,0,0,466,0,0.06666666666666667,0.0196078431372549,0.9137254901960784,161.0,0.34549356223175964,0.10944206008583691,1.7524258949438891,96.27450980392157,True,True,UNUSUAL_VOTING_PATTERN
ควนขนุน,มะกอกเหนือ(เทศบาล),1,partylist,election_day,400,392,6,2,0,0,0,0,0,0,0,0,0,54,0,217,1,0,0,0,0,3,0,1,0,0,0,0,89,0,1,2,2,0,0,0,0,0,0,1,0,0,0,13,1,0,0,0,0,0,0,0,0,5,0,1,0,0,0,1,0,392,0,0.015,0.005,0.98,217.0,0.5535714285714286,0.32653061224489793,1.303426487912081,99.15,False,False,NORMAL
ควนขนุน,มะกอกเหนือ(เทศบาล),2,partylist,election_day,307,296,4,7,0,1,0,1,0,0,3,0,0,33,1,154,0,0,0,0,1,1,0,1,0,0,0,0,69,1,0,0,1,0,0,0,0,0,0,0,1,0,1,13,2,0,0,0,0,0,0,1,0,4,0,1,0,6,0,0,0,296,0,0.013029315960912053,0.02280130293159609,0.9641693811074918,154.0,0.5202702702702703,0.28716216216216217,1.509443892664345,98.89250814332247,False,False,NORMAL
ควนขนุน,มะกอกเหนือ(เทศบาล),3,partylist,election_day,374,366,3,5,0,0,0,0,1,0,1,0,0,65,0,181,2,0,0,0,0,0,0,0,0,0,0,0,69,0,1,1,6,1,0,0,1,0,0,1,4,0,0,15,5,1,0,1,0,0,1,0,2,2,0,0,0,5,0,0,0,366,0,0.008021390374331552,0.013368983957219251,0.9786096256684492,181.0,0.49453551912568305,0.30601092896174864,1.581359471369608,99.33155080213903,False,False,NORMAL
ควนขนุน,มะกอกเหนือ(เทศบาล),4,partylist,election_day,229,226,3,0,0,0,0,0,1,0,0,0,0,29,0,122,3,0,0,0,0,0,0,1,0,0,0,0,44,0,2,0,0,0,0,0,0,0,0,0,3,1,0,11,4,0,0,0,0,0,0,0,1,1,0,0,0,3,0,0,0,226,0,0.013100436681222707,0.0,0.9868995633187773,122.0,0.5398230088495575,0.34513274336283184,1.4672503938569625,99.34497816593887,False,False,NORMAL
ควนขนุน,มะกอกเหนือ,1,partylist,election_day,478,458,11,9,0,1,0,1,2,0,2,0,0,64,0,247,3,0,2,1,0,2,0,1,0,1,0,0,82,2,0,1,6,0,0,1,2,0,0,1,4,0,0,14,5,1,0,0,0,0,0,2,1,7,0,0,0,2,0,0,0,458,0,0.02301255230125523,0.01882845188284519,0.9581589958158996,247.0,0.5393013100436681,0.36026200873362446,1.5905466863133535,98.47280334728033,False,False,NORMAL
ควนขนุน,มะกอกเหนือ,2,partylist,election_day,93,90,1,2,0,0,0,0,0,0,0,0,0,15,0,36,1,0,1,0,0,0,0,0,0,0,0,0,27,0,0,1,0,1,0,0,0,0,0,0,1,0,1,3,0,0,0,0,0,0,0,0,0,2,0,0,0,1,0,0,0,90,0,0.010752688172043012,0.021505376344086023,0.967741935483871,36.0,0.4,0.1,1.5742856546614403,99.03225806451613,False,False,NORMAL
ควนขนุน,มะกอกเหนือ,3,partylist,election_day,113,108,1,4,0,0,0,0,0,0,1,0,1,11,0,60,0,0,0,0,0,0,0,0,0,0,0,0,21,0,0,0,2,0,0,0,0,0,0,0,0,0,0,5,6,0,0,0,0,0,0,0,0,1,0,0,0,0,0,0,0,108,0,0.008849557522123894,0.035398230088495575,0.9557522123893806,60.0,0.5555555555555556,0.3611111111111111,1.3843855450412685,98.84955752212389,False,True,UNUSUAL_VOTING_PATTERN
ควนขนุน,มะกอกเหนือ,4,partylist,election_day,259,249,2,8,0,1,0,0,1,0,3,0,0,40,0,102,2,0,0,0,0,2,0,0,0,0,0,0,58,0,0,0,3,0,0,0,0,0,0,0,0,0,1,26,2,0,0,0,3,0,0,0,2,2,0,0,0,0,0,1,0,249,0,0.007722007722007722,0.03088803088803089,0.9613899613899614,102.0,0.40963855421686746,0.17670682730923695,1.6767396750855252,98.996138996139,False,True,UNUSUAL_VOTING_PATTERN
ควนขนุน,มะกอกเหนือ,5,partylist,election_day,461,440,11,10,0,1,0,0,1,1,1,0,0,55,0,257,3,0,1,2,0,3,0,1,0,0,0,0,53,0,2,1,9,0,1,0,0,0,0,0,0,0,0,36,1,1,0,0,0,0,0,0,1,7,1,0,0,1,0,0,0,440,0,0.02386117136659436,0.021691973969631236,0.9544468546637744,257.0,0.5840909090909091,0.4590909090909091,1.47607316577094,98.37310195227765,False,False,NORMAL
ควนขนุน,มะกอกเหนือ,6,partylist,election_day,477,463,9,5,0,0,0,0,1,0,1,0,0,54,0,234,4,0,0,0,1,6,0,0,0,0,0,0,63,0,1,2,9,0,0,0,0,0,0,0,4,1,0,59,3,4,0,0,0,0,0,1,1,6,0,1,0,5,0,1,1,463,0,0.018867924528301886,0.010482180293501049,0.9706498951781971,234.0,0.5053995680345572,0.3693304535637149,1.6794474333286251,98.84696016771488,False,False,NORMAL
ควนขนุน,มะกอกเหนือ,7,partylist,election_day,485,466,8,11,0,1,0,0,1,0,2,0,0,73,1,233,3,0,1,0,0,1,0,0,0,0,0,0,74,0,1,0,6,0,0,0,0,0,0,0,5,0,0,48,5,0,0,1,1,1,0,1,1,1,0,1,0,3,0,1,0,466,0,0.016494845360824743,0.02268041237113402,0.9608247422680413,233.0,0.5,0.34120171673819744,1.5896000797518992,98.72164948453609,False,False,NORMAL
ควนขนุน,มะกอกเหนือ,8,partylist,election_day,420,405,10,5,0,2,0,1,0,0,1,0,0,39,0,189,0,0,0,0,0,4,1,0,0,0,0,1,100,1,0,2,3,0,0,0,1,0,0,0,4,0,0,42,5,0,0,0,0,0,1,1,0,5,0,0,0,2,0,0,0,405,0,0.023809523809523808,0.011904761904761904,0.9642857142857143,189.0,0.4666666666666667,0.21975308641975308,1.5947322854406047,98.57142857142857,False,False,NORMAL
ควนขนุน,มะกอกเหนือ,9,partylist,election_day,413,399,9,5,0,1,0,0,0,0,0,0,3,38,0,200,2,1,2,0,0,2,1,0,0,0,0,0,85,0,0,1,11,0,0,0,0,0,0,1,2,1,0,29,12,0,0,1,0,0,0,1,0,3,0,0,0,1,0,0,1,399,0,0.021791767554479417,0.012106537530266344,0.9661016949152542,200.0,0.5012531328320802,0.2882205513784461,1.6242965992827934,98.6682808716707,False,False,NORMAL
ควนขนุน,มะกอกเหนือ,10,partylist,election_day,162,153,6,3,0,1,0,0,0,0,1,0,1,26,0,65,5,0,0,0,0,1,0,0,0,0,0,0,18,0,1,2,5,2,0,0,0,0,0,0,0,0,1,17,2,1,0,0,0,0,0,0,1,2,0,0,0,0,0,1,0,153,0,0.037037037037037035,0.018518518518518517,0.9444444444444444,65.0,0.42483660130718953,0.2549019607843137,1.9070617279827486,97.77777777777779,False,True,UNUSUAL_VOTING_PATTERN
ป่าพะยอม,ลานข่อย,1,partylist,election_day,328,311,14,3,0,0,0,0,0,0,1,0,0,51,0,177,2,0,2,0,0,5,0,0,0,0,0,0,35,2,0,0,5,0,0,0,0,0,0,0,0,0,2,17,5,0,1,0,0,0,1,0,1,3,0,0,0,1,0,0,0,311,0,0.042682926829268296,0.009146341463414634,0.948170731707317,177.0,0.5691318327974276,0.40514469453376206,1.4880694332963118,97.68292682926828,False,False,NORMAL
ป่าพะยอม,ลานข่อย,2,partylist,election_day,438,422,9,7,0,2,0,0,4,0,2,0,0,58,1,237,5,0,0,0,0,7,0,0,0,0,1,0,58,5,2,2,4,0,0,1,0,0,0,2,2,0,2,20,2,0,0,0,0,2,0,0,0,2,0,1,0,0,0,0,0,422,0,0.02054794520547945,0.01598173515981735,0.9634703196347032,237.0,0.5616113744075829,0.42417061611374407,1.5864144685114228,98.65296803652969,False,False,NORMAL
ป่าพะยอม,ลานข่อย,3,partylist,election_day,361,347,11,3,0,0,0,0,0,0,2,0,0,44,0,187,3,0,1,0,0,5,0,0,0,1,0,1,76,1,2,0,1,0,0,1,0,0,0,0,0,1,0,11,1,0,0,0,0,0,0,0,1,5,0,1,0,1,0,0,1,347,0,0.030470914127423823,0.008310249307479225,0.961218836565097,187.0,0.5389048991354467,0.31988472622478387,1.4620134202369472,98.31024930747922,False,False,NORMAL
ป่าพะยอม,ลานข่อย,4,partylist,election_day,355,341,10,4,0,0,0,0,0,0,2,0,0,29,0,212,1,0,0,0,0,1,0,0,0,0,0,0,44,0,0,0,3,0,0,0,0,0,0,0,1,1,0,32,6,0,0,0,0,0,1,0,0,5,0,1,0,2,0,0,0,341,0,0.028169014084507043,0.011267605633802818,0.9605633802816902,212.0,0.6217008797653959,0.49266862170087977,1.3288856032428948,98.36619718309858,False,False,NORMAL
ป่าพะยอม,ลานข่อย,5,partylist,election_day,365,350,13,2,0,0,0,1,1,0,0,0,1,32,1,238,3,0,0,0,0,7,0,1,0,0,1,0,30,0,1,2,5,0,1,0,1,0,0,0,3,1,2,13,2,0,0,0,0,0,1,0,0,1,0,1,0,0,0,0,0,350,0,0.03561643835616438,0.005479452054794521,0.958904109589041,238.0,0.68,0.5885714285714285,1.3404950123657655,98.10958904109589,False,False,NORMAL
ป่าพะยอม,ลานข่อย,6,partylist,election_day,364,356,6,2,0,0,0,0,0,0,3,0,0,39,0,226,2,0,1,0,0,1,0,0,0,0,0,1,36,0,1,1,4,0,1,0,0,0,0,0,0,1,2,19,10,0,0,0,0,0,2,0,0,2,0,3,0,0,0,1,0,356,0,0.016483516483516484,0.005494505494505495,0.978021978021978,226.0,0.6348314606741573,0.5252808988764045,1.3985860230596616,99.06593406593406,False,False,NORMAL
ป่าพะยอม,ลานข่อย,7,partylist,election_day,628,600,22,6,0,3,0,0,3,0,2,0,1,66,0,394,11,0,0,0,0,9,0,0,0,2,0,0,46,0,0,1,3,0,1,1,0,0,0,0,4,0,3,29,5,0,0,1,1,1,0,0,1,6,0,1,0,2,1,1,1,600,0,0.03503184713375796,0.009554140127388535,0.9554140127388535,394.0,0.6566666666666666,0.5466666666666666,1.4089203583637473,98.05732484076434,False,False,NORMAL
ป่าพะยอม,ลานข่อย,8,partylist,election_day,361,349,7,5,0,0,2,0,3,0,1,1,0,32,1,223,1,0,2,0,0,5,0,0,0,0,0,0,38,0,0,0,3,1,0,0,0,0,0,0,4,0,2,20,3,2,0,0,0,0,0,0,0,1,0,1,0,2,0,1,0,349,0,0.019390581717451522,0.013850415512465374,0.9667590027700831,223.0,0.6389684813753582,0.5300859598853869,1.4274010830157713,98.75346260387812,False,False,NORMAL
ป่าพะยอม,ลานข่อย,9,partylist,election_day,513,488,17,8,0,2,0,0,2,0,0,0,0,80,2,291,3,0,0,0,0,4,1,0,0,1,0,1,54,1,0,3,2,1,0,1,0,0,0,0,0,3,1,19,4,0,0,0,0,1,0,2,0,9,0,0,0,0,0,0,0,488,0,0.03313840155945419,0.015594541910331383,0.9512670565302144,291.0,0.5963114754098361,0.4323770491803279,1.4351247519022339,98.03118908382066,False,False,NORMAL
ป่าพะยอม,ลานข่อย,10,partylist,election_day,507,489,11,7,0,2,0,0,1,0,3,0,0,66,0,282,8,0,1,0,0,3,1,0,0,0,0,0,74,0,0,1,4,0,1,0,0,0,0,0,7,1,0,10,7,1,0,0,1,0,0,1,0,10,0,0,0,3,0,0,1,489,0,0.021696252465483234,0.013806706114398421,0.9644970414201184,282.0,0.5766871165644172,0.42535787321063395,1.5036410527486819,98.63905325443787,False,False,NORMAL
ป่าพะยอม,ลานข่อย,11,partylist,election_day,342,336,6,0,0,0,0,0,0,0,1,0,1,45,0,219,6,0,0,0,0,2,0,0,0,0,0,0,28,1,0,2,1,1,1,1,3,0,0,0,0,0,0,16,1,1,0,0,0,0,0,0,1,3,0,1,0,1,0,0,0,336,0,0.017543859649122806,0.0,0.9824561403508771,219.0,0.6517857142857143,0.5178571428571429,1.3251930469279747,99.12280701754386,False,False,NORMAL
ป่าพะยอม,ลานข่อย,12,partylist,election_day,595,572,13,10,0,0,0,1,1,0,3,0,0,46,1,375,7,0,0,0,0,10,0,0,0,1,0,0,32,0,0,2,3,0,0,0,0,0,0,1,5,1,1,57,9,1,0,0,0,2,1,0,1,9,0,1,0,1,0,0,0,572,0,0.021848739495798318,0.01680672268907563,0.9613445378151261,375.0,0.6555944055944056,0.5559440559440559,1.3951513139053897,98.57142857142857,False,False,NORMAL
ศรีนครินทร์,ลำสินธ์ุ,1,partylist,election_day,561,533,11,17,0,2,0,1,1,0,0,0,0,97,0,252,6,0,2,1,0,6,0,0,0,0,0,0,52,0,0,2,9,0,0,1,0,0,0,0,6,0,0,75,4,1,0,2,2,0,1,4,2,3,0,0,0,0,0,0,1,533,0,0.0196078431372549,0.030303030303030304,0.9500891265597148,252.0,0.4727954971857411,0.29080675422138835,1.6984650894323021,98.41354723707664,False,True,UNUSUAL_VOTING_PATTERN
ศรีนครินทร์,ลำสินธ์ุ,2,partylist,election_day,399,380,15,4,0,0,0,0,1,0,1,0,0,55,0,202,2,0,0,0,0,6,0,0,0,0,0,0,60,0,2,1,5,0,1,0,1,1,0,1,1,0,0,28,5,1,0,0,0,1,0,0,0,5,0,0,0,0,0,0,0,380,0,0.03759398496240601,0.010025062656641603,0.9523809523809523,202.0,0.531578947368421,0.3736842105263158,1.5472751624436405,97.91979949874687,False,False,NORMAL
ศรีนครินทร์,ลำสินธ์ุ,3,partylist,election_day,536,508,28,0,1,0,0,0,5,0,0,0,0,95,0,271,6,0,1,0,0,4,0,0,0,0,0,0,38,0,1,1,1,0,0,0,0,0,0,0,5,0,0,59,3,1,0,0,0,0,0,0,2,10,0,2,0,1,0,1,0,508,0,0.05223880597014925,0.0,0.9477611940298507,271.0,0.5334645669291339,0.3464566929133858,1.5236312933996161,97.38805970149254,False,False,NORMAL
ศรีนครินทร์,ลำสินธ์ุ,4,partylist,election_day,221,209,10,2,0,0,0,0,0,0,0,0,0,26,0,101,3,0,0,0,1,4,0,0,0,0,2,0,27,0,1,0,3,0,0,0,1,0,0,0,1,0,0,31,0,3,0,0,0,1,0,0,1,3,0,0,0,0,0,0,0,209,0,0.04524886877828054,0.00904977375565611,0.9457013574660633,101.0,0.48325358851674644,0.3349282296650718,1.6753787487097922,97.55656108597285,False,False,NORMAL
ศรีนครินทร์,ลำสินธ์ุ,5,partylist,election_day,417,401,14,2,0,2,0,0,1,0,1,0,0,29,0,271,4,0,1,0,0,9,0,1,0,0,0,0,38,0,0,1,5,1,1,0,0,0,0,0,3,1,1,17,2,1,0,0,1,0,0,1,3,3,0,2,0,1,0,0,0,401,0,0.03357314148681055,0.004796163069544364,0.9616306954436451,271.0,0.6758104738154613,0.5810473815461347,1.3814116459334678,98.22541966426859,False,False,NORMAL
ศรีนครินทร์,ลำสินธ์ุ,6,partylist,election_day,591,567,19,5,0,1,1,0,0,0,2,0,0,59,0,388,3,0,1,0,0,7,1,1,1,1,0,0,39,0,2,1,3,0,1,0,0,0,0,0,2,0,2,30,9,1,0,0,0,0,0,1,2,8,0,0,0,0,0,0,0,567,0,0.032148900169204735,0.008460236886632826,0.9593908629441624,388.0,0.6843033509700176,0.5802469135802469,1.2928907380775785,98.22335025380711,False,False,NORMAL
ศรีนครินทร์,ลำสินธ์ุ,7,partylist,election_day,604,567,33,4,0,0,0,0,6,0,0,0,0,32,0,389,5,1,0,0,0,9,0,1,2,1,0,0,52,0,1,2,1,1,0,0,0,0,0,0,6,0,3,23,4,1,0,3,0,2,1,0,4,13,0,2,0,1,1,0,0,567,0,0.054635761589403975,0.006622516556291391,0.9387417218543046,389.0,0.6860670194003528,0.5943562610229277,1.37702274995147,97.13576158940398,False,True,UNUSUAL_VOTING_PATTERN
ศรีนครินทร์,ลำสินธ์ุ,8,partylist,election_day,563,535,17,11,0,1,0,0,1,1,1,0,1,86,0,294,7,0,1,0,0,6,0,0,0,0,0,0,49,0,2,4,5,2,0,1,0,0,0,0,2,3,0,47,3,1,1,0,0,1,0,0,0,4,0,0,0,8,1,2,0,535,0,0.03019538188277087,0.019538188277087035,0.9502664298401421,294.0,0.5495327102803739,0.38878504672897196,1.6131372015072598,98.09946714031972,False,False,NORMAL
ศรีนครินทร์,ลำสินธ์ุ,9,partylist,election_day,233,214,19,0,0,2,0,0,1,0,0,0,0,37,0,97,4,0,2,0,0,5,0,0,0,0,0,0,30,0,0,1,3,0,1,0,0,0,0,1,1,0,1,22,3,0,0,0,0,0,0,0,0,1,0,0,0,2,0,0,0,214,0,0.0815450643776824,0.0,0.9184549356223176,97.0,0.4532710280373832,0.2803738317757009,1.7597484125525502,95.92274678111588,True,True,UNUSUAL_VOTING_PATTERN
กงหรา2,สมหวัง,1,partylist,election_day,316,301,9,6,0,6,0,1,2,0,0,0,0,41,0,189,3,0,1,0,0,2,0,0,0,0,0,0,32,0,1,0,1,0,0,0,0,0,0,0,5,0,3,6,3,0,0,0,0,1,0,0,0,0,0,0,0,2,0,2,0,301,0,0.028481012658227847,0.0189873417721519,0.9525316455696202,189.0,0.627906976744186,0.49169435215946844,1.392056508250072,98.19620253164557,False,False,NORMAL
กงหรา2,สมหวัง,2,partylist,election_day,665,631,23,11,0,1,0,0,2,0,2,1,2,67,0,446,4,0,0,0,0,4,0,0,0,0,0,0,47,0,0,3,6,0,0,0,1,0,0,0,4,0,2,19,8,0,0,1,1,1,1,1,2,3,0,0,0,2,0,0,0,631,0,0.03458646616541353,0.016541353383458645,0.9488721804511279,446.0,0.7068145800316957,0.6006339144215531,1.220223457841289,97.93984962406014,False,False,NORMAL
กงหรา2,สมหวัง,3,partylist,election_day,396,376,18,2,0,4,0,0,3,0,2,0,0,40,0,230,5,0,1,0,0,2,0,0,0,0,0,0,53,0,0,1,0,0,0,1,0,0,0,0,5,0,0,18,6,1,0,0,0,1,0,1,1,1,0,0,0,0,0,0,0,376,0,0.045454545454545456,0.005050505050505051,0.9494949494949495,230.0,0.6117021276595744,0.47074468085106386,1.4103760549597912,97.62626262626263,False,False,NORMAL
กงหรา2,สมหวัง,4,partylist,election_day,358,322,31,5,0,0,0,0,1,0,0,0,0,29,0,198,3,0,1,1,1,4,0,0,0,0,0,0,40,1,0,2,2,1,0,1,1,1,0,0,2,1,2,12,4,3,0,0,0,0,1,1,0,5,0,1,1,0,2,0,0,322,0,0.08659217877094973,0.013966480446927373,0.8994413407821229,198.0,0.6149068322981367,0.4906832298136646,1.5672124179112503,95.39106145251397,True,True,UNUSUAL_VOTING_PATTERN
กงหรา2,สมหวัง,5,partylist,election_day,413,394,9,10,1,1,0,0,1,1,1,0,0,50,0,230,7,0,0,0,0,3,0,0,0,0,0,0,58,0,1,3,3,0,0,1,0,0,0,0,4,0,0,21,0,2,0,0,0,1,0,1,0,3,0,0,0,1,0,0,0,394,0,0.021791767554479417,0.024213075060532687,0.9539951573849879,230.0,0.583756345177665,0.4365482233502538,1.4597614487887198,98.42615012106538,False,False,NORMAL
กงหรา2,สมหวัง,6,partylist,election_day,374,347,16,11,0,0,1,0,1,0,2,0,0,43,0,239,0,0,1,1,0,1,0,1,0,1,0,0,19,1,0,3,3,0,1,0,0,0,1,0,3,0,3,10,3,1,0,1,0,0,1,0,1,3,0,0,0,1,1,0,0,347,0,0.0427807486631016,0.029411764705882353,0.9278074866310161,239.0,0.6887608069164265,0.5648414985590778,1.3227025869275424,97.27272727272727,False,True,UNUSUAL_VOTING_PATTERN
กงหรา2,สมหวัง,7,partylist,election_day,427,404,19,4,0,2,1,0,1,0,1,0,1,37,0,289,3,0,0,1,0,6,0,0,0,0,0,0,36,1,0,1,3,0,0,0,0,0,0,0,4,0,1,7,0,0,0,0,0,0,0,1,3,2,0,1,0,2,0,0,0,404,0,0.04449648711943794,0.00936768149882904,0.9461358313817331,289.0,0.7153465346534653,0.6237623762376238,1.1891092928092768,97.58782201405153,False,False,NORMAL
กงหรา2,สมหวัง,8,partylist,election_day,197,187,4,6,0,1,0,0,1,0,0,0,0,19,1,131,1,0,0,0,0,1,0,0,1,0,0,0,16,4,0,0,1,0,1,0,0,0,0,0,0,1,0,2,4,0,0,0,0,1,0,0,0,1,0,0,0,0,0,0,0,187,0,0.02030456852791878,0.030456852791878174,0.949238578680203,131.0,0.7005347593582888,0.5989304812834224,1.2127489443977486,98.3756345177665,False,False,NORMAL
ศรีนครินทร์,อ่างทอง,1,partylist,election_day,450,421,22,7,0,2,1,1,1,0,6,0,0,51,0,246,3,0,1,1,0,5,1,0,0,1,0,0,53,0,0,4,4,0,0,0,0,0,0,1,3,0,3,19,2,5,0,0,0,1,0,0,2,3,0,0,0,1,0,0,0,421,0,0.04888888888888889,0.015555555555555555,0.9355555555555556,246.0,0.5843230403800475,0.4584323040380047,1.5854309369917117,97.24444444444444,False,False,NORMAL
ศรีนครินทร์,อ่างทอง,2,partylist,election_day,379,366,10,3,0,2,0,1,0,0,2,0,0,65,0,223,2,0,2,0,0,1,1,0,0,0,0,0,36,0,1,0,4,1,1,1,1,0,0,1,0,0,1,6,8,0,0,1,0,0,0,1,0,3,0,1,0,0,0,0,0,366,0,0.026385224274406333,0.0079155672823219,0.9656992084432717,223.0,0.6092896174863388,0.43169398907103823,1.4001375949669035,98.52242744063325,False,False,NORMAL
ศรีนครินทร์,อ่างทอง,3,partylist,election_day,498,476,16,6,1,0,0,1,0,0,5,0,0,49,0,324,4,0,0,0,0,2,0,0,0,0,0,0,36,2,1,3,4,0,0,0,0,0,0,0,4,0,2,18,7,0,0,1,0,0,1,0,2,7,0,0,0,2,0,0,0,476,0,0.0321285140562249,0.012048192771084338,0.9558232931726908,324.0,0.680672268907563,0.5777310924369747,1.3191022243896688,98.15261044176707,False,False,NORMAL
ศรีนครินทร์,อ่างทอง,4,partylist,election_day,538,516,14,8,1,1,0,0,2,0,1,0,0,2,1,308,4,0,0,2,0,2,0,0,0,0,0,0,117,0,1,1,5,0,0,0,0,0,0,42,0,2,0,12,4,1,0,1,0,0,0,0,0,6,0,0,0,0,0,0,0,516,0,0.026022304832713755,0.01486988847583643,0.9591078066914498,308.0,0.5968992248062015,0.3701550387596899,1.3126461833795218,98.40148698884758,False,False,NORMAL
ศรีนครินทร์,อ่างทอง,5,partylist,election_day,300,295,5,0,0,0,1,2,2,0,5,0,0,23,0,165,2,0,0,1,0,3,0,2,0,0,0,0,33,1,1,1,16,0,0,0,0,0,0,0,1,0,3,22,3,0,0,0,0,2,0,1,0,5,0,0,0,0,0,0,0,295,0,0.016666666666666666,0.0,0.9833333333333333,165.0,0.559322033898305,0.44745762711864406,1.7030437131329286,99.16666666666667,False,True,UNUSUAL_VOTING_PATTERN
ศรีนครินทร์,อ่างทอง,6,partylist,election_day,223,217,3,3,1,0,0,0,0,0,3,0,2,17,0,138,1,0,0,0,0,0,1,0,0,0,0,0,21,0,0,1,0,0,0,0,0,0,0,0,2,0,3,9,3,1,0,0,0,1,0,0,2,9,0,1,0,0,0,1,0,217,0,0.013452914798206279,0.013452914798206279,0.9730941704035875,138.0,0.6359447004608295,0.5391705069124424,1.4828602905622732,99.05829596412556,False,False,NORMAL
ศรีนครินทร์,อ่างทอง,7,partylist,election_day,299,282,10,7,0,4,0,0,0,0,10,0,0,45,0,157,3,0,0,0,0,2,0,1,0,0,0,0,32,0,0,0,9,0,0,0,0,0,0,0,1,0,0,14,1,1,0,0,0,0,0,0,0,1,0,0,0,1,0,0,0,282,0,0.033444816053511704,0.023411371237458192,0.9431438127090301,157.0,0.5567375886524822,0.3971631205673759,1.507123610721362,97.85953177257525,False,False,NORMAL
ศรีนครินทร์,อ่างทอง,8,partylist,election_day,250,229,21,0,0,0,0,0,1,0,0,0,0,28,0,135,2,0,0,0,0,2,0,2,0,0,0,0,24,0,0,0,3,0,0,0,0,0,0,0,2,1,0,22,2,0,0,0,0,0,0,0,1,4,0,0,0,0,0,0,0,229,0,0.084,0.0,0.916,135.0,0.5895196506550219,0.4672489082969432,1.4356323380851972,95.8,True,True,UNUSUAL_VOTING_PATTERN
ป่าพะยอม,เกาะเต่า,1,partylist,election_day,530,495,26,9,0,0,0,0,1,0,1,0,0,56,0,282,7,0,0,0,0,10,2,0,0,0,0,0,63,1,0,1,4,0,0,0,1,1,1,0,2,2,6,31,2,1,0,1,0,2,2,1,0,13,0,1,0,0,0,0,0,495,0,0.04905660377358491,0.016981132075471698,0.9339622641509434,282.0,0.5696969696969697,0.44242424242424244,1.601499896236736,97.20754716981132,False,False,NORMAL
ป่าพะยอม,เกาะเต่า,2,partylist,election_day,334,320,9,5,0,4,0,0,0,0,1,0,0,36,0,208,1,0,0,0,0,4,0,0,0,0,0,0,38,0,0,1,7,0,0,0,0,0,0,0,0,0,0,11,5,0,0,0,0,0,0,0,0,3,0,0,0,1,0,0,0,320,0,0.02694610778443114,0.014970059880239521,0.9580838323353293,208.0,0.65,0.53125,1.2687132558150223,98.35329341317365,False,False,NORMAL
ป่าพะยอม,เกาะเต่า,3,partylist,election_day,339,327,5,7,0,2,0,0,1,0,0,0,0,37,1,221,3,0,1,0,0,1,0,0,0,0,0,0,32,1,1,0,2,0,0,0,1,0,0,0,2,1,0,11,5,0,1,0,0,0,0,0,0,2,0,1,0,0,0,0,0,327,0,0.014749262536873156,0.02064896755162242,0.9646017699115044,221.0,0.6758409785932722,0.5626911314984709,1.2616221875141116,98.84955752212389,False,False,NORMAL
ป่าพะยอม,เกาะเต่า,4,partylist,election_day,556,532,14,10,0,3,0,0,1,0,1,0,0,67,0,344,5,0,0,0,0,4,0,0,0,0,0,0,52,0,1,5,7,0,0,0,1,0,0,0,2,0,0,21,6,0,0,0,1,1,0,0,1,7,0,1,0,1,0,0,0,532,0,0.025179856115107913,0.017985611510791366,0.9568345323741008,344.0,0.6466165413533834,0.5206766917293233,1.3431664839052582,98.38129496402877,False,False,NORMAL
ป่าพะยอม,เกาะเต่า,5,partylist,election_day,381,370,6,5,0,0,0,0,3,0,2,0,0,46,0,216,4,0,0,0,0,4,0,0,0,1,0,0,63,0,2,1,6,0,0,0,0,0,0,0,4,0,0,10,1,2,0,0,0,1,0,0,0,2,0,0,0,0,0,2,0,370,0,0.015748031496062992,0.013123359580052493,0.9711286089238845,216.0,0.5837837837837838,0.4135135135135135,1.4301668520942274,98.9501312335958,False,False,NORMAL
ป่าพะยอม,เกาะเต่า,6,partylist,election_day,411,390,13,8,0,0,0,0,0,0,1,0,0,48,2,240,3,1,0,0,0,0,0,0,0,0,0,0,57,0,0,3,5,0,0,0,0,0,0,0,2,0,1,15,3,0,0,0,0,0,0,1,0,4,0,0,0,2,0,2,0,390,0,0.031630170316301706,0.019464720194647202,0.948905109489051,240.0,0.6153846153846154,0.46923076923076923,1.3475038661547132,98.02919708029196,False,False,NORMAL
ป่าพะยอม,เกาะเต่า,7,partylist,election_day,352,340,8,4,0,1,0,0,0,0,0,0,0,42,0,219,0,0,0,0,0,1,0,0,0,0,0,0,42,0,1,0,6,0,0,1,0,0,1,0,3,0,0,4,7,0,0,0,0,3,0,0,1,7,0,0,0,1,0,0,0,340,0,0.022727272727272728,0.011363636363636364,0.9659090909090909,219.0,0.6441176470588236,0.5205882352941177,1.2868835386565376,98.63636363636363,False,False,NORMAL
ป่าพะยอม,เกาะเต่า,8,partylist,election_day,500,492,6,2,1,1,0,0,2,0,2,0,0,69,2,274,6,0,0,0,0,5,0,0,0,0,0,0,67,0,2,2,10,1,0,0,1,0,0,0,4,1,0,18,5,2,0,2,0,0,1,0,1,9,0,1,0,3,0,0,0,492,0,0.012,0.004,0.984,274.0,0.556910569105691,0.4166666666666667,1.6210754034580261,99.32000000000001,False,False,NORMAL
ป่าพะยอม,เกาะเต่า,9,partylist,election_day,424,403,12,9,0,0,0,0,2,0,1,0,0,41,0,228,10,0,0,0,0,3,0,1,0,1,0,0,65,0,2,1,3,0,0,0,0,0,0,0,3,0,2,27,6,0,0,1,0,2,0,1,1,2,0,0,0,0,0,0,0,403,0,0.02830188679245283,0.02122641509433962,0.9504716981132075,228.0,0.56575682382134,0.4044665012406948,1.5297916085701484,98.16037735849056,False,False,NORMAL
ป่าพะยอม,เกาะเต่า,10,partylist,election_day,380,364,11,5,1,4,0,0,0,0,2,0,1,65,0,184,10,0,0,0,0,4,1,0,0,0,0,0,42,0,1,0,7,0,0,1,0,0,0,0,3,0,0,23,5,0,0,0,0,1,1,0,1,6,0,0,0,1,0,0,0,364,0,0.02894736842105263,0.013157894736842105,0.9578947368421052,184.0,0.5054945054945055,0.3269230769230769,1.6905623914156103,98.28947368421053,False,False,NORMAL
ป่าพะยอม,เกาะเต่า,11,partylist,election_day,503,483,16,4,0,5,0,2,0,0,0,0,0,73,0,263,4,0,1,0,0,1,0,0,0,1,1,0,79,1,1,1,10,0,0,1,0,0,0,1,3,0,0,28,3,1,0,0,0,0,0,0,0,3,0,0,0,0,0,0,0,483,0,0.03180914512922465,0.007952286282306162,0.9602385685884692,263.0,0.5445134575569358,0.38095238095238093,1.4904510652631144,98.25049701789264,False,False,NORMAL
ป่าพะยอม,เกาะเต่า,12,partylist,election_day,579,553,21,5,0,2,0,0,0,0,2,0,0,70,0,370,8,0,1,0,0,3,0,0,0,0,1,0,37,0,1,3,2,1,0,0,0,1,0,0,3,2,0,26,6,3,0,0,0,2,1,1,2,5,0,0,0,0,0,0,0,553,0,0.03626943005181347,0.008635578583765112,0.9550949913644214,370.0,0.6690777576853526,0.5424954792043399,1.3232429126837741,98.01381692573402,False,False,NORMAL
ป่าพะยอม,เกาะเต่า,13,partylist,election_day,658,635,19,4,1,3,0,0,3,0,4,2,1,63,0,360,8,0,0,1,0,7,1,0,0,0,0,0,103,3,0,2,6,0,0,0,0,0,0,0,6,0,1,29,11,1,1,2,0,1,0,0,2,12,0,1,0,0,0,0,0,635,0,0.028875379939209727,0.0060790273556231,0.9650455927051672,360.0,0.5669291338582677,0.4047244094488189,1.5969711182080373,98.43465045592706,False,False,NORMAL
ป่าพะยอม,เกาะเต่า,14,partylist,election_day,493,471,14,8,1,1,0,0,1,0,4,0,1,57,0,309,4,0,1,0,0,3,0,0,0,1,0,0,46,0,1,0,1,0,0,0,1,0,0,0,2,1,0,18,8,0,0,1,0,1,0,0,0,8,0,0,0,0,0,0,0,471,0,0.028397565922920892,0.016227180527383367,0.9553752535496958,309.0,0.6560509554140127,0.535031847133758,1.3156985961574739,98.2555780933063,False,False,NORMAL
ป่าพะยอม,เกาะเต่า,15,partylist,election_day,600,579,19,2,0,1,0,0,1,0,1,0,0,77,0,381,8,0,1,0,0,5,1,0,0,1,0,0,56,0,2,0,4,0,0,0,1,0,0,1,2,0,2,18,7,1,0,0,0,1,1,1,1,3,0,0,0,0,0,0,1,579,0,0.03166666666666667,0.0033333333333333335,0.965,381.0,0.6580310880829016,0.5250431778929189,1.3052921907644528,98.35000000000001,False,False,NORMAL
ป่าพะยอม,เกาะเต่า,16,partylist,election_day,371,360,11,0,0,5,0,0,1,0,0,0,0,38,0,227,6,0,0,3,0,4,0,0,0,1,0,1,35,0,0,4,1,0,1,0,1,0,0,0,2,0,0,15,1,2,0,2,0,2,0,0,0,6,0,0,0,1,1,0,0,360,0,0.029649595687331536,0.0,0.9703504043126685,227.0,0.6305555555555555,0.525,1.485466432564339,98.51752021563343,False,False,NORMAL
ป่าพะยอม,เกาะเต่า,17,partylist,election_day,380,356,14,10,0,1,0,0,0,0,4,0,1,54,1,211,4,0,0,0,0,5,0,0,0,0,1,0,34,1,2,1,4,0,0,0,0,0,0,0,1,1,2,14,4,1,0,0,0,0,1,2,0,3,0,0,0,1,0,1,1,356,0,0.03684210526315789,0.02631578947368421,0.9368421052631579,211.0,0.5926966292134831,0.4410112359550562,1.5514113925965902,97.63157894736842,False,False,NORMAL
ศรีบรรพต,เขาปู่,1,partylist,election_day,359,345,7,7,0,0,0,0,1,0,1,0,0,53,2,192,3,0,0,0,0,2,0,0,1,0,1,0,41,0,0,1,5,0,0,0,0,0,0,1,2,0,0,23,6,0,0,0,0,0,1,1,0,2,0,1,0,4,1,0,0,345,0,0.019498607242339833,0.019498607242339833,0.9610027855153204,192.0,0.5565217391304348,0.4028985507246377,1.5611637136071692,98.63509749303621,False,False,NORMAL
ศรีบรรพต,เขาปู่,2,partylist,election_day,494,466,21,7,1,0,0,0,2,0,0,0,1,92,0,257,5,0,1,0,0,6,0,0,0,0,3,0,40,1,2,1,2,0,0,0,0,0,0,0,1,0,6,28,6,0,0,0,0,1,0,1,0,6,0,1,0,1,0,0,1,466,0,0.04251012145748988,0.01417004048582996,0.9433198380566802,257.0,0.5515021459227468,0.3540772532188841,1.5487389729044996,97.59109311740892,False,False,NORMAL
ศรีบรรพต,เขาปู่,3,partylist,election_day,198,187,7,4,0,0,0,0,0,0,2,0,0,22,0,117,2,0,0,0,0,1,0,0,1,0,0,0,22,0,0,1,2,0,0,1,0,0,0,0,1,0,0,12,2,0,0,0,0,0,0,0,0,1,0,0,0,0,0,0,0,187,0,0.03535353535353535,0.020202020202020204,0.9444444444444444,117.0,0.6256684491978609,0.5080213903743316,1.3351499240148066,97.82828282828284,False,False,NORMAL
ศรีบรรพต,เขาปู่,4,partylist,election_day,298,274,11,13,0,0,0,0,0,0,0,0,0,35,1,153,1,0,0,0,0,10,0,0,1,3,0,0,31,0,0,1,1,0,0,0,0,1,0,0,5,1,1,17,3,0,0,0,0,2,1,0,0,5,0,0,0,0,1,0,0,274,0,0.03691275167785235,0.0436241610738255,0.9194630872483222,153.0,0.5583941605839416,0.4306569343065693,1.6138193017874227,97.28187919463087,False,True,UNUSUAL_VOTING_PATTERN
ศรีบรรพต,เขาปู่,5,partylist,election_day,253,233,9,11,0,0,0,0,1,0,1,0,0,30,0,153,1,0,0,0,0,1,0,0,0,0,0,0,13,0,0,3,4,0,0,0,0,0,0,0,1,0,0,10,6,0,0,0,0,1,0,0,2,4,0,1,0,1,0,0,0,233,0,0.03557312252964427,0.043478260869565216,0.9209486166007905,153.0,0.6566523605150214,0.5278969957081545,1.354102149139523,97.35177865612648,False,True,UNUSUAL_VOTING_PATTERN
ศรีบรรพต,เขาปู่,6,partylist,election_day,499,471,18,10,1,2,0,0,1,0,0,0,0,94,0,249,6,0,0,0,0,9,0,0,0,0,0,1,52,0,0,1,2,1,0,1,1,0,0,0,2,0,2,28,5,2,0,1,1,1,1,0,1,4,0,1,0,0,0,1,0,471,0,0.036072144288577156,0.02004008016032064,0.9438877755511023,249.0,0.5286624203821656,0.32908704883227174,1.5885496073330285,97.79559118236473,False,False,NORMAL
ศรีบรรพต,เขาปู่,7,partylist,election_day,361,348,11,2,0,0,0,0,0,0,0,0,0,38,0,193,3,0,1,0,0,4,0,0,0,0,0,0,56,1,0,1,3,0,0,0,0,0,0,0,2,0,1,28,4,0,0,1,1,1,1,0,0,6,0,1,0,2,0,0,0,348,0,0.030470914127423823,0.00554016620498615,0.96398891966759,193.0,0.5545977011494253,0.3936781609195402,1.530782722151211,98.36565096952909,False,False,NORMAL
ศรีบรรพต,เขาปู่,8,partylist,election_day,435,405,17,13,0,3,0,0,2,0,0,0,1,47,0,261,1,0,1,0,0,1,1,1,0,1,0,0,44,1,0,0,6,0,0,1,0,0,6,0,2,1,2,11,3,0,0,1,1,0,0,2,0,2,0,0,0,1,0,1,0,405,0,0.03908045977011494,0.029885057471264367,0.9310344827586207,261.0,0.6444444444444445,0.528395061728395,1.4083260432716598,97.44827586206897,False,False,NORMAL
ศรีบรรพต,เขาปู่,9,partylist,election_day,290,278,2,10,0,0,0,0,0,0,0,1,0,47,0,176,2,0,1,0,0,5,0,0,0,0,0,0,27,0,0,1,3,0,0,0,0,0,0,0,0,0,0,6,5,1,0,1,0,0,0,0,0,1,0,0,0,0,0,0,1,278,0,0.006896551724137931,0.034482758620689655,0.9586206896551724,176.0,0.6330935251798561,0.46402877697841727,1.2697909591725147,98.96551724137932,False,True,UNUSUAL_VOTING_PATTERN
ศรีบรรพต,เขาปู่,10,partylist,election_day,283,271,8,4,0,0,0,0,0,0,2,0,0,31,0,148,7,0,0,0,0,2,0,0,0,0,0,0,49,1,0,2,1,0,0,0,0,0,0,0,1,1,1,13,2,1,0,0,5,1,0,0,0,3,0,0,0,0,0,0,0,271,0,0.028268551236749116,0.014134275618374558,0.9575971731448764,148.0,0.5461254612546126,0.36531365313653136,1.5408858650620225,98.30388692579506,False,False,NORMAL
ศรีบรรพต,เขาปู่,11,partylist,election_day,357,348,5,4,0,1,0,0,0,0,0,0,0,49,2,171,4,0,0,0,0,4,1,0,0,0,0,0,63,0,2,2,7,0,1,0,0,0,1,1,3,0,0,19,9,2,0,0,0,0,0,0,1,3,0,1,0,1,0,0,0,348,0,0.014005602240896359,0.011204481792717087,0.9747899159663865,171.0,0.49137931034482757,0.3103448275862069,1.7041878549438274,99.07563025210084,False,False,NORMAL
ศรีบรรพต,เขาย่า,1,partylist,election_day,404,385,15,4,0,2,0,0,1,0,3,0,1,65,1,192,3,0,0,0,0,0,1,0,0,0,0,0,65,0,0,4,3,0,0,0,1,0,0,1,3,0,2,19,6,2,0,0,0,2,0,1,0,6,0,0,0,0,0,1,0,385,0,0.03712871287128713,0.009900990099009901,0.9529702970297029,192.0,0.4987012987012987,0.32987012987012987,1.6575845989536484,97.94554455445545,False,False,NORMAL
ศรีบรรพต,เขาย่า,2,partylist,election_day,396,378,13,5,0,1,0,0,0,0,0,0,0,40,0,235,4,0,1,0,0,5,0,0,0,0,0,0,55,0,0,0,4,0,0,0,0,0,0,0,3,2,0,8,2,0,0,0,1,0,0,1,2,10,0,0,0,4,0,0,0,378,0,0.03282828282828283,0.012626262626262626,0.9545454545454546,235.0,0.6216931216931217,0.47619047619047616,1.3773282583588122,98.10606060606061,False,False,NORMAL
ศรีบรรพต,เขาย่า,3,partylist,election_day,537,524,9,4,2,1,0,0,2,0,3,0,0,58,0,362,5,0,2,0,0,3,1,1,0,0,0,1,42,2,3,2,6,0,0,1,0,0,0,0,2,1,0,6,8,0,0,0,0,1,0,0,0,7,0,1,0,1,0,0,0,524,0,0.01675977653631285,0.0074487895716946,0.9757914338919925,362.0,0.6908396946564885,0.5801526717557252,1.2934124732619041,99.01303538175046,False,False,NORMAL
ศรีบรรพต,เขาย่า,4,partylist,election_day,474,453,17,4,0,2,0,1,0,0,3,0,1,53,1,276,8,0,1,0,0,5,0,0,0,0,0,0,50,0,1,2,4,1,0,2,1,0,0,0,0,1,1,24,2,2,0,0,0,0,1,0,1,3,0,2,0,3,0,1,0,453,0,0.035864978902953586,0.008438818565400843,0.9556962025316456,276.0,0.609271523178808,0.4922737306843267,1.519945704598321,98.0379746835443,False,False,NORMAL
ศรีบรรพต,เขาย่า,5,partylist,election_day,451,431,19,1,0,0,0,0,0,0,1,0,1,58,0,281,0,0,2,0,0,3,0,0,0,1,1,0,46,0,0,1,1,0,0,0,0,0,0,0,0,0,0,19,3,1,0,0,0,1,0,0,2,6,0,0,0,2,0,0,1,431,0,0.04212860310421286,0.0022172949002217295,0.9556541019955654,281.0,0.6519721577726219,0.5174013921113689,1.2553277764891946,97.84922394678492,False,False,NORMAL
ศรีบรรพต,เขาย่า,6,partylist,election_day,496,476,17,3,0,0,0,0,2,0,1,0,0,45,0,325,2,0,0,0,0,5,0,0,0,0,0,1,39,1,1,0,3,0,0,1,0,0,0,0,2,1,0,22,5,0,1,1,0,1,1,2,1,7,0,0,0,6,0,0,0,476,0,0.034274193548387094,0.006048387096774193,0.9596774193548387,325.0,0.6827731092436975,0.5882352941176471,1.3098881152327881,98.16532258064515,False,False,NORMAL
ศรีบรรพต,เขาย่า,7,partylist,election_day,552,525,16,11,2,1,0,0,1,0,0,0,1,75,0,292,3,0,0,0,1,10,0,1,0,0,0,1,46,1,1,1,11,1,0,0,0,0,0,0,4,0,1,34,9,4,0,1,0,0,2,0,2,16,0,0,0,2,1,0,0,525,0,0.028985507246376812,0.019927536231884056,0.9510869565217391,292.0,0.5561904761904762,0.41333333333333333,1.671192567858219,98.15217391304347,False,False,NORMAL
ศรีบรรพต,เขาย่า,8,partylist,election_day,537,519,13,5,2,1,0,0,0,0,1,0,0,48,0,344,6,0,1,0,0,5,0,0,0,0,1,0,53,0,0,3,4,0,0,0,0,0,0,0,2,0,0,29,5,0,0,1,0,2,0,3,2,5,0,1,0,0,0,0,0,519,0,0.024208566108007448,0.00931098696461825,0.9664804469273743,344.0,0.6628131021194605,0.5606936416184971,1.32772356857871,98.60335195530726,False,False,NORMAL
ศรีบรรพต,เขาย่า,9,partylist,election_day,375,360,10,5,0,1,0,0,0,0,2,0,0,38,0,199,4,0,1,1,1,1,0,0,1,0,0,0,61,2,0,2,7,0,0,0,2,1,0,0,1,0,0,10,11,3,0,1,0,2,0,0,0,8,0,1,0,0,0,0,0,361,1,0.02666666666666667,0.013333333333333334,0.96,199.0,0.5527777777777778,0.38333333333333336,1.6290681845711625,78.12222222222223,False,False,INCOMPLETE_DOCUMENT
ศรีบรรพต,เขาย่า,10,partylist,election_day,446,416,22,8,0,1,0,0,0,1,1,0,0,32,2,286,2,0,1,1,0,2,0,0,0,2,1,0,47,0,0,0,1,0,0,0,0,0,0,0,4,1,1,10,5,0,0,0,0,1,0,0,2,10,0,1,0,1,0,0,0,416,0,0.04932735426008968,0.017937219730941704,0.9327354260089686,286.0,0.6875,0.5745192307692307,1.2805658257983492,97.17488789237667,False,True,UNUSUAL_VOTING_PATTERN
ควนขนุน,แพรกหา,1,partylist,election_day,622,593,21,8,0,0,0,0,0,0,5,0,0,87,1,273,5,0,0,0,0,3,0,2,1,0,0,0,162,0,0,3,7,1,0,1,0,0,0,0,4,0,0,22,5,3,0,0,0,0,0,0,1,4,0,1,0,0,0,2,0,593,0,0.03376205787781351,0.012861736334405145,0.9533762057877814,273.0,0.46037099494097805,0.18718381112984822,1.539280839758126,98.05466237942123,False,False,NORMAL
ควนขนุน,แพรกหา,2,partylist,election_day,346,330,8,8,0,0,0,0,1,0,0,0,2,28,0,207,2,0,0,0,0,2,0,0,0,0,0,0,37,0,0,1,5,0,0,0,0,0,0,0,0,0,0,32,3,3,1,1,0,0,0,0,0,3,0,0,0,1,0,1,0,330,0,0.023121387283236993,0.023121387283236993,0.953757225433526,207.0,0.6272727272727273,0.5151515151515151,1.3634089835762597,98.38150289017341,False,False,NORMAL
ควนขนุน,แพรกหา,3,partylist,election_day,575,549,20,6,0,1,0,1,0,0,2,4,0,70,1,323,8,0,0,2,0,2,2,0,1,0,0,0,68,0,0,1,8,0,1,0,1,0,0,1,1,1,0,36,6,0,0,0,0,0,1,1,0,6,0,0,0,0,0,0,0,549,0,0.034782608695652174,0.010434782608695653,0.9547826086956521,323.0,0.5883424408014571,0.46083788706739526,1.4895700147930617,98.05217391304348,False,False,NORMAL
ควนขนุน,แพรกหา,4,partylist,election_day,680,642,23,15,0,0,0,1,0,0,1,1,0,83,0,368,9,0,0,1,0,2,1,1,1,0,0,0,100,1,1,1,6,0,0,2,0,0,0,0,3,2,1,31,6,0,1,1,0,0,0,1,2,12,0,1,0,1,0,0,0,642,0,0.033823529411764704,0.022058823529411766,0.9441176470588235,368.0,0.573208722741433,0.4174454828660436,1.4990977389456694,97.86764705882354,False,False,NORMAL
ควนขนุน,แพรกหา,5,partylist,election_day,677,643,25,9,1,0,0,0,0,0,7,0,1,80,0,358,5,0,0,0,0,10,0,0,0,0,0,0,111,0,0,2,15,0,0,0,0,0,0,2,1,0,2,22,5,0,0,2,0,1,1,1,3,8,0,1,1,1,0,0,2,643,0,0.03692762186115214,0.013293943870014771,0.9497784342688331,358.0,0.5567651632970451,0.38413685847589424,1.541138625724155,97.8877400295421,False,False,NORMAL
ควนขนุน,แพรกหา,6,partylist,election_day,417,403,9,5,0,0,0,0,2,0,1,0,0,49,0,262,0,0,0,0,0,1,0,0,0,0,0,0,68,0,2,0,2,0,0,0,0,0,0,0,1,0,1,4,3,0,0,1,0,0,0,0,1,3,0,0,0,1,0,0,1,403,0,0.02158273381294964,0.011990407673860911,0.9664268585131894,262.0,0.6501240694789082,0.4813895781637717,1.1532102274438265,98.6810551558753,False,False,NORMAL
ควนขนุน,แพรกหา,7,partylist,election_day,434,414,12,8,0,0,0,0,1,0,0,0,0,68,0,226,4,0,0,1,0,1,0,0,1,0,0,0,85,1,0,0,3,0,0,0,0,0,0,0,1,1,1,14,1,0,0,0,0,0,0,0,1,2,0,1,0,1,0,0,0,414,0,0.027649769585253458,0.018433179723502304,0.9539170506912442,226.0,0.5458937198067633,0.34057971014492755,1.3476850514209517,98.24884792626727,False,False,NORMAL
ควนขนุน,แพรกหา,8,partylist,election_day,385,371,8,6,1,0,0,0,0,0,1,0,0,34,2,220,1,0,0,0,0,5,0,1,0,0,1,0,68,0,0,3,3,0,0,0,1,0,0,0,0,1,0,12,0,0,0,0,0,1,0,1,0,6,0,0,0,2,1,0,0,365,6,0.02077922077922078,0.015584415584415584,0.9636363636363636,220.0,0.5929919137466307,0.40970350404312667,1.3755090505258132,77.03209997549621,False,False,INCOMPLETE_DOCUMENT
ควนขนุน,แหลมโตนด,1,partylist,election_day,512,492,17,3,0,1,0,0,1,0,2,0,0,53,2,299,4,0,0,0,0,6,0,1,0,1,0,0,37,0,2,1,8,0,1,0,1,0,0,0,3,4,2,40,5,3,0,1,0,1,0,0,2,5,0,2,0,3,0,0,1,492,0,0.033203125,0.005859375,0.9609375,299.0,0.6077235772357723,0.5,1.5871101377904566,98.22265625,False,False,NORMAL
ควนขนุน,แหลมโตนด,2,partylist,election_day,386,364,14,8,0,2,1,0,1,0,1,0,0,31,0,211,7,0,0,0,0,2,0,0,0,0,0,0,57,0,0,1,10,0,1,0,0,0,0,0,0,0,0,19,7,0,0,0,0,0,1,0,0,8,0,0,0,4,0,0,0,364,0,0.03626943005181347,0.02072538860103627,0.9430051813471503,211.0,0.5796703296703297,0.4230769230769231,1.5089235822243938,97.7720207253886,False,False,NORMAL
ควนขนุน,แหลมโตนด,3,partylist,election_day,326,313,9,4,0,0,0,0,0,0,0,0,0,34,1,206,2,0,1,0,0,1,0,0,0,0,0,1,31,1,1,0,5,0,0,0,0,0,0,0,1,1,0,19,1,0,0,0,0,0,0,0,0,5,0,0,0,1,0,1,0,313,0,0.027607361963190184,0.012269938650306749,0.9601226993865031,206.0,0.65814696485623,0.549520766773163,1.2819304556000064,98.37423312883436,False,False,NORMAL
ควนขนุน,แหลมโตนด,4,partylist,election_day,590,555,29,6,0,2,0,1,0,0,1,0,1,60,2,306,5,0,0,1,0,7,0,0,0,1,0,0,92,0,1,1,3,0,0,0,1,0,0,0,3,0,3,35,6,1,0,1,3,1,1,3,4,8,0,0,0,1,0,0,0,555,0,0.04915254237288136,0.010169491525423728,0.940677966101695,306.0,0.5513513513513514,0.3855855855855856,1.613795057129315,97.33898305084746,False,False,NORMAL
ควนขนุน,แหลมโตนด,5,partylist,election_day,305,290,10,5,0,1,1,0,1,0,0,1,0,41,0,180,7,0,0,0,0,5,0,0,0,0,0,0,23,0,0,2,4,0,0,0,0,0,1,0,2,0,1,13,3,0,0,0,0,0,0,0,0,2,0,0,0,1,0,1,0,290,0,0.03278688524590164,0.01639344262295082,0.9508196721311475,180.0,0.6206896551724138,0.4793103448275862,1.438440045367119,98.0327868852459,False,False,NORMAL
ควนขนุน,แหลมโตนด,6,partylist,election_day,224,217,7,0,0,1,0,0,0,0,0,0,0,17,0,140,3,0,0,0,0,2,0,0,0,0,0,0,11,0,0,0,2,0,0,0,0,0,0,0,1,0,1,28,3,0,0,0,0,0,1,0,1,4,0,2,0,0,0,0,0,217,0,0.03125,0.0,0.96875,140.0,0.6451612903225806,0.5161290322580645,1.3431744293017776,98.4375,False,False,NORMAL
ควนขนุน,แหลมโตนด,7,partylist,election_day,323,313,8,2,0,0,0,0,0,0,0,0,0,28,1,233,2,0,0,0,0,1,1,0,0,0,0,0,12,0,0,1,3,0,0,0,2,0,0,0,1,0,1,17,6,0,0,0,0,0,0,0,1,2,0,0,0,1,0,0,0,313,0,0.02476780185758514,0.006191950464396285,0.9690402476780186,233.0,0.744408945686901,0.6549520766773163,1.0830004129783066,98.63777089783282,True,True,UNUSUAL_VOTING_PATTERN
ควนขนุน,แหลมโตนด,8,partylist,election_day,276,263,13,0,1,0,0,1,0,0,0,0,0,37,0,143,3,0,0,0,0,6,0,0,0,1,0,0,47,0,0,0,5,0,0,0,0,0,0,0,1,0,1,9,3,0,0,1,0,0,1,0,2,0,0,0,0,0,0,0,1,263,0,0.04710144927536232,0.0,0.9528985507246377,143.0,0.5437262357414449,0.3650190114068441,1.5006771582535472,97.64492753623189,False,False,NORMAL
ควนขนุน,แหลมโตนด,9,partylist,election_day,232,223,6,3,0,2,0,0,0,0,0,0,0,23,0,156,1,0,0,0,0,2,0,0,0,0,0,0,15,0,0,0,3,1,0,0,0,0,0,0,1,0,0,14,0,0,0,0,0,0,0,3,1,0,0,0,0,1,0,0,0,223,0,0.02586206896551724,0.01293103448275862,0.9612068965517241,156.0,0.6995515695067265,0.5964125560538116,1.1613165150354845,98.44827586206897,False,False,NORMAL
ควนขนุน,โตนดด้วน,1,partylist,election_day,262,248,7,7,0,0,0,0,1,0,0,0,1,28,0,112,4,0,0,0,0,1,1,0,0,1,0,0,68,0,0,1,7,1,0,0,0,0,0,0,0,0,0,11,1,1,0,0,0,0,0,5,0,3,0,0,0,1,0,0,0,248,0,0.026717557251908396,0.026717557251908396,0.9465648854961832,112.0,0.45161290322580644,0.1774193548387097,1.619934606089356,98.1297709923664,False,True,UNUSUAL_VOTING_PATTERN
ควนขนุน,โตนดด้วน,2,partylist,election_day,596,559,37,0,0,0,0,0,0,0,6,0,2,86,0,248,5,1,0,1,0,1,1,0,0,0,0,0,145,1,1,2,3,0,1,1,0,0,0,1,3,2,2,34,4,0,0,0,0,1,0,2,0,3,0,1,0,1,0,0,0,559,0,0.06208053691275168,0.0,0.9379194630872483,248.0,0.44364937388193204,0.18425760286225404,1.615793921741359,96.89597315436242,False,True,UNUSUAL_VOTING_PATTERN
ควนขนุน,โตนดด้วน,3,partylist,election_day,246,235,11,0,0,0,0,0,0,0,2,0,0,23,0,129,2,0,1,0,0,1,0,0,0,0,0,0,51,0,0,2,2,0,0,0,0,0,0,0,1,0,2,13,2,0,0,0,0,0,0,1,1,1,1,0,0,0,0,0,0,235,0,0.044715447154471545,0.0,0.9552845528455285,129.0,0.548936170212766,0.33191489361702126,1.454405164307197,97.76422764227642,False,False,NORMAL
ควนขนุน,โตนดด้วน,4,partylist,election_day,231,226,4,1,0,0,0,0,0,0,1,0,0,29,0,111,2,0,0,0,0,1,1,0,0,0,0,0,52,0,0,0,8,0,0,0,1,0,0,0,1,0,0,15,1,0,0,0,0,0,0,0,1,1,0,0,0,1,0,0,0,226,0,0.017316017316017316,0.004329004329004329,0.9783549783549783,111.0,0.4911504424778761,0.2610619469026549,1.5067443599244854,99.04761904761905,False,False,NORMAL
ควนขนุน,โตนดด้วน,5,partylist,election_day,558,535,14,9,0,0,0,0,1,0,2,0,0,58,0,284,4,0,0,0,0,2,0,0,0,1,0,0,139,0,3,2,6,0,0,0,0,0,0,0,1,1,1,20,3,0,0,0,0,0,1,1,0,3,0,0,0,2,0,0,0,535,0,0.025089605734767026,0.016129032258064516,0.9587813620071685,284.0,0.5308411214953271,0.27102803738317754,1.3900250221706583,98.42293906810035,False,False,NORMAL
ควนขนุน,โตนดด้วน,6,partylist,election_day,226,208,12,6,0,0,1,0,0,0,1,0,0,31,0,110,0,0,0,0,0,0,0,0,0,0,0,0,49,0,0,0,0,0,0,0,0,0,0,0,1,0,0,8,0,0,0,0,0,0,1,0,2,1,0,1,0,1,0,1,0,208,0,0.05309734513274336,0.02654867256637168,0.9203539823008849,110.0,0.5288461538461539,0.2932692307692308,1.3364444985561996,96.81415929203538,False,True,UNUSUAL_VOTING_PATTERN
ควนขนุน,โตนดด้วน,7,partylist,election_day,705,680,13,12,0,3,0,0,3,0,6,0,2,79,1,292,4,0,0,0,0,8,2,0,0,0,0,0,211,0,0,3,10,0,0,0,0,0,0,0,5,0,1,22,5,1,0,0,0,0,0,3,3,8,0,1,0,6,0,1,0,680,0,0.018439716312056736,0.01702127659574468,0.9645390070921985,292.0,0.4294117647058823,0.11911764705882352,1.6416033134742665,98.73758865248227,False,False,NORMAL
ควนขนุน,โตนดด้วน,8,partylist,election_day,341,328,11,2,0,0,0,1,0,0,2,0,0,38,1,135,3,0,0,1,0,3,1,0,0,1,0,0,116,0,0,2,2,0,0,0,2,0,0,0,1,0,1,11,0,0,0,0,0,1,0,0,0,3,0,1,0,2,0,0,0,328,0,0.03225806451612903,0.005865102639296188,0.9618768328445748,135.0,0.4115853658536585,0.057926829268292686,1.5398042738368163,98.26979472140762,False,True,UNUSUAL_VOTING_PATTERN
ควนขนุน,โตนดด้วน,9,partylist,election_day,431,406,16,9,0,4,0,0,0,0,0,1,0,57,1,190,3,0,2,0,0,1,0,0,0,0,0,1,94,0,0,2,12,0,0,0,0,0,0,1,1,0,1,20,3,0,0,1,0,1,0,2,2,3,0,0,0,2,0,1,0,406,0,0.037122969837587005,0.02088167053364269,0.9419953596287703,190.0,0.46798029556650245,0.23645320197044334,1.6552302762838265,97.7262180974478,False,False,NORMAL
ควนขนุน,โตนดด้วน,10,partylist,election_day,280,271,7,2,0,0,0,0,1,0,0,0,1,25,0,156,1,0,0,0,0,1,0,0,0,0,1,0,48,0,1,1,6,1,0,0,0,0,0,0,1,0,0,9,5,0,0,0,0,0,0,0,1,6,0,2,0,4,0,0,0,271,0,0.025,0.007142857142857143,0.9678571428571429,156.0,0.5756457564575646,0.3985239852398524,1.5049901217256632,98.60714285714286,False,False,NORMAL
ควนขนุน,โตนดด้วน,11,partylist,election_day,374,356,11,7,0,0,0,0,1,0,0,0,0,42,0,166,5,0,1,0,0,0,0,0,0,1,0,0,101,0,0,0,3,0,0,2,0,0,0,0,1,0,1,12,2,0,0,0,1,1,0,0,0,6,0,1,0,9,0,0,0,356,0,0.029411764705882353,0.01871657754010695,0.9518716577540107,166.0,0.46629213483146065,0.18258426966292135,1.5317865117640537,98.15508021390374,False,False,NORMAL
,,1,partylist,out_of_district_advance,765,729,5,31,0,5,0,0,0,0,4,0,0,387,1,170,5,0,0,0,0,0,0,1,0,1,0,0,91,1,2,1,12,0,0,1,0,0,0,0,2,0,0,27,6,1,0,0,0,1,1,1,0,1,0,0,0,4,0,3,0,729,0,0.006535947712418301,0.040522875816993466,0.9529411764705882,387.0,0.5308641975308642,0.29766803840877915,1.4444933517746543,98.86274509803921,False,False,ADVANCE_VOTING_EXCLUDED
,,2,partylist,out_of_district_advance,762,731,9,22,2,6,0,0,0,0,6,0,0,323,1,218,4,0,1,0,0,2,1,0,0,0,2,0,95,0,3,1,12,0,0,0,1,0,0,0,0,1,0,23,16,3,0,1,0,1,1,3,1,1,0,0,0,1,0,1,0,731,0,0.011811023622047244,0.028871391076115485,0.9593175853018373,323.0,0.4418604651162791,0.1436388508891929,1.5875608197125106,98.83202099737534,False,False,ADVANCE_VOTING_EXCLUDED
,,3,partylist,out_of_district_advance,765,745,6,14,0,3,0,0,0,0,2,0,1,345,1,227,4,0,1,0,0,0,0,0,0,0,1,0,98,0,1,1,9,0,0,0,0,0,0,0,2,0,0,30,9,3,0,0,0,0,0,4,0,1,0,0,0,1,0,1,0,745,0,0.00784313725490196,0.018300653594771243,0.9738562091503268,345.0,0.46308724832214765,0.15838926174496645,1.4337145916158842,99.24183006535948,False,False,ADVANCE_VOTING_EXCLUDED
,,4,partylist,out_of_district_advance,520,498,2,20,0,1,0,0,0,0,0,0,0,242,0,141,3,0,0,0,0,0,0,1,0,0,0,0,60,0,2,0,7,1,0,1,0,1,0,0,1,0,0,20,5,1,0,0,0,2,1,0,1,1,0,0,0,3,0,3,0,498,0,0.0038461538461538464,0.038461538461538464,0.9576923076923077,242.0,0.4859437751004016,0.20281124497991967,1.459591937660283,99.03846153846153,False,False,ADVANCE_VOTING_EXCLUDED
,,5,partylist,out_of_district_advance,765,731,3,31,0,2,0,1,1,0,3,0,0,376,1,177,4,0,1,1,0,0,0,0,0,0,0,0,101,0,1,0,9,1,0,0,1,0,0,0,5,0,0,28,5,2,0,1,0,0,1,5,0,0,0,0,0,2,0,2,0,731,0,0.00392156862745098,0.040522875816993466,0.9555555555555556,376.0,0.5143638850889193,0.2722298221614227,1.446074607898148,98.99346405228758,False,False,ADVANCE_VOTING_EXCLUDED
,,6,partylist,out_of_district_advance,763,727,2,34,0,0,0,0,1,0,4,0,0,360,1,226,0,0,0,0,0,3,0,0,0,0,0,0,81,0,4,1,4,1,0,0,0,0,0,0,0,0,0,16,8,3,0,0,0,3,1,2,0,1,0,0,0,4,0,2,1,727,0,0.002621231979030144,0.04456094364351245,0.9528178243774574,360.0,0.4951856946354883,0.1843191196698762,1.3677070777075129,98.97771952817824,False,False,ADVANCE_VOTING_EXCLUDED
,,7,partylist,out_of_district_advance,765,733,4,28,1,1,0,0,0,1,0,0,0,399,0,180,4,0,0,0,0,0,0,1,0,1,0,0,83,0,0,2,10,0,0,0,0,1,0,1,1,0,0,31,2,3,0,0,1,1,0,3,0,1,0,1,0,3,0,1,0,733,0,0.00522875816993464,0.036601307189542485,0.9581699346405229,399.0,0.5443383356070941,0.2987721691678035,1.360070203960153,99.00653594771242,False,False,ADVANCE_VOTING_EXCLUDED
,,8,partylist,out_of_district_advance,765,736,5,24,0,2,0,0,1,0,0,0,0,346,0,227,4,0,0,0,0,3,0,0,0,1,0,0,88,0,1,1,9,1,0,0,0,0,0,0,2,0,0,27,7,2,0,0,0,0,4,2,0,2,0,1,0,2,0,3,0,736,0,0.006535947712418301,0.03137254901960784,0.9620915032679739,346.0,0.4701086956521739,0.16168478260869565,1.442641949949596,99.04575163398692,False,False,ADVANCE_VOTING_EXCLUDED
,,9,partylist,out_of_district_advance,765,739,3,23,1,3,2,0,1,0,1,0,0,374,0,207,5,0,4,0,0,0,1,0,0,0,0,0,82,0,3,1,10,0,0,1,0,0,0,0,2,0,0,23,6,1,0,0,1,0,0,2,0,2,0,0,0,3,0,3,0,739,0,0.00392156862745098,0.030065359477124184,0.9660130718954248,374.0,0.5060893098782138,0.2259810554803789,1.4373559678474424,99.20261437908496,False,False,ADVANCE_VOTING_EXCLUDED
,,10,partylist,out_of_district_advance,770,741,8,21,1,0,0,0,0,0,2,1,0,345,0,244,9,0,0,0,0,1,0,2,0,2,0,0,79,1,2,1,9,0,0,0,0,0,0,0,1,0,0,22,11,2,0,0,0,0,1,1,0,0,0,0,0,4,0,0,0,741,0,0.01038961038961039,0.02727272727272727,0.9623376623376624,345.0,0.46558704453441296,0.13630229419703105,1.4137702274431165,98.93506493506493,False,False,ADVANCE_VOTING_EXCLUDED
,,1,partylist,in_district_advance,9,9,0,0,0,0,0,0,0,0,0,0,0,1,0,5,0,0,0,0,0,0,0,0,0,0,0,0,1,0,0,0,0,0,0,0,0,0,0,0,0,0,0,0,0,0,0,0,0,0,0,0,0,1,0,1,0,0,0,0,0,9,0,0.0,0.0,1.0,5.0,0.5555555555555556,0.4444444444444444,1.3030924037617193,100.0,False,False,ADVANCE_VOTING_EXCLUDED
