district,subdistrict,unit_index,form_type,vote_phase,ballot_total,ballot_valid,ballot_invalid,ballot_no_vote,กรีน,กล้าธรรม,ก้าวอิสระ,ครูไทยเพื่อประชาชน,คลองไทย,ความหวังใหม่,ทางเลือกไทย,ท้องที่ไทย,ประชากรไทย,ประชาชน,ประชาชาติ,ประชาธิปัตย์,ประชาธิปไดยใหม่,ประชาอาสาชาติ,ประชาไทย,ปวงชนไทย,พร้อม,พลวัต,พลังธรรมใหม่,พลังประชารัฐ,พลังสังคมใหม่,พลังเพื่อไทย,พลังไทยรักชาติ,ฟิวชัน,ภูมิใจไทย,มิติใหม่,รวมพลังประชาชน,รวมใจไทย,รวมไทยสร้างชาติ,รักชาติ,วิชชั่นใหม่,สร้างอนาคตไทย,สังคมประชาธิปไดยไทย,อนาคตไทย,เครือข่ายชาวนาแห่งประเทศไทย,เป็นธรรม,เพื่อชาติไทย,เพื่อชีวิตใหม่,เพื่อบ้านเมือง,เพื่อไทย,เศรษฐกิจ,เสรีรวมไทย,แผ่นดินธรรม,แรงงานสร้างชาติ,โอกาสใหม่,ใหม่,ไทยก้าวหน้า,ไทยก้าวใหม่,ไทยชนะ,ไทยทรัพย์ทวี,ไทยธรรม,ไทยพร้อม,ไทยพิทักษ์ธรรม,ไทยภักดี,ไทยรวมไทย,ไทยสร้างไทย,ไทรวมพลัง,vote_sum,vote_mismatch,invalid_ratio,no_vote_ratio,turnout,winner_votes,winner_ratio,winner_margin,vote_entropy,integrity_score,anomaly_iforest,anomaly_dbscan,anomaly_type,source_row_id,latitude,longitude,latlong_location,is_integrity_or_anomaly_issue,issue_num,mixed_kmeans_cluster,geo_dbscan_cluster
ควนขนุน,ควนขนุน(เทศบาล),1,partylist,election_day,256,238,11,7,0,0,0,0,4,0,0,0,0,34,0,108,1,0,0,0,0,0,0,1,0,0,0,0,56,0,1,0,9,0,0,0,0,0,0,0,2,1,1,12,1,1,0,0,0,0,1,1,0,1,0,0,0,3,0,0,0,238,0,0.04296875,0.02734375,0.9296875,108.0,0.453781512605042,0.2184873949579832,1.6453490992487043,97.3046875,False,True,UNUSUAL_VOTING_PATTERN,0,7.734476799999999,100.0124479,อาคารอเนกประสงค์ สำนักงานเทศบาลตำบลควนขนุน,True,1,1,0
ควนขนุน,ควนขนุน(เทศบาล),2,partylist,election_day,337,320,8,9,0,1,0,0,0,0,1,0,0,45,0,137,2,0,0,0,1,0,0,0,0,0,0,0,87,0,0,0,8,1,0,1,0,0,0,0,2,0,0,15,7,0,0,0,1,0,0,2,0,1,0,0,0,8,0,0,0,320,0,0.0237388724035608,0.0267062314540059,0.9495548961424332,137.0,0.428125,0.15625,1.6259982551336982,98.27893175074183,False,True,UNUSUAL_VOTING_PATTERN,1,7.733656099999999,100.007411,อาคารหอประชุม โรงเรียนบ้านควนขนุน,True,1,1,0
ควนขนุน,ควนขนุน,9,partylist,election_day,80,78,1,1,0,0,0,0,0,0,0,0,0,15,0,23,2,1,0,0,0,0,0,0,0,0,0,0,24,0,0,0,4,0,0,0,0,0,0,0,0,0,0,6,2,0,0,0,0,0,0,0,0,0,0,0,0,1,0,0,0,78,0,0.0125,0.0125,0.975,24.0,0.3076923076923077,0.0128205128205128,1.6890327383134127,99.125,True,True,UNUSUAL_VOTING_PATTERN,12,7.735698699999999,100.0077949,ศาลาประจำหมู่บ้าน หมู่ที่ 9 บ้านควนขนุน,True,1,1,0
ควนขนุน,ชะมวง,2,partylist,election_day,194,177,11,6,0,0,0,0,0,0,1,0,0,14,0,83,3,0,0,0,0,2,0,0,0,0,0,0,46,0,0,0,6,0,0,0,0,0,0,0,3,0,0,12,2,1,0,0,0,0,0,0,0,2,0,2,0,0,0,0,0,177,0,0.056701030927835,0.0309278350515463,0.9123711340206184,83.0,0.4689265536723164,0.2090395480225988,1.602509251841952,96.54639175257732,False,True,UNUSUAL_VOTING_PATTERN,14,7.7408104,99.9839132,ศาลาการเปรียญวัดพิกุลทอง,True,1,1,0
ควนขนุน,ชะมวง,8,partylist,election_day,360,342,16,2,0,1,0,0,0,0,1,0,0,83,3,135,0,0,0,1,1,3,2,2,0,0,0,1,70,1,0,1,7,0,0,0,0,0,0,0,2,0,0,12,2,1,0,0,0,1,0,0,0,10,0,0,0,2,0,0,0,342,0,0.0444444444444444,0.0055555555555555,0.95,135.0,0.3947368421052631,0.1520467836257309,1.7226476382668376,97.66666666666666,False,True,UNUSUAL_VOTING_PATTERN,20,7.7372374,99.973056,ศาลาประจำหมู่บ้านบ้านไทรโกบ,True,1,1,0
ควนขนุน,ชะมวง,10,partylist,election_day,196,188,6,2,0,2,0,0,0,0,1,0,0,43,0,51,3,0,1,0,0,1,0,1,0,0,0,0,52,0,0,0,3,0,1,0,0,0,0,0,0,0,0,25,1,1,0,0,0,0,0,1,0,0,1,0,0,0,0,0,0,188,0,0.0306122448979591,0.010204081632653,0.9591836734693876,52.0,0.2765957446808511,0.0053191489361702,1.7461799983361643,98.265306122449,True,True,UNUSUAL_VOTING_PATTERN,22,7.737530199999998,99.9891287,ศาลาประจำหมู่บ้านบ้านปาบ,True,1,1,0
ศรีนครินทร์,ชุมพล,1,partylist,election_day,645,596,25,24,0,0,0,0,0,0,3,0,1,89,1,341,3,0,0,1,0,7,0,0,0,2,1,1,63,0,3,3,7,0,2,0,2,0,0,0,2,1,2,35,8,2,0,1,1,2,0,0,5,2,0,3,1,0,0,1,0,596,0,0.0387596899224806,0.0372093023255813,0.924031007751938,341.0,0.5721476510067114,0.4228187919463087,1.6031429577096452,97.31782945736434,False,True,UNUSUAL_VOTING_PATTERN,38,7.6050041,99.9493424,ศาลาประจำหมู่บ้านบ้านชุมพล,True,1,1,4
ศรีนครินทร์,ชุมพล,3,partylist,election_day,363,339,16,8,0,2,0,1,0,0,0,0,0,71,0,153,5,0,2,0,0,4,1,1,0,1,0,0,30,0,2,2,7,0,0,0,0,1,0,2,1,0,1,37,7,1,0,1,0,1,0,0,2,1,0,0,0,2,0,0,0,339,0,0.0440771349862259,0.0220385674931129,0.9338842975206612,153.0,0.4513274336283185,0.2418879056047197,1.8186658092036336,97.35537190082644,False,True,UNUSUAL_VOTING_PATTERN,40,7.615725099999999,99.9576849,ศาลาประจำหมู่บ้านบ้านหนองเสม็ด,True,1,1,5
ศรีนครินทร์,ชุมพล,4,partylist,election_day,418,375,19,24,1,6,2,0,0,0,13,1,1,66,1,85,5,0,0,1,0,11,0,0,0,3,0,0,45,3,3,8,8,0,0,1,0,2,0,0,24,0,0,38,18,1,0,0,0,0,1,0,1,23,0,0,0,2,0,1,0,375,0,0.0454545454545454,0.0574162679425837,0.8971291866028708,85.0,0.2266666666666666,0.0506666666666666,2.487130290516781,96.57894736842104,True,True,UNUSUAL_VOTING_PATTERN,41,7.5827562,99.9618832,ศาลาการเปรียญวัดลำกะ,True,1,1,-1
ศรีนครินทร์,ชุมพล,6,partylist,election_day,493,455,22,16,0,0,0,0,1,0,1,0,0,56,1,269,7,0,0,2,0,8,2,1,0,1,0,0,53,1,2,0,6,1,0,2,0,0,0,1,1,1,0,25,2,5,0,0,0,1,0,0,1,3,0,0,0,0,0,1,0,455,0,0.0446247464503042,0.0324543610547667,0.922920892494929,269.0,0.5912087912087912,0.4681318681318681,1.5476020755223812,97.11967545638946,False,True,UNUSUAL_VOTING_PATTERN,43,7.6050041,99.9493424,ศาลาประจำหมู่บ้านบ้านหนองหาญ (หนองโหล๊ะ),True,1,1,4
ศรีนครินทร์,ชุมพล,7,partylist,election_day,274,259,5,10,0,0,0,0,0,0,1,0,0,41,0,150,2,0,0,0,0,3,0,0,0,1,1,0,25,0,0,3,2,0,1,0,0,0,0,0,1,0,1,14,8,0,0,0,0,0,1,0,0,4,0,0,0,0,0,0,0,259,0,0.0182481751824817,0.0364963503649635,0.9452554744525548,150.0,0.5791505791505791,0.4208494208494208,1.4919036627891118,98.35766423357664,False,True,UNUSUAL_VOTING_PATTERN,44,7.6050041,99.9493424,ศาลาอเนกประสงค์บ้านทุ่งยวน,True,1,1,4
ศรีนครินทร์,ชุมพล,12,partylist,election_day,244,224,11,9,0,1,0,0,0,0,0,1,0,35,0,118,3,0,0,0,0,7,0,1,0,1,0,0,20,0,1,1,2,0,1,0,0,0,0,0,0,0,1,22,6,1,0,0,0,0,0,1,1,0,0,0,0,0,0,0,0,224,0,0.0450819672131147,0.0368852459016393,0.918032786885246,118.0,0.5267857142857143,0.3705357142857143,1.642228166275038,97.00819672131148,False,True,UNUSUAL_VOTING_PATTERN,49,7.6050041,99.9493424,ศาลาประจำหมู่บ้านบ้านต้นธง,True,1,1,4
ศรีนครินทร์,ชุมพล,13,partylist,election_day,254,245,3,6,2,0,0,0,0,0,2,1,0,24,0,179,1,0,0,0,0,1,0,0,0,0,1,0,7,0,1,0,3,1,0,1,0,0,0,0,0,0,0,12,4,0,0,0,0,0,0,2,2,1,0,0,0,0,0,0,0,245,0,0.0118110236220472,0.0236220472440944,0.9645669291338582,179.0,0.7306122448979592,0.6326530612244898,1.1639447665869618,98.93700787401576,True,False,UNUSUAL_VOTING_PATTERN,50,7.615725099999999,99.9576849,ศาลาประจำหมู่บ้านบ้านนารา,True,1,0,5
ควนขนุน,ดอนทราย,6,partylist,election_day,284,279,2,3,0,1,0,0,1,0,1,0,0,32,0,126,1,0,1,0,0,1,0,0,0,1,0,0,76,1,1,1,8,0,0,0,0,0,0,0,3,0,1,8,1,1,0,0,0,0,0,0,0,3,0,2,0,7,0,0,1,279,0,0.0070422535211267,0.0105633802816901,0.9823943661971832,126.0,0.4516129032258064,0.1792114695340501,1.6732146247223272,99.43661971830986,False,True,UNUSUAL_VOTING_PATTERN,58,7.722331100000001,99.9800438,ศาลาประจำหมู่บ้านบ้านเกาะทอง,True,1,1,-1
ศรีบรรพต,ตะแพน,4,partylist,election_day,144,143,1,0,0,0,0,0,0,0,1,0,0,24,0,86,1,0,0,0,0,0,1,0,0,0,0,0,23,0,0,0,0,0,0,0,0,0,0,0,0,0,0,6,0,0,1,0,0,0,0,0,0,0,0,0,0,0,0,0,0,143,0,0.0069444444444444,0.0,0.9930555555555556,86.0,0.6013986013986014,0.4335664335664335,1.1711377548201092,99.65277777777776,False,True,UNUSUAL_VOTING_PATTERN,67,7.6452374,99.8090063,ศาลาประจำหมู่บ้าน บ้านห้วยครก หมู่ที่ 4,True,1,0,-1
ศรีบรรพต,ตะแพน,7,partylist,election_day,614,602,6,6,0,0,0,0,0,0,1,0,0,65,0,435,3,1,1,0,2,5,0,0,0,0,0,0,46,2,1,1,4,0,1,1,0,0,0,0,2,0,2,16,5,1,0,0,0,0,0,0,0,6,0,0,0,0,1,0,0,602,0,0.009771986970684,0.009771986970684,0.980456026058632,435.0,0.7225913621262459,0.6146179401993356,1.1248076985383864,99.3159609120521,False,True,UNUSUAL_VOTING_PATTERN,70,7.6497788,99.9285556,โรงอาหารโรงเรียนบ้านหัสคุณ,True,1,0,-1
ควนขนุน,ทะเลน้อย,4,partylist,election_day,377,355,18,4,0,0,0,2,2,0,0,0,0,30,1,131,8,0,0,0,0,1,0,0,0,0,0,0,139,1,1,2,1,0,0,1,1,0,0,0,2,1,0,17,2,1,0,0,0,2,0,2,1,6,0,0,0,0,0,0,0,355,0,0.0477453580901856,0.0106100795755968,0.9416445623342176,139.0,0.3915492957746478,0.0225352112676056,1.6134320880106734,97.40053050397876,False,True,UNUSUAL_VOTING_PATTERN,76,7.3838149,100.2598974,ศาลาประจำหมู่บ้านบ้านบนออก,True,1,1,2
ควนขนุน,ทะเลน้อย,5,partylist,election_day,508,476,29,3,0,1,0,0,0,0,0,1,0,58,1,202,4,0,1,1,0,1,3,0,0,2,0,0,110,0,2,1,2,1,0,1,1,0,0,0,1,0,0,56,9,2,0,1,0,0,0,1,1,8,0,2,0,2,0,0,0,476,0,0.0570866141732283,0.0059055118110236,0.937007874015748,202.0,0.4243697478991596,0.1932773109243697,1.7456328995849122,97.0275590551181,False,True,UNUSUAL_VOTING_PATTERN,77,7.3838149,100.2598974,ศาลาประจำหมู่บ้านบ้านปลายตรอก,True,1,1,2
ควนขนุน,ทะเลน้อย,9,partylist,election_day,408,382,19,7,0,5,0,0,2,0,1,1,1,49,0,164,1,0,1,0,0,2,0,0,0,0,0,0,99,0,1,2,1,0,1,0,0,0,0,1,0,0,4,22,7,1,0,0,0,1,1,2,0,6,0,3,0,2,0,1,0,382,0,0.0465686274509803,0.017156862745098,0.9362745098039216,164.0,0.4293193717277487,0.1701570680628272,1.7616805786463503,97.32843137254902,False,True,UNUSUAL_VOTING_PATTERN,81,7.3838149,100.2598974,ศาลาประจำหมู่บ้านบ้านบนตก,True,1,1,2
ควนขนุน,ทะเลน้อย,10,partylist,election_day,387,356,29,2,0,1,0,1,1,0,0,0,1,36,2,148,3,0,0,1,0,3,1,0,0,1,0,0,115,0,1,1,2,0,1,0,0,0,0,1,3,0,1,17,6,0,0,0,0,1,0,0,1,6,0,0,0,1,0,0,0,356,0,0.0749354005167958,0.0051679586563307,0.9198966408268734,148.0,0.4157303370786517,0.0926966292134831,1.671034290224986,96.1498708010336,False,True,UNUSUAL_VOTING_PATTERN,82,7.3838149,100.2598974,ศาลาประจำหมู่บ้านบ้านบนกลาง,True,1,1,2
ศรีนครินทร์,บ้านนา,5,partylist,election_day,314,288,17,9,1,0,0,0,0,0,0,0,0,44,1,135,3,0,0,0,0,3,0,0,0,0,0,0,65,0,0,1,5,0,0,1,0,1,0,0,0,0,1,15,1,1,0,0,0,0,0,0,2,3,0,0,0,4,0,1,0,288,0,0.054140127388535,0.0286624203821656,0.9171974522292994,135.0,0.46875,0.2430555555555555,1.6159516728195435,96.71974522292994,False,True,UNUSUAL_VOTING_PATTERN,99,7.569812799999999,99.8929252,ศาลาประจำหมู่บ้านบ้านต้นไทร,True,1,1,9
ศรีนครินทร์,บ้านนา,9,partylist,election_day,329,309,9,11,0,1,0,1,0,0,1,0,0,68,0,99,3,0,0,0,0,5,0,0,1,0,0,1,37,0,1,0,2,0,0,0,0,0,0,0,3,0,0,76,4,0,0,2,0,0,0,0,1,2,0,0,0,0,0,1,0,309,0,0.0273556231003039,0.033434650455927,0.939209726443769,99.0,0.3203883495145631,0.0744336569579288,1.7562344498203488,97.96352583586626,False,True,UNUSUAL_VOTING_PATTERN,103,7.5640073,99.8794744,ศาลาประจำหมู่บ้านบ้านวงค์,True,1,1,9
ศรีนครินทร์,บ้านนา,12,partylist,election_day,387,361,21,5,0,1,0,0,0,0,1,1,0,43,0,229,3,0,1,0,0,2,0,0,0,0,0,1,36,0,0,2,3,1,0,0,0,0,0,0,2,0,3,18,5,0,2,1,0,0,0,0,1,3,0,0,0,2,0,0,0,361,0,0.0542635658914728,0.0129198966408268,0.9328165374677002,229.0,0.6343490304709142,0.5152354570637119,1.4145030939365315,97.02842377260984,False,True,UNUSUAL_VOTING_PATTERN,106,7.5640073,99.8794744,ที่ทำการกลุ่มแม่บ้านลำในใต้,True,1,1,9
ป่าพะยอม,บ้านพร้าว,1,partylist,election_day,438,419,7,12,1,2,0,0,0,0,1,0,0,109,0,213,3,0,0,0,0,3,0,2,0,0,0,0,45,0,4,0,3,0,0,0,0,0,0,0,1,0,0,23,3,1,0,1,0,0,0,0,0,0,0,0,0,4,0,0,0,419,0,0.0159817351598173,0.0273972602739726,0.95662100456621,213.0,0.5083532219570406,0.2482100238663484,1.446523376866445,98.65296803652969,False,True,UNUSUAL_VOTING_PATTERN,107,7.814176799999999,99.9520961,เต๊นท์บริเวณตลาดใหม่ป่าพะยอม,True,1,1,10
ป่าพะยอม,บ้านพร้าว,2,partylist,election_day,392,368,11,13,0,0,1,0,1,0,3,0,0,65,0,197,3,0,0,0,0,0,0,0,0,0,0,0,51,0,0,0,8,1,0,0,2,0,0,0,1,1,1,10,5,1,0,0,0,1,0,0,2,4,0,0,0,5,0,0,0,363,5,0.0280612244897959,0.0331632653061224,0.9387755102040816,197.0,0.5353260869565217,0.358695652173913,1.5326545790031734,76.57497781721385,False,False,SCORE_BALLOT_MISMATCH,108,7.8144408,99.9409196,ศาลาประจำหมู่บ้านบ้านพร้าว,True,1,1,10
ควนขนุน,ปันแต,11,partylist,election_day,384,358,23,3,0,0,0,1,0,0,1,0,0,32,0,212,1,0,0,0,0,5,0,0,0,0,1,0,45,0,0,4,1,1,0,2,0,1,0,0,0,0,0,30,8,2,0,1,0,0,1,1,2,3,0,0,0,3,0,0,0,358,0,0.0598958333333333,0.0078125,0.9322916666666666,212.0,0.5921787709497207,0.4664804469273743,1.520717263593315,96.84895833333331,False,True,UNUSUAL_VOTING_PATTERN,128,7.734939400000001,100.0100936,ศาลาประจำหมู่บ้านบ้านทุ่งลาน,True,1,1,0
ป่าพะยอม,ป่าพะยอม,6,partylist,election_day,531,499,12,20,0,0,0,0,0,0,4,2,0,64,0,336,3,0,1,0,0,3,1,0,0,0,0,0,37,0,1,1,9,1,1,0,0,1,0,0,0,0,1,11,3,1,0,2,0,1,0,2,1,6,0,2,0,4,0,0,0,499,0,0.0225988700564971,0.0376647834274952,0.9397363465160076,336.0,0.6733466933867736,0.5450901803607214,1.3273409679075907,98.11676082862525,False,True,UNUSUAL_VOTING_PATTERN,136,7.838677,99.863101,ศาลาประจำหมู่บ้านบ้านนาทราย,True,1,0,17
ควนขนุน,พนมวังก์,5,partylist,election_day,398,371,19,8,0,1,0,0,1,0,1,0,1,39,0,187,4,0,2,0,0,6,2,0,0,0,0,0,43,0,0,1,11,0,0,0,2,0,0,0,0,0,0,53,2,4,0,0,0,3,0,0,0,3,0,2,3,0,0,0,0,371,0,0.0477386934673366,0.0201005025125628,0.9321608040201004,187.0,0.5040431266846361,0.3611859838274933,1.7159593832201805,97.2110552763819,False,True,UNUSUAL_VOTING_PATTERN,143,7.3838149,100.2598974,ศาลาประจำหมู่บ้านบ้านพนมวังก์,True,1,1,2
ควนขนุน,พนมวังก์,6,partylist,election_day,628,596,23,9,0,5,0,0,0,0,2,0,1,72,0,200,4,0,1,0,1,3,0,1,0,0,0,0,216,0,0,1,5,1,0,0,0,0,0,0,2,0,0,55,4,3,1,1,0,0,1,1,2,8,0,0,0,5,0,0,0,596,0,0.036624203821656,0.0143312101910828,0.9490445859872612,216.0,0.3624161073825503,0.0268456375838926,1.6726820968462115,97.88216560509554,False,True,UNUSUAL_VOTING_PATTERN,144,7.6731922,100.0191857,ศาลาประจำหมู่บ้านบ้านทุ่งขึงหนัง,True,1,1,-1
ควนขนุน,พนางตุง,1,partylist,election_day,412,384,18,10,0,0,0,1,0,0,1,1,0,50,1,104,6,0,0,1,0,5,0,0,0,0,0,0,122,0,0,2,5,0,1,0,0,0,0,0,4,0,0,63,9,2,0,1,0,0,0,1,0,3,0,0,0,0,0,0,1,384,0,0.0436893203883495,0.0242718446601941,0.9320388349514565,122.0,0.3177083333333333,0.046875,1.8257482318307143,97.33009708737865,False,True,UNUSUAL_VOTING_PATTERN,147,7.7777536,100.1167953,ศาลาประจำหมู่บ้านบ้านทะเลน้อย,True,1,1,7
ควนขนุน,พนางตุง,2,partylist,election_day,352,326,22,4,0,1,0,0,2,0,0,0,1,47,0,94,0,0,0,0,0,2,0,0,0,0,0,0,110,0,0,0,2,1,0,0,0,0,0,0,2,1,0,48,6,1,0,1,0,0,0,3,1,2,1,0,0,0,0,0,0,326,0,0.0625,0.0113636363636363,0.9261363636363636,110.0,0.3374233128834356,0.0490797546012269,1.7013912431413405,96.64772727272728,False,True,UNUSUAL_VOTING_PATTERN,148,7.7777536,100.1167953,ศาลาประจำหมู่บ้าน หมู่ที่ 2 บ้านทะเลน้อย,True,1,1,7
ควนขนุน,พนางตุง,7,partylist,election_day,483,455,25,3,1,0,0,1,1,0,1,0,0,41,0,209,5,0,1,0,0,4,0,0,0,0,0,0,148,0,0,2,3,0,1,0,0,0,0,0,2,1,1,5,7,0,0,1,0,1,0,0,1,13,2,1,0,2,0,0,0,455,0,0.05175983436853,0.0062111801242236,0.9420289855072465,209.0,0.4593406593406593,0.134065934065934,1.536038048660175,97.287784679089,False,True,UNUSUAL_VOTING_PATTERN,153,7.767323999999999,100.08837,ศาลาประจำหมู่บ้านบ้านค่าย,True,1,1,-1
ควนขนุน,พนางตุง,10,partylist,election_day,632,592,31,9,0,3,1,0,0,0,3,0,0,60,1,338,10,0,0,0,0,3,1,2,0,0,0,1,102,0,0,0,7,1,1,0,0,0,0,0,5,0,4,28,0,0,0,2,0,1,0,1,0,4,0,0,0,0,0,0,2,581,11,0.0490506329113924,0.0142405063291139,0.9367088607594936,338.0,0.5709459459459459,0.3986486486486486,1.4616004991026554,75.40455011974,False,False,INCOMPLETE_DOCUMENT,156,7.789683200000001,100.0953331,โรงเรียนบ้านธรรมเถียร,True,1,1,-1
ควนขนุน,พนางตุง,13,partylist,election_day,510,466,34,10,0,0,0,0,1,0,1,0,0,89,1,161,1,1,0,0,0,4,0,0,0,1,1,0,110,0,2,0,4,0,0,1,0,0,0,0,3,0,0,63,7,1,0,0,0,0,1,1,0,6,0,0,0,6,0,0,0,466,0,0.0666666666666666,0.0196078431372549,0.9137254901960784,161.0,0.3454935622317596,0.1094420600858369,1.7524258949438891,96.27450980392156,True,True,UNUSUAL_VOTING_PATTERN,159,7.7615069,100.1367166,ศาลาเอนกประสงค์ หมู่ที่ 13,True,1,1,-1
ควนขนุน,มะกอกเหนือ,3,partylist,election_day,113,108,1,4,0,0,0,0,0,0,1,0,1,11,0,60,0,0,0,0,0,0,0,0,0,0,0,0,21,0,0,0,2,0,0,0,0,0,0,0,0,0,0,5,6,0,0,0,0,0,0,0,0,1,0,0,0,0,0,0,0,108,0,0.0088495575221238,0.0353982300884955,0.9557522123893806,60.0,0.5555555555555556,0.3611111111111111,1.3843855450412683,98.84955752212387,False,True,UNUSUAL_VOTING_PATTERN,166,7.7544444,100.0663889,ศาลาประจำหมู่บ้านบ้านเขาอ้อ,True,1,0,12
ควนขนุน,มะกอกเหนือ,4,partylist,election_day,259,249,2,8,0,1,0,0,1,0,3,0,0,40,0,102,2,0,0,0,0,2,0,0,0,0,0,0,58,0,0,0,3,0,0,0,0,0,0,0,0,0,1,26,2,0,0,0,3,0,0,0,2,2,0,0,0,0,0,1,0,249,0,0.0077220077220077,0.0308880308880308,0.9613899613899614,102.0,0.4096385542168674,0.1767068273092369,1.6767396750855252,98.996138996139,False,True,UNUSUAL_VOTING_PATTERN,167,7.7416636,100.0695367,ศาลาประจำหมู่บ้านบ้านค่ายเสือ,True,1,1,12
ควนขนุน,มะกอกเหนือ,10,partylist,election_day,162,153,6,3,0,1,0,0,0,0,1,0,1,26,0,65,5,0,0,0,0,1,0,0,0,0,0,0,18,0,1,2,5,2,0,0,0,0,0,0,0,0,1,17,2,1,0,0,0,0,0,0,1,2,0,0,0,0,0,1,0,153,0,0.037037037037037,0.0185185185185185,0.9444444444444444,65.0,0.4248366013071895,0.2549019607843137,1.9070617279827489,97.7777777777778,False,True,UNUSUAL_VOTING_PATTERN,173,7.7416636,100.0695367,ที่อ่านหนังสือประจำหมู่บ้านบ้านไสเลียบ,True,1,1,12
ศรีนครินทร์,ลำสินธ์ุ,1,partylist,election_day,561,533,11,17,0,2,0,1,1,0,0,0,0,97,0,252,6,0,2,1,0,6,0,0,0,0,0,0,52,0,0,2,9,0,0,1,0,0,0,0,6,0,0,75,4,1,0,2,2,0,1,4,2,3,0,0,0,0,0,0,1,533,0,0.0196078431372549,0.0303030303030303,0.9500891265597148,252.0,0.4727954971857411,0.2908067542213883,1.698465089432302,98.41354723707664,False,True,UNUSUAL_VOTING_PATTERN,186,7.565728799999999,99.9318053,ศาลาประจำหมู่บ้านบ้านคลองหมวย,True,1,1,15
ศรีนครินทร์,ลำสินธ์ุ,7,partylist,election_day,604,567,33,4,0,0,0,0,6,0,0,0,0,32,0,389,5,1,0,0,0,9,0,1,2,1,0,0,52,0,1,2,1,1,0,0,0,0,0,0,6,0,3,23,4,1,0,3,0,2,1,0,4,13,0,2,0,1,1,0,0,567,0,0.0546357615894039,0.0066225165562913,0.9387417218543046,389.0,0.6860670194003528,0.5943562610229277,1.37702274995147,97.13576158940398,False,True,UNUSUAL_VOTING_PATTERN,192,7.508669999999999,99.921707,ศาลาประจำหมู่บ้านบ้านขาม,True,1,0,-1
ศรีนครินทร์,ลำสินธ์ุ,9,partylist,election_day,233,214,19,0,0,2,0,0,1,0,0,0,0,37,0,97,4,0,2,0,0,5,0,0,0,0,0,0,30,0,0,1,3,0,1,0,0,0,0,1,1,0,1,22,3,0,0,0,0,0,0,0,0,1,0,0,0,2,0,0,0,214,0,0.0815450643776824,0.0,0.9184549356223176,97.0,0.4532710280373832,0.2803738317757009,1.7597484125525502,95.92274678111588,True,True,UNUSUAL_VOTING_PATTERN,194,7.5045591,99.9073986,ศาลาประจำหมู่บ้านบ้านโหล๊ะอม,True,1,1,14
กงหรา2,สมหวัง,4,partylist,election_day,358,322,31,5,0,0,0,0,1,0,0,0,0,29,0,198,3,0,1,1,1,4,0,0,0,0,0,0,40,1,0,2,2,1,0,1,1,1,0,0,2,1,2,12,4,3,0,0,0,0,1,1,0,5,0,1,1,0,2,0,0,322,0,0.0865921787709497,0.0139664804469273,0.8994413407821229,198.0,0.6149068322981367,0.4906832298136646,1.5672124179112503,95.39106145251397,True,True,UNUSUAL_VOTING_PATTERN,198,7.5076504,99.9837692,โรงเรียนวัดหวัง,True,1,1,-1
กงหรา2,สมหวัง,6,partylist,election_day,374,347,16,11,0,0,1,0,1,0,2,0,0,43,0,239,0,0,1,1,0,1,0,1,0,1,0,0,19,1,0,3,3,0,1,0,0,0,1,0,3,0,3,10,3,1,0,1,0,0,1,0,1,3,0,0,0,1,1,0,0,347,0,0.0427807486631016,0.0294117647058823,0.927807486631016,239.0,0.6887608069164265,0.5648414985590778,1.3227025869275424,97.27272727272728,False,True,UNUSUAL_VOTING_PATTERN,200,7.4978326,100.015403,ศาลาประจำหมู่บ้านบ้านไสคุณเปลือย,True,1,0,-1
ศรีนครินทร์,อ่างทอง,5,partylist,election_day,300,295,5,0,0,0,1,2,2,0,5,0,0,23,0,165,2,0,0,1,0,3,0,2,0,0,0,0,33,1,1,1,16,0,0,0,0,0,0,0,1,0,3,22,3,0,0,0,0,2,0,1,0,5,0,0,0,0,0,0,0,295,0,0.0166666666666666,0.0,0.9833333333333332,165.0,0.559322033898305,0.447457627118644,1.7030437131329286,99.16666666666669,False,True,UNUSUAL_VOTING_PATTERN,207,7.5564909,99.9744535,ศาลาอเนกประสงค์บ้านปากแพรก,True,1,0,16
ศรีนครินทร์,อ่างทอง,8,partylist,election_day,250,229,21,0,0,0,0,0,1,0,0,0,0,28,0,135,2,0,0,0,0,2,0,2,0,0,0,0,24,0,0,0,3,0,0,0,0,0,0,0,2,1,0,22,2,0,0,0,0,0,0,0,1,4,0,0,0,0,0,0,0,229,0,0.084,0.0,0.916,135.0,0.5895196506550219,0.4672489082969432,1.4356323380851972,95.8,True,True,UNUSUAL_VOTING_PATTERN,210,7.5564909,99.9744535,ศาลาอเนกประสงค์บ้านเกาะขัน,True,1,1,16
ศรีบรรพต,เขาปู่,4,partylist,election_day,298,274,11,13,0,0,0,0,0,0,0,0,0,35,1,153,1,0,0,0,0,10,0,0,1,3,0,0,31,0,0,1,1,0,0,0,0,1,0,0,5,1,1,17,3,0,0,0,0,2,1,0,0,5,0,0,0,0,1,0,0,274,0,0.0369127516778523,0.0436241610738255,0.9194630872483222,153.0,0.5583941605839416,0.4306569343065693,1.6138193017874227,97.28187919463087,False,True,UNUSUAL_VOTING_PATTERN,231,7.7451902,99.8041245,ศาลาประจำหมู่บ้าน บ้านทุ่งยูง หมู่ที่ 4,True,1,1,-1
ศรีบรรพต,เขาปู่,5,partylist,election_day,253,233,9,11,0,0,0,0,1,0,1,0,0,30,0,153,1,0,0,0,0,1,0,0,0,0,0,0,13,0,0,3,4,0,0,0,0,0,0,0,1,0,0,10,6,0,0,0,0,1,0,0,2,4,0,1,0,1,0,0,0,233,0,0.0355731225296442,0.0434782608695652,0.9209486166007904,153.0,0.6566523605150214,0.5278969957081545,1.354102149139523,97.35177865612648,False,True,UNUSUAL_VOTING_PATTERN,232,7.717472799999999,99.8431866,ศาลาประจำหมู่บ้าน บ้านด่าน หมู่ที่ 5,True,1,1,-1
ศรีบรรพต,เขาปู่,9,partylist,election_day,290,278,2,10,0,0,0,0,0,0,0,1,0,47,0,176,2,0,1,0,0,5,0,0,0,0,0,0,27,0,0,1,3,0,0,0,0,0,0,0,0,0,0,6,5,1,0,1,0,0,0,0,0,1,0,0,0,0,0,0,1,278,0,0.0068965517241379,0.0344827586206896,0.9586206896551724,176.0,0.6330935251798561,0.4640287769784172,1.2697909591725147,98.96551724137932,False,True,UNUSUAL_VOTING_PATTERN,236,7.704519400000001,99.8236533,ศาลาประจำหมู่บ้าน บ้านในวัง หมู่ที่ 9,True,1,0,18
ศรีบรรพต,เขาย่า,9,partylist,election_day,375,360,10,5,0,1,0,0,0,0,2,0,0,38,0,199,4,0,1,1,1,1,0,0,1,0,0,0,61,2,0,2,7,0,0,0,2,1,0,0,1,0,0,10,11,3,0,1,0,2,0,0,0,8,0,1,0,0,0,0,0,361,1,0.0266666666666666,0.0133333333333333,0.96,199.0,0.5527777777777778,0.3833333333333333,1.6290681845711623,78.12222222222223,False,False,INCOMPLETE_DOCUMENT,247,7.7206497,99.8865912,ศาลาประจำหมู่บ้าน บ้านสำนักวา หมู่ที่ 9,True,1,1,-1
ศรีบรรพต,เขาย่า,10,partylist,election_day,446,416,22,8,0,1,0,0,0,1,1,0,0,32,2,286,2,0,1,1,0,2,0,0,0,2,1,0,47,0,0,0,1,0,0,0,0,0,0,0,4,1,1,10,5,0,0,0,0,1,0,0,2,10,0,1,0,1,0,0,0,416,0,0.0493273542600896,0.0179372197309417,0.9327354260089686,286.0,0.6875,0.5745192307692307,1.2805658257983492,97.17488789237667,False,True,UNUSUAL_VOTING_PATTERN,248,7.737366799999999,99.9101915,ศาลาประจำหมู่บ้าน บ้านหูหนาน หมู่ที่ 10,True,1,0,-1
ควนขนุน,แพรกหา,8,partylist,election_day,385,371,8,6,1,0,0,0,0,0,1,0,0,34,2,220,1,0,0,0,0,5,0,1,0,0,1,0,68,0,0,3,3,0,0,0,1,0,0,0,0,1,0,12,0,0,0,0,0,1,0,1,0,6,0,0,0,2,1,0,0,365,6,0.0207792207792207,0.0155844155844155,0.9636363636363636,220.0,0.5929919137466307,0.4097035040431266,1.3755090505258132,77.03209997549621,False,False,INCOMPLETE_DOCUMENT,256,7.674832,100.003384,ศาลาประจำหมู่บ้านบ้านควนน้อย,True,1,1,19
ควนขนุน,แหลมโตนด,7,partylist,election_day,323,313,8,2,0,0,0,0,0,0,0,0,0,28,1,233,2,0,0,0,0,1,1,0,0,0,0,0,12,0,0,1,3,0,0,0,2,0,0,0,1,0,1,17,6,0,0,0,0,0,0,0,1,2,0,0,0,1,0,0,0,313,0,0.0247678018575851,0.0061919504643962,0.9690402476780186,233.0,0.744408945686901,0.6549520766773163,1.0830004129783066,98.63777089783282,True,True,UNUSUAL_VOTING_PATTERN,263,7.3838149,100.2598974,ศาลาประจำหมู่บ้านบ้านบนลาน,True,1,0,2
ควนขนุน,โตนดด้วน,1,partylist,election_day,262,248,7,7,0,0,0,0,1,0,0,0,1,28,0,112,4,0,0,0,0,1,1,0,0,1,0,0,68,0,0,1,7,1,0,0,0,0,0,0,0,0,0,11,1,1,0,0,0,0,0,5,0,3,0,0,0,1,0,0,0,248,0,0.0267175572519083,0.0267175572519083,0.9465648854961832,112.0,0.4516129032258064,0.1774193548387097,1.619934606089356,98.1297709923664,False,True,UNUSUAL_VOTING_PATTERN,266,7.7160528,100.0191857,ศาลาประจำหมู่บ้านบ้านไสคำ,True,1,1,0
ควนขนุน,โตนดด้วน,2,partylist,election_day,596,559,37,0,0,0,0,0,0,0,6,0,2,86,0,248,5,1,0,1,0,1,1,0,0,0,0,0,145,1,1,2,3,0,1,1,0,0,0,1,3,2,2,34,4,0,0,0,0,1,0,2,0,3,0,1,0,1,0,0,0,559,0,0.0620805369127516,0.0,0.9379194630872484,248.0,0.443649373881932,0.184257602862254,1.615793921741359,96.89597315436242,False,True,UNUSUAL_VOTING_PATTERN,267,7.713701899999998,100.0255558,ศาลาประจำหมู่บ้านบ้านโคกโดน,True,1,1,0
ควนขนุน,โตนดด้วน,6,partylist,election_day,226,208,12,6,0,0,1,0,0,0,1,0,0,31,0,110,0,0,0,0,0,0,0,0,0,0,0,0,49,0,0,0,0,0,0,0,0,0,0,0,1,0,0,8,0,0,0,0,0,0,1,0,2,1,0,1,0,1,0,1,0,208,0,0.0530973451327433,0.0265486725663716,0.9203539823008848,110.0,0.5288461538461539,0.2932692307692308,1.3364444985561996,96.81415929203538,False,True,UNUSUAL_VOTING_PATTERN,271,7.7160528,100.0191857,ศาลาประจำหมู่บ้านบ้านหนักกุล,True,1,1,0
ควนขนุน,โตนดด้วน,8,partylist,election_day,341,328,11,2,0,0,0,1,0,0,2,0,0,38,1,135,3,0,0,1,0,3,1,0,0,1,0,0,116,0,0,2,2,0,0,0,2,0,0,0,1,0,1,11,0,0,0,0,0,1,0,0,0,3,0,1,0,2,0,0,0,328,0,0.032258064516129,0.0058651026392961,0.9618768328445748,135.0,0.4115853658536585,0.0579268292682926,1.5398042738368165,98.26979472140762,False,True,UNUSUAL_VOTING_PATTERN,273,7.7160528,100.0191857,ศาลาประจำหมู่บ้านบ้านไสโดน,True,1,1,0
